slug,name,category,composition,dosageForm,strength,brand,packaging,moq,price,description,images,certifications,indiaMartId,indiaMartCategory,source,productUrl,spec:Aceclofenac Strength,spec:Active Drug,spec:Active Ingredient,spec:Additives,spec:Age Group,spec:Also gives,spec:Application,spec:Area of Application,spec:Body Material,spec:Bottle Size,spec:Bottle Volume,spec:Box Packing,spec:Brand,spec:Brand Name,spec:Brand Type,spec:Capsules per Pack,spec:Categories,spec:Co-receptor Type,spec:Color,spec:Colour,spec:Combination,spec:Compatibility,spec:Composition (Salt),spec:Composition (Salts),spec:Composition Type,spec:Compositon,spec:Compostion,spec:Concern,spec:Container Type,spec:Country of Origin,spec:Cycle Pack,spec:Dapagliflozin Strength,spec:Dapoxetine Strength,spec:Delivery Form,spec:Desogestrel Strength,spec:Dietary Preference,spec:Diluent Volume,spec:Dosage,spec:Dosage Instructions,spec:Dosage Strength,spec:Dosage form,spec:Dosage/Strength,spec:Dose,spec:Dose Form,spec:Dose Increment,spec:Dose Route,spec:Dose Strength,spec:Dose Type,spec:Dose/Strength,spec:Drug Class,spec:Drug Composition,spec:Drug Form,spec:Drug Schedule,spec:Drug Strength,spec:Flavor,spec:Form Of Medicines,spec:Form of D3,spec:Formulation,spec:Formulation Type,spec:Generic Name,spec:Genotype Coverage,spec:Grade,spec:Hormone Type,spec:Ideal For,spec:Indication,spec:Injection Type,spec:Isomer Type,spec:Key Vitamin,spec:Key Vitamin Strength,spec:Lornoxicam Strength,spec:Manufactured By,spec:Manufacturer,spec:Manufacturer Name,spec:Manufacturers,spec:Marketer,spec:Metformin Strength,spec:Number of Units per Pack,spec:Onset Profile,spec:Organic,spec:Pack  Size,spec:Pack  Type,spec:Pack Configuration,spec:Pack Includes,spec:Pack Quantity,spec:Pack size,spec:Packaging,spec:Packaging Configuration,spec:Packaging Volume,spec:Packaging size,spec:Packaging type,spec:Packing Type,spec:Paracetamol Strength,spec:Patient Group,spec:Pen Type,spec:Pharmacopeia Standard,spec:Pharmacopoeia Standard,spec:Physical Form,spec:Prescription,spec:Prescription Required,spec:Prescription Status,spec:Prescription Type,spec:Prescription/ Non Prescription,spec:Prescription/Non Prescription,spec:Prescription/Non prescription,spec:Prescription/Non-Prescription,spec:Prescription/Non-prescription,spec:Preservative,spec:Product Type,spec:Professional Care,spec:Purity,spec:Quality & Regulatory Standards,spec:Quantity Unit,spec:Quantity per Pack,spec:Release Form,spec:Release Type,spec:Route,spec:Route Of Administration,spec:Route of Administration,spec:SALT COMPOSITION,spec:SALT COMPOSITION Sildenafil (100mg),spec:Salt Form,spec:Schedule,spec:Serratiopeptidase,spec:Shape,spec:Shelf Life,spec:Shelf life,spec:Side Effect,spec:Side Effects,spec:Sildenafil Strength,spec:Skin Type,spec:Storage,spec:Storage Condition,spec:Storage Conditions,spec:Storage Temp,spec:Storage Temperature,spec:Strength,spec:Sugar Content,spec:Sugar Status,spec:Sugar Type,spec:Tablets Per Pack,spec:Tablets Per Strip,spec:Tablets per Pack,spec:Tablets per Strip,spec:Target Audience,spec:Target User,spec:Therapeutic Use,spec:Therapy Area,spec:Therapy Type,spec:Treatment,spec:Treatment Duration,spec:Treatment Type,spec:Treatment Use,spec:Treatment use,spec:Unit Volume,spec:Usage,spec:Usage / Application,spec:Usage Area,spec:Usage Time,spec:Usage/Application,spec:Usages,spec:Use Case,spec:Variant,spec:Vial Volume,spec:Vitamin D Strength,spec:Volume Per Ampoule,spec:With B Complex
0-1-supatret-tretinoin-gel-132155,0.1% Supatret Tretinoin Gel,Creams,,,0.1%,,Pack Size: 20 g,,Price on request,"Supatret 0.1% Gel is a high-strength, prescription-grade topical retinoid (vitamin A derivative) containing \(0.1\%\) tretinoin, formulated to treat severe acne, reduce fine lines, and improve skin texture by boosting cell turnover. It effectively unclogs pores, reduces sebum, and treats sun-damaged skin but often causes initial irritation, peeling, and increased sensitivity to sunlight. [1, 2, 3]",/images/medicines/0-1-supatret-tretinoin-gel-132155-1.webp | /images/medicines/0-1-supatret-tretinoin-gel-132155-2.webp | /images/medicines/0-1-supatret-tretinoin-gel-132155-3.webp,,2859592132155,,novamedsolutions.in,/catalog/0-1-supatret-tretinoin-gel-132155,,,,,,,,,,,,,,,,,,,,,,,,,,,,Acne Marks,,,,,,,,,,,,,,,,,,,,,,,,,,,,,,Gel,,,,,,,,,,,,,,,,,,,,,,,,,,,,,,,,,,,,,,,,OTC,,,,,,,,,,,,,,,,,,,,,,,,,,,36 months,,,,,Acne Prone Skin,,,,,,,,,,,,,,,,,,,,,,,,,,,Face,As Directed,,,,,,,,
0-15mg-noveheal-desogestrel-ethinyl-estradiol-tablets-159812,0.15mg Noveheal Desogestrel Ethinyl Estradiol Tablets,Tablets,,,,Noveheal,Packaging Type: Blister,,Price on request,Noveheal Tablet is a combination of two medicines used for contraception (to prevent pregnancy) and in the treatment of irregular periods. It helps to prevent the release of the egg and its fertilization by the sperm. It may also help to reduce the risk of ovarian cancer. available with 70% savings!,/images/medicines/0-15mg-noveheal-desogestrel-ethinyl-estradiol-tablets-159812-1.jpg | /images/medicines/0-15mg-noveheal-desogestrel-ethinyl-estradiol-tablets-159812-2.webp | /images/medicines/0-15mg-noveheal-desogestrel-ethinyl-estradiol-tablets-159812-3.jpg,,2859592159812,,novamedsolutions.in,/catalog/0-15mg-noveheal-desogestrel-ethinyl-estradiol-tablets-159812,,,,,,,,,,,,,,,,,,,,,,,,,,,,,,,21 tablets,,,,0.15 mg,,,,,,,,,,,,,,,,,,,,,,,,,,,,Progesterone Only,,,,,,,,,,,,,,,,,,,,,,,,,,,,,,,,,,,Prescription Only,,,,,,,,,,,,,,,,,,,,,,,,,,,36 months,,,,,,Store Below 25°C,,,,,,,,,,,,,,,,,,,,,,,,Contraception,,,,,,,,,,,
0-2-brimonidine-tartrate-ophthalmic-solution-lution,0.2% Brimonidine Tartrate Ophthalmic Solution,Eye Drops,,Eye Drop,0.2%,,,,Price on request,0.2% Brimonidine Tartrate ophthalmic solution is prescribed to reduce elevated eye pressure in glaucoma and ocular hypertension patients.,/images/medicines/0-2-brimonidine-tartrate-ophthalmic-solution-lution-1.webp | /images/medicines/0-2-brimonidine-tartrate-ophthalmic-solution-lution-2.webp | /images/medicines/0-2-brimonidine-tartrate-ophthalmic-solution-lution-3.webp,,,,novamedsolutions.in,/catalog/0-2-brimonidine-tartrate-ophthalmic-solution-lution,,,,,,,,,,,3 ml,,,,,,,,,,With Timolol,,,,,,,,,,,,,,,,,,,,,,,,,,,,,,,,,,,,,,,,,,,,,,,,,,,,,,,,,,,,,,,,,,,,,,,,Adult & Paediatric,,,,,,,,,,,,,,Preservative Free,,,,,,,,,,,,,,,,,,,,,,,,,,,,,,,,,,,,,,,,,,,,,,,,,,,,,,Ocular Hypertension,,,,,
0-3mg-voltend-r-voglibose-and-repaglinide-tablets-ablets,0.3mg Voltend R Voglibose And Repaglinide Tablets,Tablets,Voglibose,,0.3 mg,,Pack Size: 10x10 tablets,,Price on request,0.3mg Voltend R tablets containing Voglibose and Repaglinide are used for effective blood sugar management in Type 2 Diabetes.,/images/medicines/0-3mg-voltend-r-voglibose-and-repaglinide-tablets-ablets-1.webp | /images/medicines/0-3mg-voltend-r-voglibose-and-repaglinide-tablets-ablets-2.webp | /images/medicines/0-3mg-voltend-r-voglibose-and-repaglinide-tablets-ablets-3.webp,,,,novamedsolutions.in,/catalog/0-3mg-voltend-r-voglibose-and-repaglinide-tablets-ablets,,,,,,,,,,,,,,,,,,,,,,,,,,,,,,,,,,,,,,,,,,,,,,,,,,,,,,,,,,,,,,,,,,,,,,,,,,,,,,,,,,,,,,,,,,,,,,,,,,,,,,,,,,,,,,,,,,,Immediate Release,,,,,,,,,,36 months,,,,,,,,,,,,,Sugar Free,,,,,,,,,,,,,,,,,Type 2 Diabetes,,,,,,,,,,,
0-5mg-entavir-entecavir-tablets-ablets,0.5mg Entavir Entecavir Tablets,Tablets,,Tablet,0.5 mg,Entavir,Packaging Size: 50 tablets; Packaging Type: Blister,,Price on request,0.5mg Entavir Entecavir tablets are used for the treatment of chronic Hepatitis B infection and help reduce viral activity in the liver.,/images/medicines/0-5mg-entavir-entecavir-tablets-ablets-1.webp | /images/medicines/0-5mg-entavir-entecavir-tablets-ablets-2.webp | /images/medicines/0-5mg-entavir-entecavir-tablets-ablets-3.webp,,,,novamedsolutions.in,/catalog/0-5mg-entavir-entecavir-tablets-ablets,,,,,,,,,,,,,,,,,,,,,,,,,,,,,,,,,,,,,,,,,,,,,,,,,,,,,,,,,,,,,,,,,,,,,,,,,,,,,,,,,,,,,,,,,,,,,,,,,,Prescription,,,,,,,,,,,,,,,,,,,,,,,,,,,36 months,,,,,,,,,,,,,,,,,,,,,,,,,,,Chronic hepatitis B,,,,,,,,,,,,,,
0-75mg-0-5ml-trulicity-dulaglutide-injection-ection,0.75mg 0.5ml Trulicity Dulaglutide Injection,Injections,,,0.75 mg/0.5 ml,Trulicity,Pack Size: 1 prefilled pen,,Price on request,0.75mg/0.5ml Trulicity Dulaglutide injection is used for managing Type 2 Diabetes and supporting blood sugar control.,/images/medicines/0-75mg-0-5ml-trulicity-dulaglutide-injection-ection-1.webp | /images/medicines/0-75mg-0-5ml-trulicity-dulaglutide-injection-ection-2.webp | /images/medicines/0-75mg-0-5ml-trulicity-dulaglutide-injection-ection-3.webp,,,,novamedsolutions.in,/catalog/0-75mg-0-5ml-trulicity-dulaglutide-injection-ection,,,,,,,Type 2 Diabetes,,,,,,,,,,,,,,,,,,,,,,,,,,,Prefilled Pen,,,,,,,,,,,,,,,,,,,,,,,,,,,,,,,,,,,,,,,,,,,,,,,,,,,,,,,,,,,,,,,,,,,Rx Only,,,,,,,,,,,,,,,,,,,,,,,,30 months,,,,,,,,,,2–8°C,,,,,,,,,,,,,,,,,,,,Human Use,,,,,,,,,,,
1-ivera-ivermectin-cream-tube-187988,1% Ivera Ivermectin Cream Tube,Creams,,Cream,1 %,Ajanta,Pack Size: 30 g; Packaging Type: Tube,,Price on request,"1% Ivera Ivermectin cream tube is used for rosacea, inflammatory skin conditions, and parasitic skin infections.",/images/medicines/1-ivera-ivermectin-cream-tube-187988-1.webp | /images/medicines/1-ivera-ivermectin-cream-tube-187988-2.webp | /images/medicines/1-ivera-ivermectin-cream-tube-187988-3.webp,,2859592187988,,novamedsolutions.in,/catalog/1-ivera-ivermectin-cream-tube-187988,,,,,,,,,,,,,,,,,,,,,,,,,,,,,,,,,,,,,,,,,,,,,,,,,,,,,,,,,,,,,,,,,,,,,,,,,,,,,,,,,,,,,,,,,,,,,,,,,,Prescription,,,,,,,,,,,,,,,,,,,,,,,,,,,36 Month,,,,,All Skin Types,,,,,,,,,,,,,,,,,,,Scabies,,,,,,,,Body,,,,,,,,,
1-iverheal-ivermectin-cream-tube-186612,1% Iverheal Ivermectin Cream Tube,Creams,,Cream,1 %,Iverheal,Pack Size: 30 g; Packaging Type: Tube,,Price on request,1% Iverheal Ivermectin Cream Tube is an effective medication used in the treatment of anti-parasitic conditions. 1% Iverheal Ivermectin cream tube is used for rosacea and parasitic skin infection treatment.,/images/medicines/1-iverheal-ivermectin-cream-tube-186612-1.webp | /images/medicines/1-iverheal-ivermectin-cream-tube-186612-2.webp | /images/medicines/1-iverheal-ivermectin-cream-tube-186612-3.webp,,2859592186612,,novamedsolutions.in,/catalog/1-iverheal-ivermectin-cream-tube-186612,,,,,,,,,,,,,,,,,,,,,,,,,,,,,,,,,,,,,,,,,,,,,,,,,,,,,,,,,,,,,,,,,,,,,,,,,,,,,,,,,,,,,,,,,,,,,,,,,,Non Prescription,,,,,,,,,,,,,,,,,,,,,,,,,,,36 Month,,,,,All Skin Types,,,,,,,,,,,,,,,,,,,Parasitic Infestation,,,,,,,,Body,,,,,,,,,
10-50mg-istavel-d-dapaglifloxin-and-sitagliptin-tablet-tablet,10 50mg Istavel D Dapaglifloxin And Sitagliptin Tablet,Tablets,Sitagliptin,,50 mg,Istavel D,Pack Size: 15 tablets,,Price on request,10/50mg Istavel D tablets containing Dapagliflozin and Sitagliptin are used for effective management of Type 2 Diabetes.,/images/medicines/10-50mg-istavel-d-dapaglifloxin-and-sitagliptin-tablet-tablet-1.webp | /images/medicines/10-50mg-istavel-d-dapaglifloxin-and-sitagliptin-tablet-tablet-2.webp | /images/medicines/10-50mg-istavel-d-dapaglifloxin-and-sitagliptin-tablet-tablet-3.webp,,,,novamedsolutions.in,/catalog/10-50mg-istavel-d-dapaglifloxin-and-sitagliptin-tablet-tablet,,,,,,,,,,,,,,,,,,,,,,,,,,,,,,,,,,,,,,,,,,,,,,,,,,,,,,,,,,,,,,,,,,,,,,,,,,,,,,,,,,,,,,,,,,,,,,,,,,,,,,,,,,,,,,,,,,,Immediate Release,,,,,,,,,,36 months,,,,,,,,,,,,,Sugar Free,,,,,,,,,,,,,,,,,Type 2 Diabetes,,,,,,,,,,,
100-mg-acimol-sp-aceclofenac-and-serratiopeptidase-tablets-153991,100 Mg Acimol SP Aceclofenac And Serratiopeptidase Tablets,Tablets,,Tablet,,Acimol SP,Packaging Size: 20x10 tablets; Packaging Type: Strip,,Price on request,"id=""100-mg-acimol-sp-aceclofenac-and-serratiopeptidase-tablets"" class=""pa mr34"">",/images/medicines/100-mg-acimol-sp-aceclofenac-and-serratiopeptidase-tablets-153991-1.webp | /images/medicines/100-mg-acimol-sp-aceclofenac-and-serratiopeptidase-tablets-153991-2.webp | /images/medicines/100-mg-acimol-sp-aceclofenac-and-serratiopeptidase-tablets-153991-3.webp,,2859592153991,,novamedsolutions.in,/catalog/100-mg-acimol-sp-aceclofenac-and-serratiopeptidase-tablets-153991,100 mg,,,,,,,,,,,,,,,,,,,,,,,,,,,,,,,,,,,,,,,,,,,,,,,,,,,,,,,,,,,,,,,,,,,,,,,,,,,,,,,,,,,,,,,,,,,,,,,,,,,,,,,,,,,,,,,,,,,,,,,,,,15 mg,,36 months,,,,,,,,,,,,,,,,,,,,,,,,,,,,,,Pain Relief,,,,,,,,,,,
100000iu-nystatin-ointment-ntment,100000IU Nystatin Ointment,Creams,,Ointment,,,Pack Size: 60 g; Packaging Type: Tube,,Price on request,100000IU Nystatin Ointment plays a vital role in managing general therapeutic-related health issues. 100000IU Nystatin ointment is used for the treatment of fungal skin infections and candidiasis.,/images/medicines/100000iu-nystatin-ointment-ntment-1.webp | /images/medicines/100000iu-nystatin-ointment-ntment-2.jpg | /images/medicines/100000iu-nystatin-ointment-ntment-3.webp,,,,novamedsolutions.in,/catalog/100000iu-nystatin-ointment-ntment,,,,,,,,,,,,,,,,,,,,,,,,,Steroid,,,,,,,,,,,,,,,,,,,,,,,,,,,,,,,,,,,,,,,,Skin Infection,,,,,,,,,,,,,,,,,,,,,,,,,,,,,,,,,OTC,,,,,,,,,,,,,,,,,,,,,,,,,,,36 months,,,,,,,,,,,,,,,,,,,,,,,,,,,,,,,,,,,,,,,,,
1000mg-glucophage-metformin-tablet-168391,1000mg Glucophage Metformin Tablet,Tablets,,Tablet,1000 mg,Glucophage,Pack Size: 120 tablets; Packaging Type: Blister,,Price on request,Metform 1000mg Tablet SR is a medicine used to treat type 2 diabetes mellitus. It helps control blood sugar levels and thus prevents serious complications of diabetes. It is also used to treat a menstruation-related disorder known as polycystic ovary syndrome (PCOS) in women.,/images/medicines/1000mg-glucophage-metformin-tablet-168391-1.webp | /images/medicines/1000mg-glucophage-metformin-tablet-168391-2.webp | /images/medicines/1000mg-glucophage-metformin-tablet-168391-3.webp,,2859592168391,,novamedsolutions.in,/catalog/1000mg-glucophage-metformin-tablet-168391,,,,,,,,,,,,,,,,,,,,,,,,,,,,,,,,,,,,,,,,,,,,,,,,,,,,,,,,,,,,,,,,,,,,,,,,,,,,,,,,,,,,,,,,,,,,,,,,,,,,,Prescription,,,,,,,,,,,,,,Immediate,,,,,,,,,,36 months,,,,,,,,,,,,,,,,,,,,,,,,,,,,,,Type 2 Diabetes,,,,,,,,,,,
100iu-novorapid-fiasp-insulin-aspart-injection-ection,100IU Novorapid Fiasp Insulin Aspart Injection,Injections,Insulin Aspart,Vial,100 units/ml,Novorapid Fiasp,Pack Size: 10 ml vial,,Price on request,Fiasp Insulin Aspart 100IU Injection-Novorapid is widely prescribed for patients dealing with general therapeutic disorders. Fiasp Insulin Aspart 100IU injection is used for rapid blood sugar control in patients with Diabetes.,/images/medicines/100iu-novorapid-fiasp-insulin-aspart-injection-ection-1.webp | /images/medicines/100iu-novorapid-fiasp-insulin-aspart-injection-ection-2.webp | /images/medicines/100iu-novorapid-fiasp-insulin-aspart-injection-ection-3.webp,,,,novamedsolutions.in,/catalog/100iu-novorapid-fiasp-insulin-aspart-injection-ection,,,,,,,,,,,,,,,,,,,,,,,,,,,,,,,,,,,,,,,,,,,,,,,,,,,,,,,,,,,,,,,,,,,,,,,,,,,,,,,,,,,,,,,,,,,,,,,,,,,,,Prescription Only,,,,,,,,,,,,,,,,,,,,,,,,30 months,,,,,,,,,,2-8 deg C,,,,,,,,,,,,,,,,,,,,Type 2 Diabetes,,,,,,,,,,,
100mcg-arkacan-clonidine-tablet-136833,100mcg Arkacan Clonidine Tablet,Tablets,Clonidine Hydrochloride,,100 mcg,Arkacan,Packaging Size: 10 x 30 tablets; Packaging Type: Blister Pack,,Price on request,"Clonidine is used alone or together with other medicines to treat high blood pressure (hypertension). High blood pressure adds to the workload of the heart and arteries. If it continues for a long time, the heart and arteries may not function properly.",/images/medicines/100mcg-arkacan-clonidine-tablet-136833-1.webp | /images/medicines/100mcg-arkacan-clonidine-tablet-136833-2.jpeg | /images/medicines/100mcg-arkacan-clonidine-tablet-136833-3.webp,,2859592136833,,novamedsolutions.in,/catalog/100mcg-arkacan-clonidine-tablet-136833,,,,,,,,,,,,,,,,,,,,,,,,,,,,,,,,,,,,,,,As Directed By Physician,,,,,,,,,,,,,,,,,,,,,,,,,,,,,,,,,Healing Pharma,,,,,,,,,,,,,,,,,,,,,,,,,,,,,,,,,,,,,,,,,,,,,,,,,,,,,36 month,,,,,,,Store In Cool And Dry Place,,,,,,,,,,,,,,,,,ADHD,,,,,,,,,,,,,,,,,
100mcg-thyronorm-thyroxine-sodium-tablets-159197,100mcg Thyronorm Thyroxine Sodium Tablets,Tablets,,,100 mcg,Thyronorm,,,Price on request,100mcg Thyronorm Thyroxine Sodium tablets are used for hypothyroidism and thyroid hormone replacement therapy.,/images/medicines/100mcg-thyronorm-thyroxine-sodium-tablets-159197-1.webp | /images/medicines/100mcg-thyronorm-thyroxine-sodium-tablets-159197-2.webp | /images/medicines/100mcg-thyronorm-thyroxine-sodium-tablets-159197-3.webp,,2859592159197,,novamedsolutions.in,/catalog/100mcg-thyronorm-thyroxine-sodium-tablets-159197,,,,,,,,,,,,,,,,,,,,,,,,,,,,,,,,,,,,,,,,,Tablet,,,,,,,,,,,,,,,,,,,,,,,,,,,,,,,,,,,,,,,,,,,,,,,,120 tablets,Bottle,,,,,,,,,,,Prescription,,,,,,,,,,,,,,,,,,,,,,,,,36 months,,,,,Store in cool place,,,,,,,,,,,,,,,,,,,,,,Hypothyroidism,,,,,,,,,,,,,
100mg-abhiforce-sildenafil-citrate-tablets-142448,100mg Abhiforce Sildenafil Citrate Tablets,Tablets,Sildenafil,Tablet,100mg,Abhiforce,Packaging Size: 10 Tablets,,Price on request,100mg Abhiforce Sildenafil Citrate tablets are prescribed for erectile dysfunction and improving erection quality in men.,/images/medicines/100mg-abhiforce-sildenafil-citrate-tablets-142448-1.jpeg | /images/medicines/100mg-abhiforce-sildenafil-citrate-tablets-142448-2.jpeg | /images/medicines/100mg-abhiforce-sildenafil-citrate-tablets-142448-3.jpg,,2859592142448,,novamedsolutions.in,/catalog/100mg-abhiforce-sildenafil-citrate-tablets-142448,,,,,,,,,,,,,,,,,,,,,,,,,,,,,,,,,,,,,,,,,,,,,,,,,,,,,,,,,,,,,,,,Men,,,,,,,,Pfizer,,,,,,,,,,,,,,,,,,,,,,,,,,,,,,,,,,,,,,,,,,,,,,,,,,,,,,,,,,,,,,,,,,,,,,,,,,,,,,,,,,,,,,,,,,,,,,
100mg-acabrunat-acalabrutinib-capsules-psules,100mg Acabrunat Acalabrutinib Capsules,Capsules,Acalabrutinib 100 mg,Capsule,100 mg,Acabrunat,Pack Size: 30 capsules; Packaging Type: Bottle,,Price on request,100mg Acabrunat Acalabrutinib capsules are used for the treatment of mantle cell lymphoma and chronic lymphocytic leukemia.,/images/medicines/100mg-acabrunat-acalabrutinib-capsules-psules-1.webp | /images/medicines/100mg-acabrunat-acalabrutinib-capsules-psules-2.webp | /images/medicines/100mg-acabrunat-acalabrutinib-capsules-psules-3.webp,,,,novamedsolutions.in,/catalog/100mg-acabrunat-acalabrutinib-capsules-psules,,,,,,,,,,,,,,,,,,,,,,,,,,,,,,,,,,,,,,,,,,,,,,,,,,,,,,,,,,,,,,,,,"CLL, SLL",,,,,,,Intas,,,,,,,,,,,,,,,,,,,,,,,,,,,,,Rx Only,,,,,,,,,,,,,,,,,,,,,,,,,,,,,,,,,,,,,,,,,,,,,,,,,,,,,,,,,,,,,,,,,
100mg-acabrunat-acalaburtinib-capsules-165355,100mg Acabrunat Acalaburtinib Capsules,Capsules,Acalabrutinib 100 mg,Capsule,100 mg,Acabrunat,Pack Size: 30 capsules; Packaging Type: Bottle,,Price on request,100mg Acabrunat Acalabrutinib capsules are used for chronic lymphocytic leukemia and mantle cell lymphoma treatment.,/images/medicines/100mg-acabrunat-acalaburtinib-capsules-165355-1.webp | /images/medicines/100mg-acabrunat-acalaburtinib-capsules-165355-2.webp | /images/medicines/100mg-acabrunat-acalaburtinib-capsules-165355-3.webp,,2859592165355,,novamedsolutions.in,/catalog/100mg-acabrunat-acalaburtinib-capsules-165355,,,,,,,,,,,,,,,,,,,,,,,,,,,,,,,,,,,,,,,,,,,,,,,,,,,,,,,,,,,,,,,,,MCL,,,,,,,Intas,,,,,,,,,,,,,,,,,,,,,,,,,,,,,Rx Only,,,,,,,,,,,,,,,,,,,,,,,,,,,,,,,,,,,,,,,,,,,,,,,,,,,,,,,,,,,,,,,,,
100mg-bendit-bendamustine-hydrochloride-injection-165448,100mg Bendit Bendamustine Hydrochloride Injection,Injections,Bendamustine Hydrochloride,Solution for Injection,100 mg,Bendit,Packaging: Vial,,Price on request,100mg Bendit Bendamustine Hydrochloride injection is used for leukemia and non-Hodgkin lymphoma treatment.,/images/medicines/100mg-bendit-bendamustine-hydrochloride-injection-165448-1.webp | /images/medicines/100mg-bendit-bendamustine-hydrochloride-injection-165448-2.webp | /images/medicines/100mg-bendit-bendamustine-hydrochloride-injection-165448-3.webp | /images/medicines/100mg-bendit-bendamustine-hydrochloride-injection-165448-4.webp,,2859592165448,,novamedsolutions.in,/catalog/100mg-bendit-bendamustine-hydrochloride-injection-165448,,,,,,,,,,,,,,,,,,,,,,,,,,,,,,,,,,,,,,,,,,,,,,,,,,,,,,,,,,,,,,,,,,,,,,,,,,,,,,,,,,,,,,,,,,,,,,,,,,,,,,,,,,,,,,,,,,,,,,,,,,,,,48 months,,,,,,,,,,15-30 degree c,,,,,,,,,,,,,,Multiple Myeloma,,,,,,,,,,,,,,,,,
100mg-blueforce-1-sildenafil-citrate-tablets-ablets,100mg Blueforce 1 Sildenafil Citrate Tablets,Tablets,Sildenafil,Tablet,100mg,Blueforce 1,Packaging Size: 10 Tablets,,Price on request,100mg Blueforce 1 Sildenafil Citrate tablets are prescribed for erectile dysfunction and help achieve and maintain firm erections during sexual activity.,/images/medicines/100mg-blueforce-1-sildenafil-citrate-tablets-ablets-1.webp | /images/medicines/100mg-blueforce-1-sildenafil-citrate-tablets-ablets-2.webp | /images/medicines/100mg-blueforce-1-sildenafil-citrate-tablets-ablets-3.webp,,,,novamedsolutions.in,/catalog/100mg-blueforce-1-sildenafil-citrate-tablets-ablets,,,,,,,,,,,,,,,,,,,,,,,,,,,,,,,,,,,,,,,,,,,,,,,,,,,,,,,,,,,,,,,,Men,,,,,,,,Ajanta Pharma,,,,,,,,,,,,,,,,,,,,,,,,,,,,,,,,,,,,,,,,,,,,,,,,,,,,,,,,,,,,,,,,,,,,,,,,,,,,,,,,,,,,,,,,,,,,,,
100mg-cenforce-sildenafil-citrate-tablets-144030,100mg Cenforce Sildenafil Citrate Tablets,Tablets,Sildenafil Citrate,Tablet,,Cenforce,Packaging Size: 10 Tablets/Strip; Packaging Type: Blister Pack,,Price on request,100mg Cenforce Sildenafil Citrate tablets are prescribed for erectile dysfunction treatment and support stronger and sustained erections during sexual activity.,/images/medicines/100mg-cenforce-sildenafil-citrate-tablets-144030-1.png | /images/medicines/100mg-cenforce-sildenafil-citrate-tablets-144030-2.jpeg | /images/medicines/100mg-cenforce-sildenafil-citrate-tablets-144030-3.jpg,,2859592144030,,novamedsolutions.in,/catalog/100mg-cenforce-sildenafil-citrate-tablets-144030,,,,,,,,,,,,,,,,,,,,,,,,,,,,,,,,,,,,,,,,,,,,,,,,,,,,,,,,,,,,,,,,,,,,,,,,,,,,,100 tablets,,,,,,,,,,,,,,,,,,,,,,,,Prescription,,,,,,,,,,,,,,,,,,,,,,,,36 months,,,,100 mg,,,,,,,,,,,,,,,,,,,,,,,,,,,,,,,,,,,,,
100mg-chocogra-sildenafil-citrate-tablets-192497,100mg Chocogra Sildenafil Citrate Tablets,Tablets,Sildenafil,Tablet,100mg,,Packaging Size: 5 Tablets,,Price on request,100mg Chocogra Sildenafil Citrate tablets are prescribed for erectile dysfunction and male sexual wellness.,/images/medicines/100mg-chocogra-sildenafil-citrate-tablets-192497-1.webp | /images/medicines/100mg-chocogra-sildenafil-citrate-tablets-192497-2.webp | /images/medicines/100mg-chocogra-sildenafil-citrate-tablets-192497-3.webp,,2859592192497,,novamedsolutions.in,/catalog/100mg-chocogra-sildenafil-citrate-tablets-192497,,,,,,,,,,,,,,,,,,,,,,,,,,,,,,,,,,,,,,,,,,,,,,,,,,,,,,,,,,,,,,,,Men,,,,,,,,Sunrise Remedies,,,,,,,,,,,,,,,,,,,,,,,,,,,,,,,,,,,,,,,,,,,,,,,,,,,,,,,,,,,,,,,,,,,,,,,,,,,,,,,,,,,,,,,,,,,,,,
100mg-debiglip-vildagliptin-tablets-ablets,100mg Debiglip Vildagliptin Tablets,Tablets,Vildagliptin,,100 mg,Debiglip,Pack Size: 10x1x15 tablets,,Price on request,DEBIGLIP 100 M SR tablets are used for the management of Type 2 Diabetes and help maintain healthy blood sugar levels.,/images/medicines/100mg-debiglip-vildagliptin-tablets-ablets-1.jpg | /images/medicines/100mg-debiglip-vildagliptin-tablets-ablets-2.webp | /images/medicines/100mg-debiglip-vildagliptin-tablets-ablets-3.jpg,,,,novamedsolutions.in,/catalog/100mg-debiglip-vildagliptin-tablets-ablets,,,,,,,,,,,,,,,,,,,,,,,,,,,,,,,,,,,,,,,,,,,,,,,,,,,,,,,,,,,,,,,,,,,,,,,,,,,,,,,,,,,,,,,,,,,,,,,,,,,,,Rx Only,,,,,,,,,,,,,,Immediate Release,,,,,,,,,,36 months,,,,,,,,,,,,,,,,,,,,,,,,,,,,,,Type 2 Diabetes,,,,,,,,,,,
100mg-filagra-sildenafil-citrate-tablets-ablets,100mg Filagra Sildenafil Citrate Tablets,Tablets,Sildenafil,Tablet,100mg,Filagra,Packaging Size: 4 Tablets,,Price on request,100mg Filagra Sildenafil Citrate tablets are prescribed for erectile dysfunction and improved blood flow during sexual activity.,/images/medicines/100mg-filagra-sildenafil-citrate-tablets-ablets-1.webp | /images/medicines/100mg-filagra-sildenafil-citrate-tablets-ablets-2.webp | /images/medicines/100mg-filagra-sildenafil-citrate-tablets-ablets-3.webp,,,,novamedsolutions.in,/catalog/100mg-filagra-sildenafil-citrate-tablets-ablets,,,,,,,,,,,,,,,,,,,,,,,,,,,,,,,,,,,,,,,,,,,,,,,,,,,,,,,,,,,,,,,,Men,,,,,,,,Ajanta Pharma,,,,,,,,,,,,,,,,,,,,,,,,,,,,,,,,,,,,,,,,,,,,,,,,,,,,,,,,,,,,,,,,,,,,,,,,,,,,,,,,,,,,,,,,,,,,,,
100mg-fildena-ct-sildenafil-citrate-chewable-tablets-138530,100mg Fildena CT Sildenafil Citrate Chewable Tablets,Tablets,Sildenafil,Tablet,100 mg,Fildena,Packaging Size: 10 tablets; Packaging Type: Blister,,Price on request,100mg Fildena CT Sildenafil Citrate chewable tablets are used for quick relief from erectile dysfunction symptoms.,/images/medicines/100mg-fildena-ct-sildenafil-citrate-chewable-tablets-138530-1.webp | /images/medicines/100mg-fildena-ct-sildenafil-citrate-chewable-tablets-138530-2.webp | /images/medicines/100mg-fildena-ct-sildenafil-citrate-chewable-tablets-138530-3.webp,,2859592138530,,novamedsolutions.in,/catalog/100mg-fildena-ct-sildenafil-citrate-chewable-tablets-138530,,,,,,,,,,,,,,,,,,,,,,,,,,,,,,,,,,,,,,,,,,,,,,,,,,,,,,,,,,,,,,,,,,,,,,,,Fortune Healthcare,,,,,,,,,,,,,,,,,,,,,,,,,,Prescription,,,,,,,,,,,,,,,,,,,,,,,,,,,36 Months,,,,,,,,,,,,,,,,,,,,,,,,,,,,,,,,,,,,,,,,,
100mg-fildena-professional-sildenafil-citrate-sublingual-tablets-191773,100mg Fildena Professional Sildenafil Citrate Sublingual Tablets,Tablets,Sildenafil,Tablet,100 mg,Fildena,Packaging Size: 10 tablets; Packaging Type: Blister,,Price on request,"id=""100mg-fildena-professional-sildenafil-citrate-sublingual-tablets"" class=""pa mr34"">",/images/medicines/100mg-fildena-professional-sildenafil-citrate-sublingual-tablets-191773-1.webp | /images/medicines/100mg-fildena-professional-sildenafil-citrate-sublingual-tablets-191773-2.webp | /images/medicines/100mg-fildena-professional-sildenafil-citrate-sublingual-tablets-191773-3.webp,,2859592191773,,novamedsolutions.in,/catalog/100mg-fildena-professional-sildenafil-citrate-sublingual-tablets-191773,,,,,,,,,,,,,,,,,,,,,,,,,,,,,,,,,,,,,,,,,,,,,,,,,,,,,,,,,,,,,,,,,,,,,,,,Fortune Healthcare,,,,,,,,,,,,,,,,,,,,,,,,,,Prescription,,,,,,,,,,,,,,,,,,,,,,,,,,,36 Months,,,,,,,,,,,,,,,,,,,,,,,,,,,,,,,,,,,,,,,,,
100mg-fildena-sildenafil-citrate-tablets-ablets,100mg Fildena Sildenafil Citrate Tablets,Tablets,Sildenafil,Tablet,100 mg,Fildena,Packaging Size: 10 tablets; Packaging Type: Blister,,Price on request,100mg Fildena Sildenafil Citrate tablets are used to improve erectile function and sexual performance in men.,/images/medicines/100mg-fildena-sildenafil-citrate-tablets-ablets-1.webp | /images/medicines/100mg-fildena-sildenafil-citrate-tablets-ablets-2.webp | /images/medicines/100mg-fildena-sildenafil-citrate-tablets-ablets-3.webp,,,,novamedsolutions.in,/catalog/100mg-fildena-sildenafil-citrate-tablets-ablets,,,,,,,,,,,,,,,,,,,,,,,,,,,,,,,,,,,,,,,,,,,,,,,,,,,,,,,,,,,,,,,,,,,,,,,,Fortune Healthcare,,,,,,,,,,,,,,,,,,,,,,,,,,Prescription,,,,,,,,,,,,,,,,,,,,,,,,,,,24 Months,,,,,,,,,,,,,,,,,,,,,,,,,,,,,,,,,,,,,,,,,
100mg-fildena-super-active-sildenafil-softgel-capsules-140655,100mg Fildena Super Active Sildenafil Softgel Capsules,Capsules,Sildenafil,Tablet,100 mg,Fildena,Packaging Size: 10 tablets; Packaging Type: Blister,,Price on request,100mg Fildena Super Active Sildenafil Citrate softgel capsules are used for fast-acting erectile dysfunction treatment.,/images/medicines/100mg-fildena-super-active-sildenafil-softgel-capsules-140655-1.jpeg | /images/medicines/100mg-fildena-super-active-sildenafil-softgel-capsules-140655-2.jpeg | /images/medicines/100mg-fildena-super-active-sildenafil-softgel-capsules-140655-3.jpeg,,2859592140655,,novamedsolutions.in,/catalog/100mg-fildena-super-active-sildenafil-softgel-capsules-140655,,,,,,,,,,,,,,,,,,,,,,,,,,,,,,,,,,,,,,,,,,,,,,,,,,,,,,,,,,,,,,,,,,,,,,,,Fortune Healthcare,,,,,,,,,,,,,,,,,,,,,,,,,,Prescription,,,,,,,,,,,,,,,,,,,,,,,,,,,36 Months,,,,,,,,,,,,,,,,,,,,,,,,,,,,,,,,,,,,,,,,,
100mg-gabatop-gabapentin-capsules-153755,100mg Gabatop Gabapentin Capsules,Capsules,,Capsule,100 mg,,Pack Size: 30 capsules; Packaging Type: Blister,,Price on request,"100 mg Gabatop Capsules contain Gabapentin, a medication widely prescribed for the treatment of nerve-related conditions. It is primarily used to manage neuropathic pain and as an adjunct therapy for controlling certain types of seizures.",/images/medicines/100mg-gabatop-gabapentin-capsules-153755-1.webp | /images/medicines/100mg-gabatop-gabapentin-capsules-153755-2.webp | /images/medicines/100mg-gabatop-gabapentin-capsules-153755-3.webp,,2859592153755,,novamedsolutions.in,/catalog/100mg-gabatop-gabapentin-capsules-153755,,,,,,,,,,,,,,,Branded,,,,,,,,,,,,,,,,,,,,,,,,,,,,,,,,,,,,,,,,,,,,,,,,,,,,,,,,,,,,,,,,,,,,,,,,,,,,,,,,,,,Prescription,,,,,,,,,,,,,,,,,,,,,,,,,,,36 months,,,,,,,,,,,,,,,,,,,,,,,,,,,,,,Epilepsy,,,,,,,,,,,
100mg-hiforce-fm-sildenafil-citrate-tablets-ablets,100mg Hiforce FM Sildenafil Citrate Tablets,Tablets,,Tablet,100 mg,Hiforce,Packaging Size: 10x10 tablets; Packaging Type: Blister,,Price on request,Hiforce 100mg Tablet is a prescription medicine used to treat erectile dysfunction (impotence) in men. It works by increasing blood flow to the penis,/images/medicines/100mg-hiforce-fm-sildenafil-citrate-tablets-ablets-1.webp | /images/medicines/100mg-hiforce-fm-sildenafil-citrate-tablets-ablets-2.webp | /images/medicines/100mg-hiforce-fm-sildenafil-citrate-tablets-ablets-3.webp,,,,novamedsolutions.in,/catalog/100mg-hiforce-fm-sildenafil-citrate-tablets-ablets,,,,,,,,,,,,,,,,,,,,,,,,,,,,,,,,,,,,,,,,,,,,,,,,,,,,,,,,,,,,,,,,,,,,,,,,Healing Pharma,,,,,,,,,,,,,,,,,,,,,,,,,,Prescription,,,,,,,,,,,,,,,,,,,,,,,,,,,36 Months,,,,,,,,,,,,,,,,,,,,,,,,,,,,,,,,,,,,,,,,,
100mg-hiforce-sildenafil-citrate-tablets-ablets,100mg Hiforce Sildenafil Citrate Tablets,Tablets,Sildenafil,Tablet,100 mg,Hiforce,Packaging Size: 10x10 tablets; Packaging Type: Blister,,Price on request,100mg Hiforce Sildenafil Citrate tablets are used for erectile dysfunction treatment and enhanced sexual performance.,/images/medicines/100mg-hiforce-sildenafil-citrate-tablets-ablets-1.webp | /images/medicines/100mg-hiforce-sildenafil-citrate-tablets-ablets-2.webp | /images/medicines/100mg-hiforce-sildenafil-citrate-tablets-ablets-3.webp,,,,novamedsolutions.in,/catalog/100mg-hiforce-sildenafil-citrate-tablets-ablets,,,,,,,,,,,,,,,,,,,,,,,,,,,,,,,,,,,,,,,,,,,,,,,,,,,,,,,,,,,,,,,,,,,,,,,,Healing Pharma,,,,,,,,,,,,,,,,,,,,,,,,,,Prescription,,,,,,,,,,,,,,,,,,,,,,,,,,,36 Months,,,,,,,,,,,,,,,,,,,,,,,,,,,,,,,,,,,,,,,,,
100mg-imatib-imatinib-tablet-tablet,100mg Imatib Imatinib Tablet,Tablets,,Tablet,100 mg,Imatib,Packaging Size: 10 tablets,,Price on request,100mg Imatib Imatinib Tablet plays a vital role in managing anti-cancer-related health issues. 100mg Imatib Imatinib tablets are used for leukemia and gastrointestinal stromal tumor treatment.,/images/medicines/100mg-imatib-imatinib-tablet-tablet-1.webp | /images/medicines/100mg-imatib-imatinib-tablet-tablet-2.webp | /images/medicines/100mg-imatib-imatinib-tablet-tablet-3.jpg,,,,novamedsolutions.in,/catalog/100mg-imatib-imatinib-tablet-tablet,,Imatinib Mesylate,,,,,,,,,,,,,,,,,,,,,,,,,,,,,,,,,,,,,,,,,,,,,,,,,,,,,,,,,,,,,,,,,,,,,,,,,,,,,,,,,,,,,,,,,,,,,,,,Prescription,,,,,,,,,,,,,,,,,,,,,,,,,,,,,,,,,,,,,,,,,,,,,,,,,,,,,GIST,,,,,,,,,,,,,,,
100mg-isuvaz-isavuconazole-capsules-psules,100mg Isuvaz Isavuconazole Capsules,Capsules,,Capsule,100 mg,Isuvaz,Pack Size: 7 capsules,,Price on request,100mg Isuvaz Isavuconazole capsules are used for invasive fungal infections including aspergillosis and mucormycosis.,/images/medicines/100mg-isuvaz-isavuconazole-capsules-psules-1.webp | /images/medicines/100mg-isuvaz-isavuconazole-capsules-psules-2.webp | /images/medicines/100mg-isuvaz-isavuconazole-capsules-psules-3.webp,,,,novamedsolutions.in,/catalog/100mg-isuvaz-isavuconazole-capsules-psules,,,,,,,,,,,,,,,,,,,,,,,,,,,,,,,,,,,,,,,,,,,,,,,,,,,,,,,,,,,,,,,,,,,,,,,,,,,,,,,,,,,,,,,,,,,Blister,,,,,,,,,,,,,,,,,,,,,,,,,,,,,,,,,,36 months,,,,,,,,,,,,,,,,,,,,,,,,,,,,,,Export,,,,,,,,,,,
100mg-itrovance-itraconazole-capsule-171130,100mg Itrovance Itraconazole Capsule,Capsules,Itraconazole,Capsule,100 mg,Itrovance,Pack Size: 10 capsules,,Price on request,100mg Itrovance Itraconazole capsules are prescribed for fungal infections affecting different parts of the body.,/images/medicines/100mg-itrovance-itraconazole-capsule-171130-1.webp | /images/medicines/100mg-itrovance-itraconazole-capsule-171130-2.webp | /images/medicines/100mg-itrovance-itraconazole-capsule-171130-3.webp,,2859592171130,,novamedsolutions.in,/catalog/100mg-itrovance-itraconazole-capsule-171130,,,,,,,,,,,,,,,,,,,,,,,,,,,,,,,,,,,,,,,,,,,,,,,,,,,,,,,,,,,,,,,,,,,,,,,,,,,,,,,,,,,,,,,,,,,Blister,,,,,,,,,,,,,,,,,,,,,,,,Sustained release,,,,,,,,,,36 months,,,,,,,,,,,,,,,,,,,,,,,,,,,,,,,,,,,,,,,,,
100mg-kamagra-gold-sildenafil-citrate-tablets-ablets,100mg Kamagra Gold Sildenafil Citrate Tablets,Tablets,Sildenafil,Tablet,100 mg,Kamagra,Packaging Size: 4 tablets; Packaging Type: Blister,,Price on request,"Kamagra Gold tablets contain Sildenafil Citrate, a PDE5 inhibitor primarily used to treat erectile dysfunction (ED) in men. It improves blood flow to the penis, helping men achieve and maintain a firm erection during sexual stimulation.",/images/medicines/100mg-kamagra-gold-sildenafil-citrate-tablets-ablets-1.webp | /images/medicines/100mg-kamagra-gold-sildenafil-citrate-tablets-ablets-2.webp | /images/medicines/100mg-kamagra-gold-sildenafil-citrate-tablets-ablets-3.webp,,,,novamedsolutions.in,/catalog/100mg-kamagra-gold-sildenafil-citrate-tablets-ablets,,,,,,,,,,,,,,,,,,,,,,,,,,,,,,,,,,,,,,,,,,,,,,,,,,,,,,,,,,,,,,,,,,,,,,,,Ajanta Pharma,,,,,,,,,,,,,,,,,,,,,,,,,,Prescription,,,,,,,,,,,,,,,,,,,,,,,,,,,36 Months,,,,,,,,,,,,,,,,,,,,,,,,,,,,,,,,,,,,,,,,,
100mg-kamagra-sildenafil-citrate-chewable-tablets-137755,100mg Kamagra Sildenafil Citrate Chewable Tablets,Tablets,Sildenafil,Tablet,100 mg,Kamagra,Packaging Size: 4 tablets; Packaging Type: Blister,,Price on request,100mg Kamagra Sildenafil Citrate chewable tablets are prescribed for erectile dysfunction and enhanced male sexual wellness.,/images/medicines/100mg-kamagra-sildenafil-citrate-chewable-tablets-137755-1.webp | /images/medicines/100mg-kamagra-sildenafil-citrate-chewable-tablets-137755-2.webp | /images/medicines/100mg-kamagra-sildenafil-citrate-chewable-tablets-137755-3.webp | /images/medicines/100mg-kamagra-sildenafil-citrate-chewable-tablets-137755-4.webp,,2859592137755,,novamedsolutions.in,/catalog/100mg-kamagra-sildenafil-citrate-chewable-tablets-137755,,,,,,,,,,,,,,,,,,,,,,,,,,,,,,,,,,,,,,,,,,,,,,,,,,,,,,,,,,,,,,,,,,,,,,,,Ajanta Pharma,,,,,,,,,,,,,,,,,,,,,,,,,,Prescription,,,,,,,,,,,,,,,,,,,,,,,,,,,36 Months,,,,,,,,,,,,,,,,,,,,,,,,,,,,,,,,,,,,,,,,,
100mg-kamagra-sildenafil-citrate-effervescent-tablets-ablets,100mg Kamagra Sildenafil Citrate Effervescent Tablets,Tablets,Sildenafil,Tablet,100 mg,Kamagra,Packaging Size: 7 tablets; Packaging Type: Bottle,,Price on request,"Kamagra Effervescent 100mg tablets contain sildenafil citrate and are used to treat erectile dysfunction. The dissolvable, orange-flavored tablets are designed to be dropped into a glass of water. This method allows for rapid absorption directly into the bloodstream.",/images/medicines/100mg-kamagra-sildenafil-citrate-effervescent-tablets-ablets-1.webp | /images/medicines/100mg-kamagra-sildenafil-citrate-effervescent-tablets-ablets-2.webp | /images/medicines/100mg-kamagra-sildenafil-citrate-effervescent-tablets-ablets-3.webp,,,,novamedsolutions.in,/catalog/100mg-kamagra-sildenafil-citrate-effervescent-tablets-ablets,,,,,,,,,,,,,,,,,,,,,,,,,,,,,,,,,,,,,,,,,,,,,,,,,,,,,,,,,,,,,,,,,,,,,,,,Ajanta Pharma,,,,,,,,,,,,,,,,,,,,,,,,,,Prescription,,,,,,,,,,,,,,,,,,,,,,,,,,,36 Months,,,,,,,,,,,,,,,,,,,,,,,,,,,,,,,,,,,,,,,,,
100mg-malegra-pro-sildenafil-citrate-tablets-140388,100mg Malegra Pro Sildenafil Citrate Tablets,Tablets,Sildenafil,Tablet,100mg,Malegra,Packaging Size: 10 Tablets,,Price on request,100mg Malegra Pro Sildenafil Citrate tablets are prescribed for erectile dysfunction and enhanced sexual stamina.,/images/medicines/100mg-malegra-pro-sildenafil-citrate-tablets-140388-1.webp | /images/medicines/100mg-malegra-pro-sildenafil-citrate-tablets-140388-2.webp | /images/medicines/100mg-malegra-pro-sildenafil-citrate-tablets-140388-3.webp,,2859592140388,,novamedsolutions.in,/catalog/100mg-malegra-pro-sildenafil-citrate-tablets-140388,,,,,,,,,,,,,,,,,,,,,,,,,,,,,,,,,,,,,,,,,,,,,,,,,,,,,,,,,,,,,,,,Men,,,,,,,,Sunrise Remedies,,,,,,,,,,,,,,,,,,,,,,,,,,,,,,,,,,,,,,,,,,,,,,,,,,,,,,,,,,,,,,,,,,,,,,,,,,,,,,,,,,,,,,,,,,,,,,
100mg-malegra-sildenafil-citrate-tablets-192697,100mg Malegra Sildenafil Citrate Tablets,Tablets,Sildenafil,Tablet,100mg,Malegra,Packaging Size: 10 Tablets,,Price on request,100mg Malegra Sildenafil Citrate tablets are used for enhancing erectile function and male sexual wellness.,/images/medicines/100mg-malegra-sildenafil-citrate-tablets-192697-1.webp | /images/medicines/100mg-malegra-sildenafil-citrate-tablets-192697-2.webp | /images/medicines/100mg-malegra-sildenafil-citrate-tablets-192697-3.webp,,2859592192697,,novamedsolutions.in,/catalog/100mg-malegra-sildenafil-citrate-tablets-192697,,,,,,,,,,,,,,,,,,,,,,,,,,,,,,,,,,,,,,,,,,,,,,,,,,,,,,,,,,,,,,,,Men,,,,,,,,Sunrise Remedies,,,,,,,,,,,,,,,,,,,,,,,,,,,,,,,,,,,,,,,,,,,,,,,,,,,,,,,,,,,,,,,,,,,,,,,,,,,,,,,,,,,,,,,,,,,,,,
100mg-masteron-drostanolone-propionate-injection-162097,100mg Masteron Drostanolone Propionate Injection,Injections,Drostanolone Propionate,Injection,100 mg,Masteron,Packaging Size: 1 x 10,,Price on request,100mg Masteron Drostanolone Propionate injection is used in hormone-related therapies and certain breast cancer treatments.,/images/medicines/100mg-masteron-drostanolone-propionate-injection-162097-1.webp | /images/medicines/100mg-masteron-drostanolone-propionate-injection-162097-2.webp | /images/medicines/100mg-masteron-drostanolone-propionate-injection-162097-3.webp,,2859592162097,,novamedsolutions.in,/catalog/100mg-masteron-drostanolone-propionate-injection-162097,,,,,,,,,,,,,,,,,,,,,,,,,,,,,Ampoule,,,,,,,,,,,,,,,,,,,,,,,,,,,,,,,,,,,,,,,,,,,,,,,,,,,,,,,,,,,,,,,,,,,,Evolve Biolabs,,,,,,,,,,,,,,,,,,,,,Intramuscular,,,,,,,48 months,,,,,,,2-8 degree c,,,,,,,,,,,,,,,,,Breast Cancer,,,,,,,,,,,,,,,,,
100mg-micedge-micafungin-injection-ection,100mg Micedge Micafungin Injection,Injections,,,100 mg,Micedge,Pack Size: Single vial; Packaging Type: Glass vial,,Price on request,"100mg Micedge Micafungin Injection is widely prescribed for patients dealing with general therapeutic disorders. The drug helps in reducing symptoms, slowing disease progression, and improving overall well-being. It is commonly used in both short-term and long-term treatment plans. Patients should follow medical advice regarding dosage and duration to achieve the best results. Regular monitoring may be required depending on the condition being treated. 100mg Micedge Micafungin Injection is manufactured under strict quality standards to ensure safety and efficacy. Mild side effects may occur but usually resolve on their own. In addition, 100mg Micedge Micafungin Injection supports better clinical outcomes by enhancing treatment response in patients. Its role in general therapeutic therapy has been well recognized due to its effectiveness and patient tolerance. Continuous use as prescribed can significantly improve quality of life and help manage the condition efficiently.100mg Micedge Micafungin Injection is widely prescribed for patients dealing with general therapeutic disorders. The drug helps in reducing symptoms, slowing disease progression, and improving overall well-being. It is commonly used in both short-term and long-term treatment plans. Patients should follow medical advice regarding dosage and duration to achieve the best results. Regular monitoring may be required depending on the condition being treated. 100mg Micedge Micafungin Injection is manufactured under strict quality standards to ensure safety and efficacy. Mild side effects may occur but usually resolve on their own. In addition, 100mg Micedge Micafungin Injection supports better clinical outcomes by enhancing treatment response in patients. Its role in general therapeutic therapy has been well re",/images/medicines/100mg-micedge-micafungin-injection-ection-1.webp | /images/medicines/100mg-micedge-micafungin-injection-ection-2.webp | /images/medicines/100mg-micedge-micafungin-injection-ection-3.jpg,,,,novamedsolutions.in,/catalog/100mg-micedge-micafungin-injection-ection,,,,,,,,,,,,,,,,,,,,,,,,,,,,,,,,,,,,,,,,,,,,,,,,,,,,,,,,,,,,,,,,,,Lyophilized powder,,,,,,,,,,,,,,,,,,,,,,,,,,,,,,,,,,,,,,,,,,,,,,,,,,,,,,,,,,,36 months,,,,,,Below 25°C,,,,,,,,,,,,,,,,,,,,,,,,,,,,,,,,,,,
100mg-netazox-nitazoxanide-oral-suspension-ension,100mg Netazox Nitazoxanide Oral Suspension,Syrups,Nitazoxanide,Suspension,100 mg,,Packaging Size: 30 ml,,Price on request,Netazox Nitazoxanide oral suspension is used for treating parasitic and protozoal infections causing diarrhea and gastrointestinal illness.,/images/medicines/100mg-netazox-nitazoxanide-oral-suspension-ension-1.webp | /images/medicines/100mg-netazox-nitazoxanide-oral-suspension-ension-2.webp | /images/medicines/100mg-netazox-nitazoxanide-oral-suspension-ension-3.webp,,,,novamedsolutions.in,/catalog/100mg-netazox-nitazoxanide-oral-suspension-ension,,,,,,,,,,,,,,,,,,,,,,,,,,,,,,,,,,,,,,,,,,,,,,,,,,,,,,,,,,,,,,,,,Antibiotic,,,,,,,,,,,,,,,,,,,,,,,,,,,,,,,,,OTC,,,,,,,,,,,,,,,,,,,,,,,,,,,36 months,,,,,,,,,,,,,,Sugar Free,,,,,,,,,,,,,,,,,,,,,,,,,,,
100mg-poshope-posaconazole-tablet-tablet,100mg Poshope Posaconazole Tablet,Tablets,,,100 mg,Poshope,Pack Size: 10 tablets,,Price on request,100mg Poshope Posaconazole tablets are used for the treatment and prevention of invasive fungal infections.,/images/medicines/100mg-poshope-posaconazole-tablet-tablet-1.webp | /images/medicines/100mg-poshope-posaconazole-tablet-tablet-2.webp | /images/medicines/100mg-poshope-posaconazole-tablet-tablet-3.jpg | /images/medicines/100mg-poshope-posaconazole-tablet-tablet-4.webp,,,,novamedsolutions.in,/catalog/100mg-poshope-posaconazole-tablet-tablet,,,,,,,,,,,,,,,,,,,,,,,,,,,,,,,,,,,,,,,,,,,,,,,,,,,,,,,,,,,,,,,,,,,,,,,,,,,,,,,,,,,,,,,,,,,Strip,,,,,,,,,,,,,,,,,,,,,,,,Gastro Release,,,,,,,,,,36 months,,,,,,,,,,,,,,,,,,,,,,,,,,,,,,Export,,,,,,,,,,,
100mg-sildamax-sildenafil-citrate-tablets-ablets,100mg Sildamax Sildenafil Citrate Tablets,Tablets,Sildenafil,Tablet,,Sildamax,Packaging Type: Blister,,Price on request,100mg Sildamax Sildenafil Citrate tablets are used for erectile dysfunction treatment and male sexual health improvement.,/images/medicines/100mg-sildamax-sildenafil-citrate-tablets-ablets-1.webp | /images/medicines/100mg-sildamax-sildenafil-citrate-tablets-ablets-2.webp | /images/medicines/100mg-sildamax-sildenafil-citrate-tablets-ablets-3.webp,,,,novamedsolutions.in,/catalog/100mg-sildamax-sildenafil-citrate-tablets-ablets,,,,,,,,,,,,,,,,,,,,,,,,,,,,,,,,,,,,,,,,,,,,,,,,,,,,,,,,,,,,,,,,,,,,,,,,,,,,,10 tablets,,,,,,,,,,,,,,,,,,,,,,,,Prescription,,,,,,,,,,,,,,,,,,,,,,,,36 Months,,,,100 mg,,,,,,,,,,,,,,,,,,,,,,,,,,,,,,,,,,,,,
100mg-sildigra-sildenafil-citrate-tablets-143462,100mg Sildigra Sildenafil Citrate Tablets,Tablets,Sildenafil,Tablet,100mg,Sildigra,Packaging Size: 10 Tablets,,Price on request,100mg Sildigra Sildenafil Citrate tablets are used for erectile dysfunction treatment and help improve blood flow and erection quality.,/images/medicines/100mg-sildigra-sildenafil-citrate-tablets-143462-1.webp | /images/medicines/100mg-sildigra-sildenafil-citrate-tablets-143462-2.jpg | /images/medicines/100mg-sildigra-sildenafil-citrate-tablets-143462-3.webp,,2859592143462,,novamedsolutions.in,/catalog/100mg-sildigra-sildenafil-citrate-tablets-143462,,,,,,,,,,,,,,,,,,,,,,,,,,,,,,,,,,,,,,,,,,,,,,,,,,,,,,,,,,,,,,,,Men,,,,,,,,Zydus Cadila,,,,,,,,,,,,,,,,,,,,,,,,,,,,,,,,,,,,,,,,,,,,,,,,,,,,,,,,,,,,,,,,,,,,,,,,,,,,,,,,,,,,,,,,,,,,,,
100mg-spnib-dasatinib-tablet-tablet,100mg Spnib Dasatinib Tablet,Tablets,,Tablet,100 mg,Spnib,Pack Type: Bottle,,Price on request,100mg Spnib Dasatinib tablets are used for chronic myeloid leukemia and acute lymphoblastic leukemia treatment.,/images/medicines/100mg-spnib-dasatinib-tablet-tablet-1.webp | /images/medicines/100mg-spnib-dasatinib-tablet-tablet-2.webp | /images/medicines/100mg-spnib-dasatinib-tablet-tablet-3.webp | /images/medicines/100mg-spnib-dasatinib-tablet-tablet-4.webp,,,,novamedsolutions.in,/catalog/100mg-spnib-dasatinib-tablet-tablet,,,,,,,,,,,,,,,,,,,,,,,,,,,,,,,,,,,,,,,,,,,,,,,,,,,,,,,,,,,,,,,,,,,,,,,,,,,,,,,,,,,,,,,,,,,,,,,,,,,,,,,,,,,,,,,,,,,Film Coated,,,,,,,,,,,,,,,,,,,,,,,,,,,30 Tablets,,,,,,,,,,,,,Cancer Care,,,,,,,,,,,
100mg-thalix-thalidomide-capsules-160788,100mg Thalix Thalidomide Capsules,Capsules,Thalidomide,Capsule,100 mg,Thalix,Packaging Size: 30 capsules,,Price on request,100mg Thalix Thalidomide capsules are used in the treatment of multiple myeloma and certain inflammatory conditions.,/images/medicines/100mg-thalix-thalidomide-capsules-160788-1.webp | /images/medicines/100mg-thalix-thalidomide-capsules-160788-2.webp | /images/medicines/100mg-thalix-thalidomide-capsules-160788-3.webp,,2859592160788,,novamedsolutions.in,/catalog/100mg-thalix-thalidomide-capsules-160788,,,,,,,,,,,,,,,,,,,,,,,,,,,,,,,,,,,,,,,,,,,,,,,,,,,,,,,,,,,,,,,,,Multiple Myeloma,,,,,,,,,,,,,,,,,,,,,,,,,,,,,,,,,,,,,,,,,,,,,,,,,,,,,,,,,,,,36 months,,,,,,,,,,,,,,,,,,,,,,,,,,,,,,,,,,,,,,,,,
100mg-vega-sildenafil-tablets-141848,100mg Vega Sildenafil Tablets,Tablets,Sildenafil,Tablet,100mg,Vega,Packaging Size: 4 Tablets,,Price on request,100mg Vega Sildenafil tablets are used for erectile dysfunction treatment and improved male sexual wellness and performance.,/images/medicines/100mg-vega-sildenafil-tablets-141848-1.webp | /images/medicines/100mg-vega-sildenafil-tablets-141848-2.webp | /images/medicines/100mg-vega-sildenafil-tablets-141848-3.webp,,2859592141848,,novamedsolutions.in,/catalog/100mg-vega-sildenafil-tablets-141848,,,,,,,,,,,,,,,,,,,,,,,,,,,,,,,,,,,,,,,,,,,,,,,,,,,,,,,,,,,,,,,,Men,,,,,,,,,,,,,,,,,,,,,,,,,,,,,,,,,,Yes,,,,,,,,,,,,,,,,,,,,,,,,,,,,,,,,,,,,,,,,,,,,,,,,,,,,,,,,,,,,,,,,,,,,
100mg-viagra-sildenafil-tablets-143673,100mg Viagra Sildenafil Tablets,Tablets,Sildenafil,Tablet,100mg,Viagra,Packaging Size: 4 Tablets,,Price on request,100mg Viagra Sildenafil tablets are prescribed for erectile dysfunction and improved male sexual performance and satisfaction.,/images/medicines/100mg-viagra-sildenafil-tablets-143673-1.webp | /images/medicines/100mg-viagra-sildenafil-tablets-143673-2.webp | /images/medicines/100mg-viagra-sildenafil-tablets-143673-3.webp,,2859592143673,,novamedsolutions.in,/catalog/100mg-viagra-sildenafil-tablets-143673,,,,,,,,,,,,,,,,,,,,,,,,,,,,,,,,,,,,,,,,,,,,,,,,,,,,,,,,,,,,,,,,Men,,,,,,,,Pfizer,,,,,,,,,,,,,,,,,,,,,,,,,,,,,,,,,,,,,,,,,,,,,,,,,,,,,,,,,,,,,,,,,,,,,,,,,,,,,,,,,,,,,,,,,,,,,,
100mg-vigore-sildenafil-citrate-tablets-143888,100mg Vigore Sildenafil Citrate Tablets,Tablets,Sildenafil,Tablet,100mg,Vigora,Packaging Size: 4 Tablets,,Price on request,100mg Vigore Sildenafil Citrate tablets are prescribed for erectile dysfunction and help improve erection quality and stamina.,/images/medicines/100mg-vigore-sildenafil-citrate-tablets-143888-1.png | /images/medicines/100mg-vigore-sildenafil-citrate-tablets-143888-2.webp | /images/medicines/100mg-vigore-sildenafil-citrate-tablets-143888-3.webp,,2859592143888,,novamedsolutions.in,/catalog/100mg-vigore-sildenafil-citrate-tablets-143888,,,,,,,,,,,,,,,,,,,,,,,,,,,,,,,,,,,,,,,,,,,,,,,,,,,,,,,,,,,,,,,,Men,,,,,,,,Pfizer,,,,,,,,,,,,,,,,,,,,,,,,,,,,,,,,,,,,,,,,,,,,,,,,,,,,,,,,,,,,,,,,,,,,,,,,,,,,,,,,,,,,,,,,,,,,,,
100mg-viprogra-sildenafil-citrate-tablets-192848,100mg Viprogra Sildenafil Citrate Tablets,Tablets,Sildenafil,Tablet,100mg,,Packaging Size: 10 Tablets,,Price on request,100mg Viprogra Sildenafil Citrate tablets are prescribed for erectile dysfunction treatment and improved sexual stamina.,/images/medicines/100mg-viprogra-sildenafil-citrate-tablets-192848-1.webp | /images/medicines/100mg-viprogra-sildenafil-citrate-tablets-192848-2.webp | /images/medicines/100mg-viprogra-sildenafil-citrate-tablets-192848-3.webp,,2859592192848,,novamedsolutions.in,/catalog/100mg-viprogra-sildenafil-citrate-tablets-192848,,,,,,,,,,,,,,,,,,,,,,,,,,,,,,,,,,,,,,,,,,,,,,,,,,,,,,,,,,,,,,,,Men,,,,,,,,Zydus Cadila,,,,,,,,,,,,,,,,,,,,,,,,,,,,,,,,,,,,,,,,,,,,,,,,,,,,,,,,,,,,,,,,,,,,,,,,,,,,,,,,,,,,,,,,,,,,,,
10mg-ampholip-amphotericin-b-lipid-complex-injection-ection,10mg Ampholip Amphotericin B Lipid Complex Injection,Injections,,,10 mg vial,Ampholip,Packaging Type: Glass vial,,Price on request,10mg Ampholip Amphotericin B Lipid Complex Injection is widely prescribed for patients dealing with general therapeutic disorders. 10mg Ampholip Amphotericin B lipid complex injection is used for severe systemic fungal infections.,/images/medicines/10mg-ampholip-amphotericin-b-lipid-complex-injection-ection-1.jpg | /images/medicines/10mg-ampholip-amphotericin-b-lipid-complex-injection-ection-2.jpeg | /images/medicines/10mg-ampholip-amphotericin-b-lipid-complex-injection-ection-3.jpg,,,,novamedsolutions.in,/catalog/10mg-ampholip-amphotericin-b-lipid-complex-injection-ection,,,,,,,,,,,,,,,,,,,,,,,,,,,,,,,,,,,,,,,,,,,,,,,,,,,,,,,,,,,Conventional,,,,,,,Lyophilized powder,,,,,,,,,,,,,,,,,,,,,,,,,,,,,,,,,,,,,,,,,,,,,,,,,,,,,,,,,,,36 months,,,,,,2-8°C,,,,,,,,,,,,,,,,,,,,,,,,,,,,,,,,,,,
10mg-angiotensin-lisinopril-tablet-tablet,10mg Angiotensin Lisinopril Tablet,Tablets,Lisinopril,,10 mg,Angiotensin,Packaging Size: 30 x 10; Packaging Type: Blister Strip,,Price on request,"ANGIOTENSIN 10 mg is a leading medication for heart health, specifically targeting blood pressure regulation and overall cardiovascular wellness. Its proven efficacy and safety make it a trusted choice for individuals seeking optimal heart support. ANGIOTENSIN 10 mg contains Lisinopril, an ACE inhibitor that helps relax blood vessels, reducing blood pressure and improving blood flow. This medication is indicated for hypertension management, heart failure, and post-heart attack recovery. Lisinopril's mechanism of action ensures better heart function and reduces the risk of cardiovascular events.",/images/medicines/10mg-angiotensin-lisinopril-tablet-tablet-1.jpg | /images/medicines/10mg-angiotensin-lisinopril-tablet-tablet-2.jpg | /images/medicines/10mg-angiotensin-lisinopril-tablet-tablet-3.jpg,,,,novamedsolutions.in,/catalog/10mg-angiotensin-lisinopril-tablet-tablet,,,,,,,,,,,,,,,,,,,,,,,,,,,,,,,,,,,,,,,,,,,,,,,,,,Cardiovascular Agent,,,,,,,,,Single Ingredient,,,,,,,,,,,,,Healing Pharma,,,,,,,,,,,,,,,,,,,,,,,,,,,,,,,,,,,,,,,,,,,,,,,,,,,,,3 years,,,,,,,,,,,,,,,,,,,,,,,,,,,,,,Heart Failure,,,,,,,,,,,
10mg-bepostate-bepotastine-besilate-tablet-145433,10mg Bepostate Bepotastine Besilate Tablet,Tablets,,Tablet,10 mg,,Packaging Type: Blister,,Price on request,10mg Bepostate Bepotastine besilate tablets are prescribed for allergy symptoms and allergic rhinitis relief.,/images/medicines/10mg-bepostate-bepotastine-besilate-tablet-145433-1.webp | /images/medicines/10mg-bepostate-bepotastine-besilate-tablet-145433-2.webp | /images/medicines/10mg-bepostate-bepotastine-besilate-tablet-145433-3.webp,,2859592145433,,novamedsolutions.in,/catalog/10mg-bepostate-bepotastine-besilate-tablet-145433,,,,,Adult,,,,,,,,,,,,,,,,,,,,,,,,,,,,,,,,,,,,,,,,,,,,,,,,,,,,,,,,,,,,,,,,,,,,,,,,,,,,,,,,,,,,,,,,,,,,,,,,OTC,,,,,,,,,,,,,,,,,,,,,,,,,,,,,,,,,,,,Sugar Free,,,,,,,,,,,,,,,,,,Skin Allergy,,,,,,,,,,,
10mg-cilniheal-cilnidipine-tablets-137348,10mg Cilniheal Cilnidipine Tablets,Tablets,Cilnidipine 10 mg,,10 mg,Cilniheal,Packaging Type: 20 x 10 blister,,Price on request,10mg Cilniheal Cilnidipine Tablet is a medicine used to treat high blood pressure (hypertension). It belongs to a class of medicines known as a calcium channel blocker which helps to lower blood pressure. This helps prevent heart attacks and strokes. It may also be prescribed to prevent angina (heart-related chest pain).,/images/medicines/10mg-cilniheal-cilnidipine-tablets-137348-1.jpg | /images/medicines/10mg-cilniheal-cilnidipine-tablets-137348-2.jpg | /images/medicines/10mg-cilniheal-cilnidipine-tablets-137348-3.webp,,2859592137348,,novamedsolutions.in,/catalog/10mg-cilniheal-cilnidipine-tablets-137348,,,,,,,,,,,,,,,,,,,,,,,,,,,,,,,,,,,,,,,,,,,,,,,,,,,,,,,,,,,,,,,,,,,,,,,,Healing Pharma,,,,,,,,,,,,,,,,,,,,,,,,,,,,,,,,,,,,,,,,,,,,,,,,,,,,,36 months,,,,,,,,,,,,,,,,,,,,,,,,As Directed By Physician,,,,,,,,,,,,,,,,,
10mg-daparyl-dapagliflozin-tablets-131088,10mg Daparyl Dapagliflozin Tablets,Tablets,Dapagliflozin,,10 mg,Daparyl,Pack Size: 10 tablets,,Price on request,10mg Daparyl Dapagliflozin tablets are prescribed for controlling blood glucose levels in Type 2 Diabetes.,/images/medicines/10mg-daparyl-dapagliflozin-tablets-131088-1.webp | /images/medicines/10mg-daparyl-dapagliflozin-tablets-131088-2.webp | /images/medicines/10mg-daparyl-dapagliflozin-tablets-131088-3.webp,,2859592131088,,novamedsolutions.in,/catalog/10mg-daparyl-dapagliflozin-tablets-131088,,,,,,,,,,,,,,,,,,,,,,,,,,,,,,,,,,,,,,,,,,,,,,,,,,,,,,,,,,,,,,,,,Glycemic Control,,,,,,,,,,,,,,,,,,,,,,,,,,,,,,,,,,,,Rx Only,,,,,,,,,,,,,,,,,,,,,,,,36 months,,,,,,,,,,,,,,,,,,,,,,,,,,,,,,Type 2 Diabetes,,,,,,,,,,,
10mg-etrobenz-cyclobenzaprine-hydrochloride-etoricoxib-tablet-156348,10mg Etrobenz Cyclobenzaprine Hydrochloride Etoricoxib Tablet,Tablets,Cyclobenzaprine Hydrochloride,Tablet,10 mg,Etrobenz,Packaging Size: 10 x 10 tablets,,Price on request,"id=""10mg-etrobenz-cyclobenzaprine-hydrochloride-etoricoxib-tablet"" class=""pa mr34"">",/images/medicines/10mg-etrobenz-cyclobenzaprine-hydrochloride-etoricoxib-tablet-156348-1.webp | /images/medicines/10mg-etrobenz-cyclobenzaprine-hydrochloride-etoricoxib-tablet-156348-2.webp | /images/medicines/10mg-etrobenz-cyclobenzaprine-hydrochloride-etoricoxib-tablet-156348-3.webp,,2859592156348,,novamedsolutions.in,/catalog/10mg-etrobenz-cyclobenzaprine-hydrochloride-etoricoxib-tablet-156348,,,,,,,,,,,,,,,,,,,,,,,,,,,,,,,,,,,,,,,,,,,,,,,,,,,,,Schedule H,,,,,,Extended Release,,,,,,,,,,,,,,,,,,,,,,,,,,,,,,,,,,,,,,,,,Prescription Only,,,,,,,,,,,,,,,,,,,,,,,,,36 month,,,,,,,,,,,,,,,,,,,,,,,,,,,,,,,,,,,,,,,,,
10mg-forxiga-dapagliflozin-tablets-ablets,10mg Forxiga Dapagliflozin Tablets,Tablets,Dapagliflozin,,10 mg,Forxiga,Pack Size: 14 tablets,,Price on request,10mg Forxiga Dapagliflozin Tablets is an effective medication used in the treatment of general therapeutic conditions.10mg Forxiga Dapagliflozin tablets are used to improve glycemic control in adults with Type 2 Diabetes.,/images/medicines/10mg-forxiga-dapagliflozin-tablets-ablets-1.webp | /images/medicines/10mg-forxiga-dapagliflozin-tablets-ablets-2.webp | /images/medicines/10mg-forxiga-dapagliflozin-tablets-ablets-3.webp,,,,novamedsolutions.in,/catalog/10mg-forxiga-dapagliflozin-tablets-ablets,,,,,,,,,,,,,,,,,,,,,,,,,,,,,,,,,,,,,,,,,,,,,,,,,,,,,,,,,,,,,,,,,Glycemic Control,,,,,,,,,,,,,,,,,,,,,,,,,,,,,,,,,,,,Rx Only,,,,,,,,,,,,,,,,,,,,,,,,36 months,,,,,,,,,,,,,,,,,,,,,,,,,,,,,,Type 2 Diabetes,,,,,,,,,,,
10mg-jardiance-empagliflozin-tablet-tablet,10mg Jardiance Empagliflozin Tablet,Tablets,Empagliflozin,,10 mg,Jardiance,Pack Size: 90 tablets,,Price on request,10mg Jardiance Empagliflozin tablets are used for the treatment of Type 2 Diabetes and help improve blood sugar control while supporting heart health.,/images/medicines/10mg-jardiance-empagliflozin-tablet-tablet-1.jpg | /images/medicines/10mg-jardiance-empagliflozin-tablet-tablet-2.webp | /images/medicines/10mg-jardiance-empagliflozin-tablet-tablet-3.webp,,,,novamedsolutions.in,/catalog/10mg-jardiance-empagliflozin-tablet-tablet,,,,,,,,,,,,,,,,,,,,,,,,,,,,,,,,,,,,,,,,,,,,,,,,,,,,,,,,,,,,,,,,,,,,,,,,,,,,,,,,,,,,,,,,,,,,,,,,,,,,,Rx Only,,,,,,,,,,,,,,,,,,,,,,,,36 months,,,,,,,,,,,,,,,,,,,,,,,,,,,,,,Type 2 Diabetes,,,,,,,,,,,
10mg-lenalid-lenalidomide-capsules-128597,10mg Lenalid Lenalidomide Capsules,Capsules,,Capsule,10 mg,Lenalid,Pack Type: Bottle,,Price on request,10mg Lanalid Lenalidomide Capsules plays a vital role in managing general therapeutic-related health issues. 10mg Lanalid Lenalidomide capsules are used for multiple myeloma and blood cancer treatment.,/images/medicines/10mg-lenalid-lenalidomide-capsules-128597-1.webp | /images/medicines/10mg-lenalid-lenalidomide-capsules-128597-2.webp | /images/medicines/10mg-lenalid-lenalidomide-capsules-128597-3.webp,,2859592128597,,novamedsolutions.in,/catalog/10mg-lenalid-lenalidomide-capsules-128597,,,,,,,,,,,,,,,,30 Capsules,,,,,,,,,,,,,,,,,,,,,,,,,,,,,,,,,,,,,,,,,,,,,,,,,,,,,,,,,,,,,,,,,,,,,,,,,,,,,,,,,,,,,,,,,,,,,,,,,,,,,,,,,,,,,,,,,,,,,,,,,,,,,,,,,,,,,,,,,,,Cancer Care,,,,,,,,,,,
1100mg-teevir-efavirenz-emtricitabine-and-tenofovir-tablet-152388,1100mg Teevir Efavirenz Emtricitabine And Tenofovir Tablet,Tablets,,Film coated tablet,300/200/600 mg,Teevir,Pack Size: 30 tablets,,Price on request,"id=""1100mg-teevir-efavirenz-emtricitabine-and-tenofovir-tablet"" class=""pa mr34"">",/images/medicines/1100mg-teevir-efavirenz-emtricitabine-and-tenofovir-tablet-152388-1.webp | /images/medicines/1100mg-teevir-efavirenz-emtricitabine-and-tenofovir-tablet-152388-2.webp | /images/medicines/1100mg-teevir-efavirenz-emtricitabine-and-tenofovir-tablet-152388-3.webp,,2859592152388,,novamedsolutions.in,/catalog/1100mg-teevir-efavirenz-emtricitabine-and-tenofovir-tablet-152388,,,,,,,,,,,,,,,,,,,,,,,,,,,,,,,,,,,,,,,,,,,,,,,,,,,,,,,,,,,,Tenofovir+Emtricitabine+Efavirenz,,,,,,,,,,,,Mylan,,,,,,,,,,,,,,,,,,,,,,,,,,,,,Rx only,,,,,,,,,,,,,,,,,,,,,,,,,,,,,,,,,,,,,,,,,,,,,,,Single tablet regimen,,,,,,,Adult,,,,,,,,,,,
1100mg-vonavir-efavirenz-emtricitabine-and-tenofovir-tablet-147755,1100mg Vonavir Efavirenz Emtricitabine And Tenofovir Tablet,Tablets,Tenofovir Disoproxil Fumarate,Tablet,300 mg,Vonavir,Pack Size: 30 tablets,,Price on request,"id=""1100mg-vonavir-efavirenz-emtricitabine-and-tenofovir-tablet"" class=""pa mr34"">",/images/medicines/1100mg-vonavir-efavirenz-emtricitabine-and-tenofovir-tablet-147755-1.webp | /images/medicines/1100mg-vonavir-efavirenz-emtricitabine-and-tenofovir-tablet-147755-2.webp | /images/medicines/1100mg-vonavir-efavirenz-emtricitabine-and-tenofovir-tablet-147755-3.webp,,2859592147755,,novamedsolutions.in,/catalog/1100mg-vonavir-efavirenz-emtricitabine-and-tenofovir-tablet-147755,,,,,,,,,,,,,,,,,,,,,,,,,,,,,,,,,,,,,,,,,,,,,,,,,,,,,,,,,,,,Tenofovir DF,,,,,,,,,,,,Emcure Pharma,,,,,,,,,,,,,,,,,,,,,,,,,,,,,Prescription,,,,,,,,,,,,,,,,,,,,,,,,36 months,,,,,,,,,,,,,,,,,,,,,,,,,,,,,,HIV First Line,,,,,,,,,,,
12-5mcg-thyrox-thyroxine-sodium-tablets-ablets,12.5mcg Thyrox Thyroxine Sodium Tablets,Tablets,,,12.5 mcg,Thyrox,,,Price on request,"Methoquest 2.5 mg contains Methotrexate, widely used in cancer treatment and autoimmune disorders. It works by inhibiting cell growth, particularly rapidly dividing cells.",/images/medicines/12-5mcg-thyrox-thyroxine-sodium-tablets-ablets-1.webp | /images/medicines/12-5mcg-thyrox-thyroxine-sodium-tablets-ablets-2.webp | /images/medicines/12-5mcg-thyrox-thyroxine-sodium-tablets-ablets-3.webp,,,,novamedsolutions.in,/catalog/12-5mcg-thyrox-thyroxine-sodium-tablets-ablets,,,,,,,,,,,,,,,,,,,,,,,,,,,,,,,,,,,,,,,,,Tablet,,,,,,,,,,,,,,,,,,,,,,,,,,,,,,,,,,,,,,,,,,,,,,,,120 tablets,Bottle,,,,,,,,,,,Prescription,,,,,,,,,,,,,,,,,,,,,,,,,36 months,,,,,Store in cool place,,,,,,,,,,,,,,,,,,,,,,,,,,,,,,,,,,,
12-5mg-1000mg-jardiance-met-tablet-129462,12.5mg / 1000mg Jardiance Met Tablet,Tablets,Empagliflozin+Metformin,,12.5 mg,Jardiance,Pack Size: 60 tablets,,Price on request,12.5mg / 1000mg Jardiance Met tablets are used for the treatment of Type 2 Diabetes to help control blood sugar levels and improve glycemic management.,/images/medicines/12-5mg-1000mg-jardiance-met-tablet-129462-1.webp | /images/medicines/12-5mg-1000mg-jardiance-met-tablet-129462-2.webp | /images/medicines/12-5mg-1000mg-jardiance-met-tablet-129462-3.webp,,2859592129462,,novamedsolutions.in,/catalog/12-5mg-1000mg-jardiance-met-tablet-129462,,,,,,,,,,,,,,,,,,,,,,,,,,,,,,,,,,,,,,,,,,,,,,,,,,,,,,,,,,,,,,,,,,,,,,,,,,,,,,,,,,,,,,,,,,,,,,,,,,,,,Rx Only,,,,,,,,,,,,,,,,,,,,,,,,36 months,,,,,,,,,,,,,,,,,,,,,,,,,,,,,,Heart Failure,,,,,,,,,,,
12-5mg-sutinat-sunitinib-capsule-144788,12.5mg Sutinat Sunitinib Capsule,Capsules,,Capsule,12.5 mg,Sutinat,Packaging Size: 28 Capsules; Pack Type: Bottle,,Price on request,12.5mg Sutinat Sunitinib capsules are used for gastrointestinal stromal tumors and renal cell carcinoma treatment.,/images/medicines/12-5mg-sutinat-sunitinib-capsule-144788-1.jpeg | /images/medicines/12-5mg-sutinat-sunitinib-capsule-144788-2.jpg | /images/medicines/12-5mg-sutinat-sunitinib-capsule-144788-3.jpeg,,2859592144788,,novamedsolutions.in,/catalog/12-5mg-sutinat-sunitinib-capsule-144788,,,,,,,,,,,,,,,,,,,,,,,,,,,,,,,,,,,,,,,,,,,,,,,,Oral,,,,,,,,,,,,,,,,,,,,,,,,,,,,,,,,,,,,,,,,,,,,,,,,,,,,,,,,,,,,,,,,,,,,,,,,,,,,,36 Months,,,,,,,,,,,,,,,,,,,,,,,,,,,,,,,,,,,,,,,,,
120mg-algreat-fexofenadine-hydrochloride-tablet-124762,120mg Algreat Fexofenadine Hydrochloride Tablet,Tablets,Fexofenadine Hcl,,120 mg,Algreat,Packaging Size: 10 tablets; Packaging Type: Blister,,Price on request,"Algrot 120mg Tablet is an anti-allergy medicine used in the treatment of allergic symptoms such as runny nose, congestion or stuffiness, sneezing, itching, swelling, and watery eyes. It also helps treat skin allergies with itching, redness, or swelling.",/images/medicines/120mg-algreat-fexofenadine-hydrochloride-tablet-124762-1.jpg | /images/medicines/120mg-algreat-fexofenadine-hydrochloride-tablet-124762-2.jpg | /images/medicines/120mg-algreat-fexofenadine-hydrochloride-tablet-124762-3.jpeg,,2859592124762,,novamedsolutions.in,/catalog/120mg-algreat-fexofenadine-hydrochloride-tablet-124762,,,,,Adult,,,,,,,,,,,,,,,,,,,,,,,,,,,,,,,,,,,,,,,,,,,,,,,,,,,,,,,,,,,,,,,,,,,,,,,,,,,,,,,,,,,,,,,,,,,,,,,,OTC,,,,,,,,,,,,,,,,,,,,,,,,,,,,,,,,,,,,,,,,,,,,,,,,,,,,,,Chronic Urticaria,,,,,,,,,,,
120mg-hardon-x-power-sildenafil-tablets-200291,120mg Hardon X Power Sildenafil Tablets,Tablets,Sildenafil,Tablet,120mg,,Packaging Size: 5 Tablets,,Price on request,120mg Hardon X Power Sildenafil tablets are used for erectile dysfunction treatment and improved male sexual performance.,/images/medicines/120mg-hardon-x-power-sildenafil-tablets-200291-1.webp | /images/medicines/120mg-hardon-x-power-sildenafil-tablets-200291-2.webp | /images/medicines/120mg-hardon-x-power-sildenafil-tablets-200291-3.webp,,2859592200291,,novamedsolutions.in,/catalog/120mg-hardon-x-power-sildenafil-tablets-200291,,,,,,,,,,,,,,,,,,,,,,,,,,,,,,,,,,,,,,,,,,,,,,,,,,,,,,,,,,,,,,,,Men,,,,,,,,Sunrise Remedies,,,,,,,,,,,,,,,,,,,,,,,,,,,,,,,,,,,,,,,,,,,,,,,,,,,,,,,,,,,,,,,,,,,,,,,,,,,,,,,,,,,,,,,,,,,,,,
120mg-hiforce-cobra-sildenafil-citrate-tablets-ablets,120mg Hiforce Cobra Sildenafil Citrate Tablets,Tablets,Sildenafil Citrate,Tablet,50 mg,Hiforce Cobra,Pack Size: 4 tablets; Packaging Type: Blister Pack,,Price on request,120mg Hiforce Cobra Sildenafil Citrate tablets are used for severe erectile dysfunction management and improved performance.,/images/medicines/120mg-hiforce-cobra-sildenafil-citrate-tablets-ablets-1.webp | /images/medicines/120mg-hiforce-cobra-sildenafil-citrate-tablets-ablets-2.webp | /images/medicines/120mg-hiforce-cobra-sildenafil-citrate-tablets-ablets-3.webp,,,,novamedsolutions.in,/catalog/120mg-hiforce-cobra-sildenafil-citrate-tablets-ablets,,,,,,,,,,,,,,,,,,,,,,,,,,,,,,,,,,,,,,,,,,,,,,,,,,,,,,,,,,,,,,,,,,,,,,,,,,,,,,,,,,,,,,,,,,,,,,,,,,,,,Non Prescription,,,,,,,,,,,,,,,,,,,,,,,,36 months,,,,,,,,,,,,,,,,,,,,,,,,,,,,,,,,,,,,,,,,,
120mg-sildigra-anaconda-sildenafil-citrate-tablets-139788,120mg Sildigra Anaconda Sildenafil Citrate tablets,Tablets,Sildenafil,Tablet,120 mg,Sildigra,Packaging Size: 10 tablets; Packaging Type: Blister,,Price on request,120mg Sildigra Anaconda Sildenafil Citrate tablets are used for stronger erectile support and enhanced sexual performance.,/images/medicines/120mg-sildigra-anaconda-sildenafil-citrate-tablets-139788-1.webp | /images/medicines/120mg-sildigra-anaconda-sildenafil-citrate-tablets-139788-2.webp | /images/medicines/120mg-sildigra-anaconda-sildenafil-citrate-tablets-139788-3.webp,,2859592139788,,novamedsolutions.in,/catalog/120mg-sildigra-anaconda-sildenafil-citrate-tablets-139788,,,,,,,,,,,,,,,,,,,,,,,,,,,,,,,,,,,,,,,,,,,,,,,,,,,,,,,,,,,,,,,,,,,,,,,,RSM Enterprises,,,,,,,,,,,,,,,,,,,,,,,,,,Prescription,,,,,,,,,,,,,,,,,,,,,,,,,,,36 Months,,,,,,,,,,,,,,,,,,,,,,,,,,,,,,,,,,,,,,,,,
120mg-vega-extra-cobra-sildenafil-citrate-tablets-140855,120mg Vega Extra Cobra Sildenafil Citrate Tablets,Tablets,Sildenafil Citrate,Tablet,120 mg,Cobra 120,Pack Size: 5 tablets; Packaging Type: Blister Pack,,Price on request,120mg Vega Extra Cobra Sildenafil Citrate tablets are used for severe erectile dysfunction and enhanced sexual stamina.,/images/medicines/120mg-vega-extra-cobra-sildenafil-citrate-tablets-140855-1.jpg | /images/medicines/120mg-vega-extra-cobra-sildenafil-citrate-tablets-140855-2.jpg | /images/medicines/120mg-vega-extra-cobra-sildenafil-citrate-tablets-140855-3.jpg,,2859592140855,,novamedsolutions.in,/catalog/120mg-vega-extra-cobra-sildenafil-citrate-tablets-140855,,,,,,,,,,,,,,,,,,,,,,,,,,,,,,,,,,,,,,,,,,,,,,,,,,,,,,,,,,,,,,,,,,,,,,,,,,,,,,,,,,,,,,,,,,,,,,,,,,,,,Prescription,,,,,,,,,,,,,,,,,,,,,,,,36 months,,,,,,,,,,,,,,,,,,,,,,,,,,,,,,,,,,,,,,,,,
129mg-amantrel-amantadine-tablets-188455,129mg Amantrel Amantadine Tablets,Tablets,,,129 mg,Amantrel,Pack Size: 10 tablets; Packaging Type: Strip,,Price on request,129mg Amantrel Amantadine Tablets is an effective medication used in the treatment of general therapeutic conditions. 129mg Amantrel Amantadine tablets are used for Parkinson�s disease and influenza A virus treatment.,/images/medicines/129mg-amantrel-amantadine-tablets-188455-1.webp | /images/medicines/129mg-amantrel-amantadine-tablets-188455-2.webp | /images/medicines/129mg-amantrel-amantadine-tablets-188455-3.webp,,2859592188455,,novamedsolutions.in,/catalog/129mg-amantrel-amantadine-tablets-188455,,,,,,,,,,,,,,,,,,,,,,,,,,,,,,,,,,,,,,,,,,,,Tablet,,,,,,,,,,,,,,,,,,,,,Parkinsons,,,,,,,Cipla,,,,,,,,,,,,,,,,,,,,,,,,,,,,,Prescription,,,,,,,,,,,,,,,,,,,,,,,,,,,,,,,,,,,,,,,,,,,,,,,,,,,,,,,,,,,,,,,,,
12mg-covimectin-ivermectin-tablets-181848,12mg Covimectin Ivermectin Tablets,Tablets,,Tablet,12 mg,Covimectin,Packaging Type: Strip,,Price on request,Covimectin 12mg Ivermectin tablets are prescribed for parasitic infections including scabies and intestinal worm infestations.,/images/medicines/12mg-covimectin-ivermectin-tablets-181848-1.webp | /images/medicines/12mg-covimectin-ivermectin-tablets-181848-2.webp | /images/medicines/12mg-covimectin-ivermectin-tablets-181848-3.webp,,2859592181848,,novamedsolutions.in,/catalog/12mg-covimectin-ivermectin-tablets-181848,,,,,,,,,,,,,,,,,,,,,,,,,,,,,,,,,,,,,,,,,,,,,,,,,,,,,,,,,,,,,,,,,,,,,,,,,,,,,,,,,,,,,,,,,,,,,,,,,,Prescription,,,,,,,,,,,,,,,,,,,,,,,,,,,36 Month,,,,,,,,,,,,,,,,,,,,,,,,Scabies,,,,,,,,,,,,,,,,,
12mg-iverhuman-ivermectin-tablets-180812,12mg Iverhuman Ivermectin Tablets,Tablets,,Tablet,12 mg,Iverhuman,Packaging Type: Strip,,Price on request,12mg Iverhuman Ivermectin tablets are used for the treatment of parasitic infections including scabies and worm infestations.,/images/medicines/12mg-iverhuman-ivermectin-tablets-180812-1.webp | /images/medicines/12mg-iverhuman-ivermectin-tablets-180812-2.webp | /images/medicines/12mg-iverhuman-ivermectin-tablets-180812-3.webp,,2859592180812,,novamedsolutions.in,/catalog/12mg-iverhuman-ivermectin-tablets-180812,,,,,,,,,,,,,,,,,,,,,,,,,,,,,,,,,,,,,,,,,,,,,,,,,,,,,,,,,,,,,,,,,,,,,,,,,,,,,,,,,,,,,,,,,,,,,,,,,,Prescription,,,,,,,,,,,,,,,,,,,,,,,,,,,36 Month,,,,,,,,,,,,,,,,,,,,,,,,Worm Infestation,,,,,,,,,,,,,,,,,
12mg-iverjohn-ivermectin-tablets-ablets,12mg Iverjohn Ivermectin Tablets,Tablets,,Tablet,12 mg,Iverjohn,Packaging Type: Strip,,Price on request,"12 mg Iverjohn Tablets contain Ivermectin, a widely used antiparasitic agent indicated for the treatment of various parasitic infections in humans. This medication is effective against a range of internal and external parasites, helping eliminate infections and prevent their spread within the body.",/images/medicines/12mg-iverjohn-ivermectin-tablets-ablets-1.webp | /images/medicines/12mg-iverjohn-ivermectin-tablets-ablets-2.webp | /images/medicines/12mg-iverjohn-ivermectin-tablets-ablets-3.webp,,,,novamedsolutions.in,/catalog/12mg-iverjohn-ivermectin-tablets-ablets,,,,,,,,,,,,,,,,,,,,,,,,,,,,,,,,,,,,,,,,,,,,,,,,,,,,,,,,,,,,,,,,,,,,,,,,,,,,,,,,,,,,,,,,,,,,,,,,,,Prescription,,,,,,,,,,,,,,,,,,,,,,,,,,,36 Month,,,,,,,,,,,,,,,,,,,,,,,,Worm Infestation,,,,,,,,,,,,,,,,,
12mg-iversun-ivermectin-tablet-tablet,12mg Iversun Ivermectin Tablet,Tablets,,Tablet,12 mg,Iversun,Packaging Size: 10x10 Tablets; Packaging Type: Box,,Price on request,12mg Iversun Ivermectin tablets are prescribed for parasitic infections including scabies and intestinal worm infestations.,/images/medicines/12mg-iversun-ivermectin-tablet-tablet-1.jpeg | /images/medicines/12mg-iversun-ivermectin-tablet-tablet-2.png | /images/medicines/12mg-iversun-ivermectin-tablet-tablet-3.webp,,,,novamedsolutions.in,/catalog/12mg-iversun-ivermectin-tablet-tablet,,,,,,,,,,,,,,,,,,,,,,,,,,,,,,,,,,,,,,,,,,,,,,,,,,,,,,,,,,,,,,,,,,,,,,,,,,,,,,,,,,,,,,,,,,,,,,,,,,Prescription,,,,,,,,,,,,,,,,,,,,,,,,,,,36 Month,,,,,,,,,,,,,,,,,,,,,,,,Worm Infestation,,,,,,,,,,,,,,,,,
12mg-iverzoom-ivermectin-tablets-134033,12mg Iverzoom Ivermectin Tablets,Tablets,,Tablet,12 mg,Iverzoom,Packaging Size: 10x10 Tablets; Packaging Type: Strip,,Price on request,Iverzoom 12mg Ivermectin tablets are used for parasitic infections including scabies and worm infestations.,/images/medicines/12mg-iverzoom-ivermectin-tablets-134033-1.jpg | /images/medicines/12mg-iverzoom-ivermectin-tablets-134033-2.jpg | /images/medicines/12mg-iverzoom-ivermectin-tablets-134033-3.jpg,,2859592134033,,novamedsolutions.in,/catalog/12mg-iverzoom-ivermectin-tablets-134033,,,,,,,,,,,,,,,,,,,,,,,,,,,,,,,,,,,,,,,,,,,,,,,,,,,,,,,,,,,,,,,,,,,,,,,,,,,,,,,,,,,,,,,,,,,,,,,,,,Prescription,,,,,,,,,,,,,,,,,,,,,,,,,,,36 Month,,,,,,,,,,,,,,,,,,,,,,,,Worm Infestation,,,,,,,,,,,,,,,,,
130mg-maxxima-v-sildenafil-tablets-138933,130mg Maxxima V Sildenafil Tablets,Tablets,Sildenafil,Tablet,130mg,Maxxima V,Packaging Size: 8 Tablets,,Price on request,130mg Maxxima V Sildenafil tablets are used for treating erectile dysfunction and improving male sexual performance and stamina.,/images/medicines/130mg-maxxima-v-sildenafil-tablets-138933-1.webp | /images/medicines/130mg-maxxima-v-sildenafil-tablets-138933-2.webp | /images/medicines/130mg-maxxima-v-sildenafil-tablets-138933-3.webp,,2859592138933,,novamedsolutions.in,/catalog/130mg-maxxima-v-sildenafil-tablets-138933,,,,,,,,,,,,,,,,,,,,,,,,,,,,,,,,,,,,,,,,,,,,,,,,,,,,,,,,,,,,,,,,Men,,,,,,,,Ajanta Pharma,,,,,,,,,,,,,,,,,,,,,,,,,,,,,,,,,,,,,,,,,,,,,,,,,,,,,,,,,,,,,,,,,,,,,,,,,,,,,,,,,,,,,,,,,,,,,,
130mg-power-v-sildenafil-tablets-ablets,130mg Power V Sildenafil Tablets,Tablets,Sildenafil,Tablet,130mg,Power V,Packaging Size: 8 Tablets,,Price on request,130mg Power V Sildenafil tablets are prescribed for erectile dysfunction treatment and long-lasting erectile support.,/images/medicines/130mg-power-v-sildenafil-tablets-ablets-1.png | /images/medicines/130mg-power-v-sildenafil-tablets-ablets-2.jpeg | /images/medicines/130mg-power-v-sildenafil-tablets-ablets-3.png,,,,novamedsolutions.in,/catalog/130mg-power-v-sildenafil-tablets-ablets,,,,,,,,,,,,,,,,,,,,,,,,,,,,,,,,,,,,,,,,,,,,,,,,,,,,,,,,,,,,,,,,Men,,,,,,,,,,,,,,,,,,,,,,,,,,,,,,,,,,,,,,,,,,,,,,,,,,,,,,,,,,,,,,,,,,,,,,,,,,,,,,,,,,,,,,,,,,,,,,,,,,,,,,
150mg-axentri-maraviroc-tablet-147330,150mg Axentri Maraviroc Tablet,Tablets,,Film coated tablet,150 mg,Axentri,Pack Size: 60 tablets,,Price on request,Axentri 150mg Tablet belongs to a group of medicines called CCR5 antagonists. It is used to treat HIV (human immunodeficiency virus),/images/medicines/150mg-axentri-maraviroc-tablet-147330-1.webp | /images/medicines/150mg-axentri-maraviroc-tablet-147330-2.jpg | /images/medicines/150mg-axentri-maraviroc-tablet-147330-3.webp | /images/medicines/150mg-axentri-maraviroc-tablet-147330-4.webp | /images/medicines/150mg-axentri-maraviroc-tablet-147330-5.webp,,2859592147330,,novamedsolutions.in,/catalog/150mg-axentri-maraviroc-tablet-147330,,,,,,,,,,,,,,,,,,CCR5 tropic only,,,,,,,,,,,,,,,,,,,,,,,,,,,,,,,,,,,,,,,,,,Maraviroc,,,,,,,,,,,,Emcure,,,,,,,,,,,,,,,,,,,,,,,,,,,,,,,,,,,,,,,,,,,,,,,,,,,,,,,,,,,,,,,,,,,,,,,,,,,,,,,,,,,Treatment experienced,,,,,,,,,,,
150mg-bracanat-olaparib-tablet-160688,150mg Bracanat Olaparib Tablet,Tablets,Olaparib,Tablet,150 mg,Bracanat,Pack Type: Bottle,,Price on request,"150mg Bracanat Olaparib tablets are used for the treatment of certain types of ovarian, breast, pancreatic, and prostate cancers.",/images/medicines/150mg-bracanat-olaparib-tablet-160688-1.webp | /images/medicines/150mg-bracanat-olaparib-tablet-160688-2.webp | /images/medicines/150mg-bracanat-olaparib-tablet-160688-3.webp,,2859592160688,,novamedsolutions.in,/catalog/150mg-bracanat-olaparib-tablet-160688,,,,,,,,,,,,,,,,,,,,,,,,,,,,,,,,,,,,,,,,,,,,,,,,,,,,,,,,,,,,,,,,,,,,,,,,,,,,,,,,,,,,,,,,,,,,,,,,,,,,,,,,,,,,,,,,,,,,,,,,,,,,,,,,,,,,,,,,,,,,,,30 Tablets,,,,,,,,,,,,,Cancer Care,,,,,,,,,,,
150mg-cenforce-sildenafil-citrate-tablets-ablets,150mg Cenforce Sildenafil Citrate Tablets,Tablets,Sildenafil,Tablet,150mg,Cenforce,Packaging Size: 10 Tablets,,Price on request,150mg Cenforce Sildenafil Citrate tablets are used to improve erectile function and sexual confidence in men.,/images/medicines/150mg-cenforce-sildenafil-citrate-tablets-ablets-1.webp | /images/medicines/150mg-cenforce-sildenafil-citrate-tablets-ablets-2.webp,,,,novamedsolutions.in,/catalog/150mg-cenforce-sildenafil-citrate-tablets-ablets,,,,,,,,,,,,,,,,,,,,,,,,,,,,,,,,,,,,,,,,,,,,,,,,,,,,,,,,,,,,,,,,Men,,,,,,,,Centurion Labs,,,,,,,,,,,,,,,,,,,,,,,,,,,,,,,,,,,,,,,,,,,,,,,,,,,,,,,,,,,,,,,,,,,,,,,,,,,,,,,,,,,,,,,,,,,,,,
150mg-fenzi-fenbendazole-tablets-ablets,150mg Fenzi Fenbendazole Tablets,Tablets,Fenbendazole,Tablet,150 mg,,Pack Size: 10 Tablets; Packaging Type: Blister,,Price on request,150mg Fenzi Fenbendazole Tablets plays a vital role in managing general therapeutic-related health issues.150mg Fenzi Fenbendazole tablets are used for the treatment of parasitic and worm infections.,/images/medicines/150mg-fenzi-fenbendazole-tablets-ablets-1.webp | /images/medicines/150mg-fenzi-fenbendazole-tablets-ablets-2.webp | /images/medicines/150mg-fenzi-fenbendazole-tablets-ablets-3.webp,,,,novamedsolutions.in,/catalog/150mg-fenzi-fenbendazole-tablets-ablets,,,,,,,,,,,,,,,,,,,,,,,,,,,,,,,,,,,,,,,,,,,,,,,,,,,,,,,,,,,,,,,,,,,,,,,,,,,,,,,,,,,,,,,,,,,,,,,,,,Prescription,,,,,,,,,,,,,,,,,,,,,,,,,,,36 months,,,,,,,,,,,,,,,,,,,,,,,,,,,,,,,,,,,,,,,,,
150mg-fildena-extra-power-sildenafil-citrate-tablets-140562,150mg Fildena Extra Power Sildenafil Citrate Tablets,Tablets,Sildenafil,Tablet,150 mg,Fildena,Packaging Size: 10 tablets; Packaging Type: Blister,,Price on request,150mg Fildena Extra Power Sildenafil Citrate tablets are prescribed for enhanced erectile support and sexual confidence.,/images/medicines/150mg-fildena-extra-power-sildenafil-citrate-tablets-140562-1.webp | /images/medicines/150mg-fildena-extra-power-sildenafil-citrate-tablets-140562-2.webp | /images/medicines/150mg-fildena-extra-power-sildenafil-citrate-tablets-140562-3.webp,,2859592140562,,novamedsolutions.in,/catalog/150mg-fildena-extra-power-sildenafil-citrate-tablets-140562,,,,,,,,,,,,,,,,,,,,,,,,,,,,,,,,,,,,,,,,,,,,,,,,,,,,,,,,,,,,,,,,,,,,,,,,Fortune Healthcare,,,,,,,,,,,,,,,,,,,,,,,,,,Prescription,,,,,,,,,,,,,,,,,,,,,,,,,,,36 Months,,,,,,,,,,,,,,,,,,,,,,,,,,,,,,,,,,,,,,,,,
150mg-fluka-fluconazole-tablets-ablets,150mg Fluka Fluconazole Tablets,Tablets,,Tablet,150 mg,Fluka,Pack Size: 1 tablet,,Price on request,150mg Fluka Fluconazole Tablets plays a vital role in managing general therapeutic-related health issues. 150mg Fluka Fluconazole tablets are prescribed for fungal and candidal infections.,/images/medicines/150mg-fluka-fluconazole-tablets-ablets-1.webp | /images/medicines/150mg-fluka-fluconazole-tablets-ablets-2.webp | /images/medicines/150mg-fluka-fluconazole-tablets-ablets-3.webp,,,,novamedsolutions.in,/catalog/150mg-fluka-fluconazole-tablets-ablets,,,,,,,,,,,,,,,,,,,,,,,,,,,,,,,,,,,,,,,,,,,,,,,,,,,,,,,,,,,,,,,,,,,,,,,,,,,,,,,,,,,,,,,,,,,Blister,,,,,,,,,,,,,,,,,,,,,,,,Sustained release,,,,,,,,,,36 months,,,,,,,,,,,,,,,,,,,,,,,,,,,,,,,,,,,,,,,,,
150mg-hiforce-sildenafil-citrate-tablets-142188,150mg Hiforce Sildenafil Citrate Tablets,Tablets,Sildenafil,Tablet,150 mg,Hiforce,Packaging Size: 10 tablets; Packaging Type: Blister,,Price on request,150mg Hiforce Sildenafil Citrate tablets are used for severe erectile dysfunction treatment and enhanced sexual performance support.,/images/medicines/150mg-hiforce-sildenafil-citrate-tablets-142188-1.jpg | /images/medicines/150mg-hiforce-sildenafil-citrate-tablets-142188-2.jpeg | /images/medicines/150mg-hiforce-sildenafil-citrate-tablets-142188-3.jpeg,,2859592142188,,novamedsolutions.in,/catalog/150mg-hiforce-sildenafil-citrate-tablets-142188,,,,,,,,,,,,,,,,,,,,,,,,,,,,,,,,,,,,,,,,,,,,,,,,,,,,,,,,,,,,,,,,,,,,,,,,Healing Pharma,,,,,,,,,,,,,,,,,,,,,,,,,,Prescription,,,,,,,,,,,,,,,,,,,,,,,,,,,36 Months,,,,,,,,,,,,,,,,,,,,,,,,,,,,,,,,,,,,,,,,,
150mg-ibyra-olaparib-tablet-tablet,150mg Ibyra Olaparib Tablet,Tablets,,Tablet,150 mg,Ibyra,Pack Type: Bottle,,Price on request,"150mg Ibyra Olaparib Tablet is an effective medication used in the treatment of general therapeutic conditions. 150mg Ibyra Olaparib tablets are used for ovarian, breast, pancreatic, and prostate cancer treatment.",/images/medicines/150mg-ibyra-olaparib-tablet-tablet-1.webp | /images/medicines/150mg-ibyra-olaparib-tablet-tablet-2.webp | /images/medicines/150mg-ibyra-olaparib-tablet-tablet-3.webp,,,,novamedsolutions.in,/catalog/150mg-ibyra-olaparib-tablet-tablet,,,,,,,,,,,,,,,,,,,,,,,,,,,,,,,,,,,,,,,,,,,,,,,,,,,,,,,,,,,,,,,,,,,,,,,,,,,,,,,,,,,,,,,,,,,,,,,,,,,,,,,,,,,,,,,,,,,,,,,,,,,,,,,,,,,,,,,,,,,,,,60 Tablets,,,,,,,,,,,,,Cancer Care,,,,,,,,,,,
150mg-lamivir-lamivudine-tablet-152273,150mg Lamivir Lamivudine Tablet,Tablets,,Tablet,150 mg,Lamivir HBV,Pack Size: 30 tablets,,Price on request,150mg Lamivir Lamivudine tablets are used for the treatment of Human Immunodeficiency Virus Infection and chronic Hepatitis B.,/images/medicines/150mg-lamivir-lamivudine-tablet-152273-1.webp | /images/medicines/150mg-lamivir-lamivudine-tablet-152273-2.webp | /images/medicines/150mg-lamivir-lamivudine-tablet-152273-3.webp,,2859592152273,,novamedsolutions.in,/catalog/150mg-lamivir-lamivudine-tablet-152273,,,,,,,,,,,,,,,,,,,,,,,,,,,,,,,,,,,,,,,,,,,,,,,,,,,,,,,,,,,,Lamivudine,,,,,HIV+HBV,,,,,,,Cipla,,,,,,,,,,,,,,,,,,,,,,,,,,,,,,,,,,,,,,,,,,,,,,,,,,,,,,,,,,,,,,,,,,,,,,,,,,,,,,,,,,,Adult & pediatric,,,,,,,,,,,
150mg-red-force-sildenafil-tablets-143297,150mg Red Force Sildenafil Tablets,Tablets,,Tablet,,,Packaging Type: Blister,,Price on request,150mg Red Force Sildenafil tablets are used for severe erectile dysfunction management and improved sexual confidence and stamina.,/images/medicines/150mg-red-force-sildenafil-tablets-143297-1.jpeg | /images/medicines/150mg-red-force-sildenafil-tablets-143297-2.webp | /images/medicines/150mg-red-force-sildenafil-tablets-143297-3.webp,,2859592143297,,novamedsolutions.in,/catalog/150mg-red-force-sildenafil-tablets-143297,,,,,,,,,,,,,,,,,,,,,,,,,,,,,,,,,50 mg,,,,,,,,,,,,,,,,,,,,,,,,,,,,,,,,,,,,,,,,,,,,100 tablets,,,,,,,,,,,,,,,,,,,,,,,,Prescription,,,,,,,,,,,,,,,,,,,,,,,,36 Months,,,,100 mg,,,,,,,,,,,,,,,,,,,,,,,,,,,,,,,,,,,,,
150mg-waklert-armodafinil-tablets-155848,150mg Waklert Armodafinil Tablets,Tablets,Armodafinil,Tablets,150 mg,Waklert,Packaging Type: Blister Pack,,Price on request,"It is prescribed for conditions like narcolepsy, shift work sleep disorder, and sleep apnea. It enhances alertness and cognitive function.",/images/medicines/150mg-waklert-armodafinil-tablets-155848-1.webp | /images/medicines/150mg-waklert-armodafinil-tablets-155848-2.webp | /images/medicines/150mg-waklert-armodafinil-tablets-155848-3.webp,,2859592155848,,novamedsolutions.in,/catalog/150mg-waklert-armodafinil-tablets-155848,,,,,,,,,,,,,,,,,,,,,,,,,,,,,,,,,,,,,,,,,,,,,,,,,,,,,,,,,,,,,,,,,,,,,,,,,,,,,,,,,,,,,,,,,,,,,,,,,,,,,,,,,,,,,,,,,,,,,,,,,,,,,36 months,,,Dizziness,,,Cool Dry Place,,,,,,,,,,,,,,,,,,Shift Work Sleep Disorder,,,,,,,,,,,,,,,,,
150mg-zupion-bupropion-tablet-153397,150mg Zupion Bupropion Tablet,Tablets,Bupropion Hydrochloride,Tablets,150 mg,Zupion,Pack Size: 1 × 10 tablets; Packaging Type: Strip,,Price on request,150mg Zupion Bupropion tablets are used for depression treatment and nicotine addiction management.,/images/medicines/150mg-zupion-bupropion-tablet-153397-1.webp | /images/medicines/150mg-zupion-bupropion-tablet-153397-2.webp | /images/medicines/150mg-zupion-bupropion-tablet-153397-3.webp,,2859592153397,,novamedsolutions.in,/catalog/150mg-zupion-bupropion-tablet-153397,,,,,,,,,,,,,,,,,,,,,,,,,,,,,,,,,,,,,,,,,,,,,,,,,,,,,,,,,,,,,,,,,,,,,,,,,,,,,,,,,,,,,,,,,,,,,,,,,,,,,,,,,,,,,,,,,,,Extended Release,,,,,,,,,,3 years,,,,,,Room Temperature,,,,,,,,,,,,,,,,,,Seasonal Affective Disorder,,,,,,,,,,,,,,,,,
15mg-biovorin-leucovorin-calcium-tablet-tablet,15mg Biovorin Leucovorin Calcium Tablet,Tablets,Leucovorin Calcium,Tablet,15 mg,Biovorin,Packaging Size: 30 tablets,,Price on request,Biovorin Leucovorin Calcium 15mg tablets are used to reduce toxicity from chemotherapy and support folate deficiency treatment.,/images/medicines/15mg-biovorin-leucovorin-calcium-tablet-tablet-1.webp | /images/medicines/15mg-biovorin-leucovorin-calcium-tablet-tablet-2.webp | /images/medicines/15mg-biovorin-leucovorin-calcium-tablet-tablet-3.webp,,,,novamedsolutions.in,/catalog/15mg-biovorin-leucovorin-calcium-tablet-tablet,,,,,,,,,,,,,,,,,,,,,,,,,,,,,,,,,,,,,,,,,,,,,,,,,,,,,,,,,,,,,,,,,,,,,,,,Zydus,,,,,,,,,,,,,,,,,,,,,,,,,,,,,Allopathic,,,,,,,,,,,,,,,,,,,,,,,,36 months,,,,,,,,,,,,,,,,,,,,,,,,,,,,,,Methotrexate Rescue,,,,,,,,,,,
15mg-daxyclot-rivaroxaban-tablet-tablet,15mg Daxyclot Rivaroxaban Tablet,Tablets,Rivaroxaban 15 mg,,15 mg,Daxyclot,Pack Size: 14 tablets; Packaging Type: Blister,,Price on request,15mg Daxyclot Rivaroxaban tablets are prescribed for prevention and treatment of blood clots and related cardiovascular conditions.,/images/medicines/15mg-daxyclot-rivaroxaban-tablet-tablet-1.png | /images/medicines/15mg-daxyclot-rivaroxaban-tablet-tablet-2.webp | /images/medicines/15mg-daxyclot-rivaroxaban-tablet-tablet-3.webp,,,,novamedsolutions.in,/catalog/15mg-daxyclot-rivaroxaban-tablet-tablet,,,,,,,,,,,,,,,,,,,,,,,,,,,,,,,,,,,,,,,,,,,,,,,,,,,,,,,,,,,,,,,,,DVT treatment,,,,,,,,,,,,,,,,,,,,,,,,,,,,,,,,,,,,Prescription,,,,,,,,,,,,,,,,,,,,,,,,,,,,,,,,,,,,,,,,,,,,,,,,,,,,,,,,,,,,,,,,,
15mg-lanalid-lenalidomide-capsules-psules,15mg Lanalid Lenalidomide Capsules,Capsules,,Capsule,15 mg,Lenalid,Pack Type: Bottle,,Price on request,15mg Lanalid Lenalidomide Capsules is an effective medication used in the treatment of general therapeutic conditions. 15mg Lanalid Lenalidomide capsules are used for multiple myeloma and blood cancer treatment.,/images/medicines/15mg-lanalid-lenalidomide-capsules-psules-1.jpg | /images/medicines/15mg-lanalid-lenalidomide-capsules-psules-2.webp | /images/medicines/15mg-lanalid-lenalidomide-capsules-psules-3.webp,,,,novamedsolutions.in,/catalog/15mg-lanalid-lenalidomide-capsules-psules,,,,,,,,,,,,,,,,30 Capsules,,,,,,,,,,,,,,,,,,,,,,,,,,,,,,,,,,,,,,,,,,,,,,,,,,,,,,,,,,,,,,,,,,,,,,,,,,,,,,,,,,,,,,,,,,,,,,,,,,,,,,,,,,,,,,,,,,,,,,,,,,,,,,,,,,,,,,,,,,,Cancer Care,,,,,,,,,,,
15mg-rinvoq-upadacitinib-tablet-157588,15mg Rinvoq Upadacitinib Tablet,Tablets,Upadacitinib,Tablet,15 mg,Rinvoq,Packaging Size: 30 Tablets,,Price on request,"15mg Rinvoq Upadacitinib tablets are used for rheumatoid arthritis, ulcerative colitis, and inflammatory disorders.",/images/medicines/15mg-rinvoq-upadacitinib-tablet-157588-1.webp | /images/medicines/15mg-rinvoq-upadacitinib-tablet-157588-2.webp | /images/medicines/15mg-rinvoq-upadacitinib-tablet-157588-3.webp,,2859592157588,,novamedsolutions.in,/catalog/15mg-rinvoq-upadacitinib-tablet-157588,,,,,,,,,,,,,,,,,,,,,,,,,,,,,,,,,,,,,,,,,,,,,,,,,,,,,,,,,,,,,,,,,,,,,,,,,,,,,,,,,,,,,,,,,,,,,,,,,,,,,,,,Prescription,,,,,,,,,,,,,,,,,,,,,,,,,,,,,,,,,,,,,,,,,,,,,,,,,,,,,,,,,,,,,,
160mg-super-kamagra-sildenafil-and-dapoxetine-oral-jelly-194591,160mg Super Kamagra Sildenafil And Dapoxetine Oral Jelly,Oral Jelly,,Jelly,160 mg,Kamagra,Packaging Size: 7 Sachets/Box; Packaging Type: Box,,Price on request,160mg Super Kamagra oral jelly containing Sildenafil and Dapoxetine is used for erectile dysfunction and premature ejaculation treatment.,/images/medicines/160mg-super-kamagra-sildenafil-and-dapoxetine-oral-jelly-194591-1.webp | /images/medicines/160mg-super-kamagra-sildenafil-and-dapoxetine-oral-jelly-194591-2.webp | /images/medicines/160mg-super-kamagra-sildenafil-and-dapoxetine-oral-jelly-194591-3.webp,,2859592194591,,novamedsolutions.in,/catalog/160mg-super-kamagra-sildenafil-and-dapoxetine-oral-jelly-194591,,,Sildenafil Citrate,,,,,,,,,,,,,,,,,,,,,,,,,,,,,,,,,,,,,,,,,,,,,,,,,,,,Assorted,,,,,,,,,,,,,,,,,Ajanta Pharma,,,,,,,,,,,,,,,,,,,,,,,,,,,,,,,,,,,,,,,,,,,,,,,,,,,,,,,,,,,,,,,,,,,,,,,,,,,,,,,,,,,,,,,,,,,,,,
160mg-super-kamagra-sildenafil-and-dapoxetine-tablets-ablets,160mg Super Kamagra Sildenafil And Dapoxetine Tablets,Tablets,,Tablet,,Super Kamagra,Packaging Type: Blister,,Price on request,160mg Super Kamagra tablets containing Sildenafil and Dapoxetine are used for erectile dysfunction and premature ejaculation treatment.,/images/medicines/160mg-super-kamagra-sildenafil-and-dapoxetine-tablets-ablets-1.webp | /images/medicines/160mg-super-kamagra-sildenafil-and-dapoxetine-tablets-ablets-2.webp | /images/medicines/160mg-super-kamagra-sildenafil-and-dapoxetine-tablets-ablets-3.webp,,,,novamedsolutions.in,/catalog/160mg-super-kamagra-sildenafil-and-dapoxetine-tablets-ablets,,,,,,,,,,,,,,,,,,,,,,,,,,,,,,,,,60 mg,,,,,,,,,,,,,,,,,,,,,,,,,,,,,,,,,,,,,,,Fortune Healthcare,,,,,4 tablets,,,,,,,,,,,,,,,,,,,,,,,,Prescription,,,,,,,,,,,,,,,,,,,,,,,,36 Months,,,,100 mg,,,,,,,,,,,,,,,,,,,,,,,,,,,,,,,,,,,,,
1mg-ajapride-glimepiride-tablet-131891,1mg Ajapride Glimepiride Tablet,Tablets,Glimepiride,,1 mg,Ajapride,Pack Size: 20 tablets,,Price on request,1mg Ajapride Glimepiride Tablet plays a vital role in managing general therapeutic-related health issues.1mg Ajapride Glimepiride tablets are used for managing blood glucose levels in Type 2 Diabetes.,/images/medicines/1mg-ajapride-glimepiride-tablet-131891-1.webp | /images/medicines/1mg-ajapride-glimepiride-tablet-131891-2.webp | /images/medicines/1mg-ajapride-glimepiride-tablet-131891-3.webp,,2859592131891,,novamedsolutions.in,/catalog/1mg-ajapride-glimepiride-tablet-131891,,,,,,,,,,,,,,,,,,,,,,,,,,,,,,,,,,,,,,,,,,,,,,,,,,,,,,,,,,,,,,,,,,,,,,,,,,,,,,,,,,,,,,,,,,,,,,,,,,,,,,,,,,,,,,,,,,,Immediate Release,,,,,,,,,,36 months,,,,,,,,,,,,,,,,,,,,,,,,,,,,,,Type 2 Diabetes,,,,,,,,,,,
1mg-hirepa-repaglinide-tablet-tablet,1mg Hirepa Repaglinide Tablet,Tablets,Repaglinide,,1 mg,Hirepa,Pack Size: 30 tablets,,Price on request,Hirepa 1mg Tablet is an anti-diabetic medication. It increases the amount of insulin released by the pancreas which prevents blood glucose from rising very high after meals.,/images/medicines/1mg-hirepa-repaglinide-tablet-tablet-1.jpg | /images/medicines/1mg-hirepa-repaglinide-tablet-tablet-2.webp | /images/medicines/1mg-hirepa-repaglinide-tablet-tablet-3.webp,,,,novamedsolutions.in,/catalog/1mg-hirepa-repaglinide-tablet-tablet,,,,,,,,,,,,,,,,,,,,,,,,,,,,,,,,,,,,,,,,,,,,,,,,,,,,,,,,,,,,,,,,,,,,,,,,,,,,,,,,,,,,,,,,,,,,,,,,,,,,,,,,,,,,,,,,,,,Immediate Release,,,,,,,,,,24 months,,,,,,,,,,,,,Sugar Free,,,,,,,,,,,,,,,,,Type 2 Diabetes,,,,,,,,,,,
1mg-inlyta-axitinib-tablets-164091,1mg Inlyta Axitinib Tablets,Tablets,Axitinib 1 mg,Tablet,1 mg,Inlyta,Pack Size: 28 tablets; Packaging Type: Blister Pack,,Price on request,1mg Inlyta Axitinib Tablets is an effective medication used in the treatment of general therapeutic conditions. 1mg Inlyta Axitinib tablets are used for advanced kidney cancer treatment.,/images/medicines/1mg-inlyta-axitinib-tablets-164091-1.webp | /images/medicines/1mg-inlyta-axitinib-tablets-164091-2.webp | /images/medicines/1mg-inlyta-axitinib-tablets-164091-3.webp,,2859592164091,,novamedsolutions.in,/catalog/1mg-inlyta-axitinib-tablets-164091,,,,,,,,,,,,,,,,,,,,,,,,,,,,,,,,,,,,,,,,,,,,,,,,,,,,,,,,,,,,,,,,,Renal Cell Carcinoma,,,,,,,Pfizer,,,,,,,,,,,,,,,,,,,,,,,,,,,,,Rx Only,,,,,,,,,,,,,,,,,,,,,,,,,,,,,,,,,,,,,,,,,,,,,,,,,,,,,,,,,,,,,,,,,
1mg-varnitrip-varenicline-tablets-146791,1mg Varnitrip Varenicline Tablets,Tablets,,,1 mg,Varnitrip,Pack Size: 10 tablets; Packaging Type: Alu Alu,,Price on request,"It contains 'Varenicline,' which is a smoking cessation aid. It is a nicotinic agonist and blocks nicotine's effects by acting on the nicotinic receptors in the central nervous system.",/images/medicines/1mg-varnitrip-varenicline-tablets-146791-1.jpeg | /images/medicines/1mg-varnitrip-varenicline-tablets-146791-2.webp | /images/medicines/1mg-varnitrip-varenicline-tablets-146791-3.jpg,,2859592146791,,novamedsolutions.in,/catalog/1mg-varnitrip-varenicline-tablets-146791,,,,,,,,,,,,,,,,,,,,,,,,,,,,,,,,,,,,,,,,,,,,,,,,,,,,,,,,,,Tablet,,,,,,,,,,,,,,,,,,,,,,,,,,,,,,,,,,,,,,,,Prescription,,,,,,,,,,,,,,,,,,,,,,,,,,,36 months,,,,,,,,,,,,,,,,,,,,,,,,,,Allopathic,,,,Smoking Cessation,,,,,,,,,,,
2-5mg-borviz-bortezomib-injection-124991,2.5mg Borviz Bortezomib Injection,Injections,,Lyophilized,2.5 mg,Borviz,Pack Size: Vial,,Price on request,"2.5mg Borviz Bortezomib Injection plays a vital role in managing general therapeutic-related health issues. This medicine acts on specific biological pathways to control symptoms and improve patient health. It is known for delivering reliable outcomes when taken as prescribed by healthcare professionals. Healthcare guidance is essential while using this medicine to ensure safe and effective treatment outcomes. 2.5mg Borviz Bortezomib Injection is manufactured under strict quality standards to ensure safety and efficacy. Mild side effects may occur but usually resolve on their own. In addition, 2.5mg Borviz Bortezomib Injection supports better clinical outcomes by enhancing treatment response in patients. Its role in general therapeutic therapy has been well recognized due to its effectiveness and patient tolerance. Continuous use as prescribed can significantly improve quality of life and help manage the condition efficiently.2.5mg Borviz Bortezomib Injection plays a vital role in managing general therapeutic-related health issues. This medicine acts on specific biological pathways to control symptoms and improve patient health. It is known for delivering reliable outcomes when taken as prescribed by healthcare professionals. Healthcare guidance is essential while using this medicine to ensure safe and effective treatment outcomes. 2.5mg Borviz Bortezomib Injection is manufactured under strict quality standards to ensure safety and efficacy. Mild side effects may occur but usually resolve on their own. In addition, 2.5mg Borviz Bortezomib Injection supports better clinical outcomes by enhancing treatment response in patients. Its role in general therapeutic therapy has been well recognized due to its effectiveness and patient tolerance. Continuous use as prescribed can",/images/medicines/2-5mg-borviz-bortezomib-injection-124991-1.webp | /images/medicines/2-5mg-borviz-bortezomib-injection-124991-2.webp | /images/medicines/2-5mg-borviz-bortezomib-injection-124991-3.webp | /images/medicines/2-5mg-borviz-bortezomib-injection-124991-4.jpeg,,2859592124991,,novamedsolutions.in,/catalog/2-5mg-borviz-bortezomib-injection-124991,,,,,,,,,,,,,,,,,,,,,,,,,,,,,,,,,,,,,,,,,,,,,,,,,,,,,,,,,,,,,,,,,,,,,,,,,,,,,,,,,,,,,,,,,,,,,,,,,,,,,,,,,,,,,,,,,,,,"SC, IV",,,,,,,,,,,,,,,,,,2–8°C,,,,,,,,,,,,,,,,,,,,,Cancer Care,,,,,,,,,,,
200mg-cresemba-isavuconazole-injection-ection,200mg Cresemba Isavuconazole Injection,Injections,,,200 mg vial,Cresemba,Pack Size: Single vial; Packaging Type: Glass vial,,Price on request,200mg Cresemba Isavuconazole injection is used for invasive fungal infections such as aspergillosis and mucormycosis.,/images/medicines/200mg-cresemba-isavuconazole-injection-ection-1.webp | /images/medicines/200mg-cresemba-isavuconazole-injection-ection-2.webp | /images/medicines/200mg-cresemba-isavuconazole-injection-ection-3.webp,,,,novamedsolutions.in,/catalog/200mg-cresemba-isavuconazole-injection-ection,,,,,,,,,,,,,,,,,,,,,,,,,,,,,,,,,,,,,,,,,,,,,,,,,,,,Powder for injection,,,,,,,,,,,,,,,,,,,,,,,,,,,,,,,,,,,,,,,,,,,,,,,,,,,,,,,,,,,,,,,,,,,,,,,,,36 months,,,,,,2-8°C,,,,,,,,,,,,,,,,,,,,,,,,,,,,,,,,,,,
200mg-decabol-nandrolone-injection-160233,200mg Decabol Nandrolone Injection,Injections,Nandrolone Decanoate,,,Decabol,Packaging Type: Ampoule,,Price on request,200mg Decabol Nandrolone injection is used in hormone therapy and conditions involving muscle wasting.,/images/medicines/200mg-decabol-nandrolone-injection-160233-1.webp | /images/medicines/200mg-decabol-nandrolone-injection-160233-2.webp | /images/medicines/200mg-decabol-nandrolone-injection-160233-3.jpg,,2859592160233,,novamedsolutions.in,/catalog/200mg-decabol-nandrolone-injection-160233,,,,,,,,,,,,,,,,,,,,,,,,,,,,,,,,,,,,,,,,200 mg,,,,,,,,,,,,,,,,,,,,,,,,,,,,,,,,Evolve Biolabs,,,,,,,,,,10 x 1 ampoules,,,,,,,,,,,,,,USP,,,,,,,,,,,,,,,,,,,,,,,,,,,,,48 months,,,,,,,,,,,,,,,,,,,,,,,,,,,,,,,,,,,,,,,,1 ml,
200mg-fildena-double-sildenafil-citrate-tablets-137948,200mg Fildena Double Sildenafil Citrate Tablets,Tablets,Sildenafil,Tablet,200 mg,Fildena,Packaging Size: 10 tablets; Packaging Type: Blister,,Price on request,200mg Fildena Double Sildenafil Citrate tablets are used for severe erectile dysfunction treatment and improved sexual stamina.,/images/medicines/200mg-fildena-double-sildenafil-citrate-tablets-137948-1.webp | /images/medicines/200mg-fildena-double-sildenafil-citrate-tablets-137948-2.webp | /images/medicines/200mg-fildena-double-sildenafil-citrate-tablets-137948-3.webp,,2859592137948,,novamedsolutions.in,/catalog/200mg-fildena-double-sildenafil-citrate-tablets-137948,,,,,,,,,,,,,,,,,,,,,,,,,,,,,,,,,,,,,,,,,,,,,,,,,,,,,,,,,,,,,,,,,,,,,,,,Fortune Healthcare,,,,,,,,,,,,,,,,,,,,,,,,,,Prescription,,,,,,,,,,,,,,,,,,,,,,,,,,,36 Months,,,,,,,,,,,,,,,,,,,,,,,,,,,,,,,,,,,,,,,,,
200mg-hiforce-sildenafil-capsules-198830,200mg Hiforce Sildenafil Capsules,Capsules,Sildenafil,Tablet,200 mg,Hiforce,Packaging Size: 10 tablets; Packaging Type: Blister,,Price on request,200mg Hiforce Sildenafil Citrate tablets are used for severe erectile dysfunction and support improved blood flow and sexual performance.,/images/medicines/200mg-hiforce-sildenafil-capsules-198830-1.webp | /images/medicines/200mg-hiforce-sildenafil-capsules-198830-2.webp | /images/medicines/200mg-hiforce-sildenafil-capsules-198830-3.webp,,2859592198830,,novamedsolutions.in,/catalog/200mg-hiforce-sildenafil-capsules-198830,,,,,,,,,,,,,,,,,,,,,,,,,,,,,,,,,,,,,,,,,,,,,,,,,,,,,,,,,,,,,,,,,,,,,,,,,,,,,,,,,,,,,,,,,,,,,,,,,,Non Prescription,,,,,,,,,,,,,,,,,,,,,,,,,,,36 Months,,,,,,,,,,,,,,,,,,,,,,,,,,,,,,,,,,,,,,,,,
200mg-hq-christ-hydroxychloroquine-tablet-176362,200mg HQ Christ Hydroxychloroquine Tablet,Tablets,Hydroxychloroquine Sulfate,Tablet,200 mg,HQ Christ,Packaging Type: Blister Pack,,Price on request,"HQ Christ-200mg Hydroxychloroquine tablets are prescribed for autoimmune conditions, inflammatory disorders, and malaria treatment.",/images/medicines/200mg-hq-christ-hydroxychloroquine-tablet-176362-1.webp | /images/medicines/200mg-hq-christ-hydroxychloroquine-tablet-176362-2.webp | /images/medicines/200mg-hq-christ-hydroxychloroquine-tablet-176362-3.webp,,2859592176362,,novamedsolutions.in,/catalog/200mg-hq-christ-hydroxychloroquine-tablet-176362,,,,,,,Malaria,,,,,,,,,,,,,,,,,,,,,,,,,,,,,,,,,,,,,,,,,,,,,,,,,,,,,,,,,,,,,,,,,,,,,,,,,,,,,,,,,,,,,,,,,,,,,,Prescription,,,,,,,,,,,,,,,,,,,,,,,,36 Months,,,,,,,,,,,,,,,,,,,,,,,,,,,,,,,,,,,,,,,,,
200mg-itralase-itraconazole-capsule-apsule,200mg Itralase Itraconazole Capsule,Capsules,Itraconazole,Capsule,200 mg,Itralase,Pack Size: 7 capsules,,Price on request,"200mg Itralase Itraconazole capsules are used for fungal infections involving the skin, nails, and internal organs.",/images/medicines/200mg-itralase-itraconazole-capsule-apsule-1.webp | /images/medicines/200mg-itralase-itraconazole-capsule-apsule-2.webp | /images/medicines/200mg-itralase-itraconazole-capsule-apsule-3.webp,,,,novamedsolutions.in,/catalog/200mg-itralase-itraconazole-capsule-apsule,,,,,,,,,,,,,,,,,,,,,,,,,,,,,,,,,,,,,,,,,,,,,,,,,,,,,,,,,,,,,,,,,,,,,,,,,,,,,,,,,,,,,,,,,,,Strip,,,,,,,,,,,,,,,,,,,,,,,,,,,,,,,,,,36 months,,,,,,,,,,,,,,,,,,,,,,,,,,,,,,,,,,,,,,,,,
200mg-ketocip-ketoconazole-tablet-tablet,200mg Ketocip Ketoconazole Tablet,Tablets,,Tablet,200 mg,Ketocip,Pack Size: 10 tablets,,Price on request,200mg Ketocip Ketoconazole tablets are used for fungal infections affecting the skin and internal organs.,/images/medicines/200mg-ketocip-ketoconazole-tablet-tablet-1.webp | /images/medicines/200mg-ketocip-ketoconazole-tablet-tablet-2.webp | /images/medicines/200mg-ketocip-ketoconazole-tablet-tablet-3.webp,,,,novamedsolutions.in,/catalog/200mg-ketocip-ketoconazole-tablet-tablet,,,,,,,,,,,,,,,,,,,,,,,,,,,,,,,,,,,,,,,,,,,,,,,,,,,,,,,,,,,,,,,,,,,,,,,,Cipla,,,,,,,,,,,,,,,,,,,Strip,,,,,,,,,,,,,,,,,,,,,,,,,,,,,,,,,,36 months,,,,,,,,,,,,,,,,,,,,,,,,,,,,,,Prescription,,,,,,,,,,,
200mg-malegra-sildenafil-citrate-tablets-139548,200mg Malegra Sildenafil Citrate Tablets,Tablets,Sildenafil,Tablet,200mg,Malegra,Packaging Size: 10 Tablets,,Price on request,"Malegra 20 mg is a prescription medication containing sildenafil citrate, primarily used to treat erectile dysfunction (impotence) in adult men. By inhibiting the PDE5 enzyme, it relaxes blood vessels and increases blood flow to the penis during sexual stimulation",/images/medicines/200mg-malegra-sildenafil-citrate-tablets-139548-1.webp | /images/medicines/200mg-malegra-sildenafil-citrate-tablets-139548-2.webp | /images/medicines/200mg-malegra-sildenafil-citrate-tablets-139548-3.webp,,2859592139548,,novamedsolutions.in,/catalog/200mg-malegra-sildenafil-citrate-tablets-139548,,,,,,,,,,,,,,,,,,,,,,,,,,,,,,,,,,,,,,,,,,,,,,,,,,,,,,,,,,,,,,,,Men,,,,,,,,Sunrise Remedies,,,,,,,,,,,,,,,,,,,,,,,,,,,,,,,,,,,,,,,,,,,,,,,,,,,,,,,,,,,,,,,,,,,,,,,,,,,,,,,,,,,,,,,,,,,,,,
200mg-ribavac-ribavirin-capsules-188912,200mg Ribavac Ribavirin Capsules,Capsules,,Capsule,200 mg,Ribavac,Pack Size: 140 capsules; Packaging Type: Bottle,,Price on request,200mg Ribavac Ribavirin capsules are prescribed for viral infections including hepatitis C in combination therapy.,/images/medicines/200mg-ribavac-ribavirin-capsules-188912-1.webp | /images/medicines/200mg-ribavac-ribavirin-capsules-188912-2.webp | /images/medicines/200mg-ribavac-ribavirin-capsules-188912-3.webp,,2859592188912,,novamedsolutions.in,/catalog/200mg-ribavac-ribavirin-capsules-188912,,,,,,,,,,,,,,,,,,,,,,,,,,,,,,,,,,,,,,,,,,,,,,,,,,,,,,,,,,,,,,,,,,,,,,,,Medivac,,,,,,,,,,,,,,,,,,,,,,,,,,Prescription only,,,,,,,,,,,,,,,,,,,,,,,,,,,,,,,,,,,,,,,,,,,,,,,,,,,,,,,,,Chronic hepatitis C,,,,,,,,,,,
200mg-ridsunate-artesunate-tablets-132612,200mg Ridsunate Artesunate Tablets,Tablets,,Tablet,200 mg,,Packaging Type: Blister Pack,,Price on request,200mg Ridsunate Artesunate Tablets is an effective medication used in the treatment of anti-malarial conditions. 200mg Ridsunate Artesunate tablets are used for the treatment of malaria infections.,/images/medicines/200mg-ridsunate-artesunate-tablets-132612-1.webp | /images/medicines/200mg-ridsunate-artesunate-tablets-132612-2.webp | /images/medicines/200mg-ridsunate-artesunate-tablets-132612-3.webp,,2859592132612,,novamedsolutions.in,/catalog/200mg-ridsunate-artesunate-tablets-132612,,,,,,,Mixed Malaria,,,,,,,,,,,,,,Artesunate Alone,,,,,,,,,,,,,,,,,,,,,,,,,,,,,,,,,,,,,,,,,,,,,,,,,,,,,,,,,,,,,,,,,,,,,,,,,,,,,,,,,,,,,,,,,,,,,,,,,,,,,,,,,,,,,,,,,,,,,,,4 Tablets,,,,,,,,,,,,,,,,,,,,,,,,,,
200mg-sorafekast-sorafenib-tablets-162288,200mg Sorafekast Sorafenib Tablets,Tablets,Sorafenib,Tablet,200 mg,Sorafenib,Packaging Size: 30 tablets,,Price on request,"200mg Sorafekast Sorafenib tablets are used for liver cancer, kidney cancer, and thyroid cancer treatment.",/images/medicines/200mg-sorafekast-sorafenib-tablets-162288-1.webp | /images/medicines/200mg-sorafekast-sorafenib-tablets-162288-2.webp | /images/medicines/200mg-sorafekast-sorafenib-tablets-162288-3.webp,,2859592162288,,novamedsolutions.in,/catalog/200mg-sorafekast-sorafenib-tablets-162288,,,,,,,,,,,,,,,,,,,,,,,,,,,,,,,,,,,,,,,,,,,,,,,,,,,,,,,,,,,,,,,,,Thyroid Cancer,,,,,,,Aprazer,,,,,,,,,,,,,,,,,,,,,,,,,,,,,,,,,,,,,,,,,,,,,,,,,,,,,36 months,,,,,,,,,,,,,,,,,,,,,,,,,,,,,,,,,,,,,,,,,
200mg-soranib-sorafenib-tablets-ablets,200mg Soranib Sorafenib Tablets,Tablets,Sorafenib,Tablet,200 mg,Soranib,Packaging Size: 30 tablets,,Price on request,"200mg Soranib Sorafenib Tablets plays a vital role in managing general therapeutic-related health issues. 200mg Soranib Sorafenib tablets are prescribed for liver, thyroid, and kidney cancer treatment.",/images/medicines/200mg-soranib-sorafenib-tablets-ablets-1.jpg | /images/medicines/200mg-soranib-sorafenib-tablets-ablets-2.jpg | /images/medicines/200mg-soranib-sorafenib-tablets-ablets-3.jpeg,,,,novamedsolutions.in,/catalog/200mg-soranib-sorafenib-tablets-ablets,,,,,,,,,,,,,,,,,,,,,,,,,,,,,,,,,,,,,,,,,,,,,,,,,,,,,,,,,,,,,,,,,Thyroid Cancer,,,,,,,Cipla,,,,,,,,,,,,,,,,,,,,,,,,,,,,,,,,,,,,,,,,,,,,,,,,,,,,,36 months,,,,,,,,,,,,,,,,,,,,,,,,,,,,,,,,,,,,,,,,,
200mg-tafero-em-emtricitabine-and-tenofovir-tablet-148691,200mg Tafero EM Emtricitabine And Tenofovir Tablet,Tablets,Emtricitabine/Tenofovir DF,Tablet,200/10 mg,Tafero EM,Pack Size: 30 tablets,,Price on request,"200mg Tafero EM Emtricitabine and Tenofovir tablets are used for HIV treatment and prevention, including antiretroviral therapy and PrEP support.",/images/medicines/200mg-tafero-em-emtricitabine-and-tenofovir-tablet-148691-1.webp | /images/medicines/200mg-tafero-em-emtricitabine-and-tenofovir-tablet-148691-2.webp | /images/medicines/200mg-tafero-em-emtricitabine-and-tenofovir-tablet-148691-3.webp,,2859592148691,,novamedsolutions.in,/catalog/200mg-tafero-em-emtricitabine-and-tenofovir-tablet-148691,,,,,,,,,,,,,,,,,,,,,,,,,,,,,,,,,,,,,,,,,,,,,,,,,,,,,,,,,,,,,,,,,,,,,,,,Hetero Labs,,,,,,,,,,,,,,,,,,,,,,,,,,,,,Prescription,,,,,,,,,,,,,,,,,,,,,,,,36 months,,,,,,,,,,,,,,,,,,,,,,,,,,,,,,HIV Prophylaxis,,,,,,,,,,,
200mg-trenarix-e-trenbolone-injection-158597,200mg Trenarix E Trenbolone Injection,Injections,Trenbolone Enanthate,Solution,200 mg,Trenarix E,Packaging Type: Ampule,,Price on request,200mg Trenarix E Trenbolone Injection plays a vital role in managing general therapeutic-related health issues. 200mg Trenarix E Trenbolone injection is used in muscle-building and hormone-related therapies.,/images/medicines/200mg-trenarix-e-trenbolone-injection-158597-1.webp | /images/medicines/200mg-trenarix-e-trenbolone-injection-158597-2.webp | /images/medicines/200mg-trenarix-e-trenbolone-injection-158597-3.jpeg,,2859592158597,,novamedsolutions.in,/catalog/200mg-trenarix-e-trenbolone-injection-158597,,,,,,,,,,,,,,,,,,,,,,,,,,,,,,,,,,,,,,,,,,,,,,,,,,,,,,,,,,,,,,USP,,,,,,,,,,,,,,,,,,,,,,,,,,1 ml,,,,,,,,,,,,,,,,,,,,,,,,,10,,,,,,,,,,,,36 months,,,,,,,,,,,,,,,,,,,,,,,,,,,,,,,,,,,,,,,,,
200mg-voritek-voriconazole-injection-ection,200mg Voritek Voriconazole Injection,Injections,,,200 mg,Voritek,Pack Size: Single vial; Packaging Type: Glass vial,,Price on request,200mg Voritek Voriconazole injection is used for the treatment of serious invasive fungal infections.,/images/medicines/200mg-voritek-voriconazole-injection-ection-1.webp | /images/medicines/200mg-voritek-voriconazole-injection-ection-2.webp | /images/medicines/200mg-voritek-voriconazole-injection-ection-3.webp,,,,novamedsolutions.in,/catalog/200mg-voritek-voriconazole-injection-ection,,,,,,,,,,,,,,,,,,,,,,,,,,,,,,,,,,,,,,,,,,,,,,,,,,,,,,,,,,,,,,,,,,Lyophilized powder,,,,,,,,,,,,,,,,,,,,,,,,,,,,,,,,,,,,,,,,,,,,,,,,,,,,,,,,,,,36 months,,,,,,Below 25°C,,,,,,,,,,,,,,,,,,,,,,,,,,,,,,,,,,,
200mg-voritek-voriconazole-tablet-tablet,200mg Voritek Voriconazole Tablet,Tablets,,Tablet,200 mg,Voritek,Pack Size: 4 tablets,,Price on request,"200mg Voritek Voriconazole tablets are prescribed for fungal infections affecting the lungs, blood, and other organs.",/images/medicines/200mg-voritek-voriconazole-tablet-tablet-1.webp | /images/medicines/200mg-voritek-voriconazole-tablet-tablet-2.webp | /images/medicines/200mg-voritek-voriconazole-tablet-tablet-3.webp,,,,novamedsolutions.in,/catalog/200mg-voritek-voriconazole-tablet-tablet,,Voriconazole,,,,,,,,,,,,,,,,,,,,,,,,,,,,,,,,,,,,,,,,,,,,,,,,,,,,,,,,,,,,,,,,,,,,,,,,,,,,,,,,,,,,,,,,,Blister,,,,,,,,,,,,,,,,,,,,,,,,,,,,,,,,,,36 months,,,,,,,,,,,,,,,,,,,,,,,,,,,,,,,,,,,,,,,,,
200mg-votrient-pazopanib-tablets-160973,200mg Votrient Pazopanib Tablets,Tablets,,Tablet,200 mg,,Pack Size: 30 tablets,,Price on request,200mg Votrient Pazopanib Tablets is widely prescribed for patients dealing with general therapeutic disorders. 200mg Votrient Pazopanib tablets are used for the treatment of kidney cancer and soft tissue sarcoma.,/images/medicines/200mg-votrient-pazopanib-tablets-160973-1.webp | /images/medicines/200mg-votrient-pazopanib-tablets-160973-2.webp | /images/medicines/200mg-votrient-pazopanib-tablets-160973-3.jpg | /images/medicines/200mg-votrient-pazopanib-tablets-160973-4.webp | /images/medicines/200mg-votrient-pazopanib-tablets-160973-5.webp,,2859592160973,,novamedsolutions.in,/catalog/200mg-votrient-pazopanib-tablets-160973,,,,,,,,,,,,,,,,,,,,,,,,,,,,,,,,,,,,,,,,,,,,,,,,,,,,,,,,,,,,,,,,,,,,,,,,,,,,,,,,,,,,,,,,,,,,,,,,,,,,,Prescription,,,,,,,,,,,,,,,,,,,,,,,,36 months,,,,,,Room temperature,,,,,,,,,,,,,,,,,,,,,,,,Renal cell cancer,,,,,,,,,,,
200mg-zoviclovir-acyclovir-tablets-190591,200mg Zoviclovir Acyclovir Tablets,Tablets,,Tablet,200 mg,Zoviclovir,Packaging Size: 10 tablets; Packaging Type: Blister,,Price on request,"200mg Zoviclovir Acyclovir tablets are used for herpes virus infections, shingles, and cold sores treatment.",/images/medicines/200mg-zoviclovir-acyclovir-tablets-190591-1.jpg | /images/medicines/200mg-zoviclovir-acyclovir-tablets-190591-2.jpeg | /images/medicines/200mg-zoviclovir-acyclovir-tablets-190591-3.webp,,2859592190591,,novamedsolutions.in,/catalog/200mg-zoviclovir-acyclovir-tablets-190591,,,,,,,,,,,,,,,,,,,,,,,,,,,,,,,,,,,,,,,,,,,,,,,,,,,,,,,,,,,,,,,,,,,,,,,,,,,,,,,,,,,,,,,,,,,,,,,,,,Prescription,,,,,,,,,,,,,,,,,,,,,,,,,,,36 months,,,,,,,,,,,,,,,,,,,,,,,,,,,Herpes simplex,,,,,,,,,,,,,,
20mg-assurans-sildenafil-citrate-tablets-140962,20mg Assurans Sildenafil Citrate Tablets,Tablets,Sildenafil,Tablet,20mg,Assurans,Packaging Size: 10x15 Tablets,,Price on request,20mg Assurans Sildenafil Citrate tablets are used for pulmonary arterial hypertension and improved blood circulation.,/images/medicines/20mg-assurans-sildenafil-citrate-tablets-140962-1.webp | /images/medicines/20mg-assurans-sildenafil-citrate-tablets-140962-2.webp | /images/medicines/20mg-assurans-sildenafil-citrate-tablets-140962-3.webp,,2859592140962,,novamedsolutions.in,/catalog/20mg-assurans-sildenafil-citrate-tablets-140962,,,,,,,,,,,,,,,,,,,,,,,,,,,,,,,,,,,,,,,,,,,,,,,,,,,,,,,,,,,,,,,,Men,,,,,,,,Cipla,,,,,,,,,,,,,,,,,,,,,,,,,,,,,,,,,,,,,,,,,,,,,,,,,,,,,,,,,,,,,,,,,,,,,,,,,,,,,,,,,,,,,,,,,,,,,,
20mg-covilife-ivermectine-tablets-185773,20mg Covilife Ivermectine Tablets,Tablets,,Tablet,20 mg,Covilife,Packaging Type: Strip,,Price on request,20mg Covilife Ivermectine Tablets is an effective medication used in the treatment of anti-parasitic conditions. 20mg Covilife Ivermectin tablets are used to treat parasitic infestations and scabies.,/images/medicines/20mg-covilife-ivermectine-tablets-185773-1.webp | /images/medicines/20mg-covilife-ivermectine-tablets-185773-2.jpeg | /images/medicines/20mg-covilife-ivermectine-tablets-185773-3.webp,,2859592185773,,novamedsolutions.in,/catalog/20mg-covilife-ivermectine-tablets-185773,,,,,,,,,,,,,,,,,,,,,,,,,,,,,,,,,,,,,,,,,,,,,,,,,,,,,,,,,,,,,,,,,,,,,,,,,,,,,,,,,,,,,,,,,,,,,,,,,,Prescription,,,,,,,,,,,,,,,,,,,,,,,,,,,36 Month,,,,,,,,,,,,,,,,,,,,,,,,Worm Infestation,,,,,,,,,,,,,,,,,
20mg-cytotam-tamoxifen-citrate-tablets-162588,20mg Cytotam Tamoxifen Citrate Tablets,Tablets,Tamoxifen 20 mg,Tablet,20 mg,Cytotam,Packaging Type: Blister Pack,,Price on request,20mg Cytotam Tamoxifen Citrate tablets are used for the treatment and prevention of hormone receptor-positive breast cancer.,/images/medicines/20mg-cytotam-tamoxifen-citrate-tablets-162588-1.webp | /images/medicines/20mg-cytotam-tamoxifen-citrate-tablets-162588-2.webp | /images/medicines/20mg-cytotam-tamoxifen-citrate-tablets-162588-3.webp,,2859592162588,,novamedsolutions.in,/catalog/20mg-cytotam-tamoxifen-citrate-tablets-162588,,,,,,,,,,,,,,,,,,,,,,,,,,,,,,,,,,,,,,,,,,,,,,,,,,,,,,,,,,,,,,,,,Infertility,,,,,,,Cipla,,,,,,,,,,,,,,,,,,,,,,,,,,,,,Rx Only,,,,,,,,,,,,,,,,,,,,,,,,36 months,,,,,,,,,,,,,,,,,,,,,,,,,,,,,,,,,,,,,,,,,
20mg-snovitra-soft-vardenafil-chewable-tablets-191397,20mg Snovitra Soft Vardenafil Chewable Tablets,Tablets,Vardenafil only,Tablet,20 mg,Snovitra Soft,Packaging Size: 10 Tablets/strip; Packaging Type: Strip,,Price on request,20mg Snovitra Soft Vardenafil chewable tablets are used for erectile dysfunction and male sexual health improvement.,/images/medicines/20mg-snovitra-soft-vardenafil-chewable-tablets-191397-1.webp | /images/medicines/20mg-snovitra-soft-vardenafil-chewable-tablets-191397-2.webp | /images/medicines/20mg-snovitra-soft-vardenafil-chewable-tablets-191397-3.webp,,2859592191397,,novamedsolutions.in,/catalog/20mg-snovitra-soft-vardenafil-chewable-tablets-191397,,,,,,,,,,,,,,,,,,,,,,,,,,,,,,,,,,,,,,,,,,,,,,,,,,,,,,,,,,,,,,,,,,,,,,,,,,,,,,,,,,,,,,,,,,,,,,,,,,,Prescription,,,,,,,,,,,,,,,,,,,,,,,,,,,,,,,,,,,,,,,,,,,,,,,,,,Erectile Dysfunct.,,,,,,,,,,,,,,,,,
20mg-vilitra-vardenafil-tablets-194973,20mg Vilitra Vardenafil Tablets,Tablets,Vardenafil only,Tablet,20 mg,Vilitra,Packaging Size: 10 Tablets/strip; Packaging Type: Box,,Price on request,"20mg Vilitra Vardenafil tablets are prescribed for erectile dysfunction treatment by improving blood flow to the penile region, supporting stronger erections and better sexual performance in men.",/images/medicines/20mg-vilitra-vardenafil-tablets-194973-1.webp | /images/medicines/20mg-vilitra-vardenafil-tablets-194973-2.jpg | /images/medicines/20mg-vilitra-vardenafil-tablets-194973-3.jpg,,2859592194973,,novamedsolutions.in,/catalog/20mg-vilitra-vardenafil-tablets-194973,,,,,,,,,,,,,,,,,,,,,,,,,,,,,,,,,,,,,,,,,,,,,,,,,,,,,,,,,,,,,,,,,,,,,,,,Centurion Remedies,,,,,,,,,,,,,,,,,,,,,,,,,,,Prescription,,,,,,,,,,,,,,,,,,,,,,,,,,,,,,,,,,,,,,,,,,,,,,,,,,Erectile Dysfunct.,,,,,,,,,,,,,,,,,
20mg-xabclot-rivaroxaban-tablets-154548,20mg Xabclot Rivaroxaban Tablets,Tablets,Rivaroxaban 20 mg,,20 mg,Xabclot,Pack Size: 28 tablets; Packaging Type: Blister,,Price on request,"It is prescribed for conditions like deep vein thrombosis (DVT), pulmonary embolism, and stroke prevention in atrial fibrillation patients. The medication helps maintain smooth blood flow and reduces the risk of life-threatening clot formation.",/images/medicines/20mg-xabclot-rivaroxaban-tablets-154548-1.webp | /images/medicines/20mg-xabclot-rivaroxaban-tablets-154548-2.webp | /images/medicines/20mg-xabclot-rivaroxaban-tablets-154548-3.webp,,2859592154548,,novamedsolutions.in,/catalog/20mg-xabclot-rivaroxaban-tablets-154548,,,,,,,,,,,,,,,,,,,,,,,,,,,,,,,,,,,,,,,,,,,,,,,,,,,,,,,,,,,,,,,,,DVT treatment,,,,,,,,,,,,,,,,,,,,,,,,,,,,,,,,,,,,Prescription,,,,,,,,,,,,,,,,,,,,,,,,,,,,,,,,,,,,,,,,,,,,,,,,,,,,,,,,,,,,,,,,,
20mg-zopinap-zopiclone-tablets-153073,20mg Zopinap Zopiclone Tablets,Tablets,Zopiclone,,20 mg,Zopinap,Packaging Size: 10 × 10 tablets; Packaging Type: Blister Pack,,Price on request,"20 mg Zopinap Tablets contain Zopiclone, a sedative-hypnotic medication used for the short-term treatment of insomnia and related sleep disturbances. It is particularly helpful for individuals who have difficulty falling asleep, frequent nighttime awakenings, or poor sleep quality.",/images/medicines/20mg-zopinap-zopiclone-tablets-153073-1.webp | /images/medicines/20mg-zopinap-zopiclone-tablets-153073-2.webp | /images/medicines/20mg-zopinap-zopiclone-tablets-153073-3.webp | /images/medicines/20mg-zopinap-zopiclone-tablets-153073-4.webp | /images/medicines/20mg-zopinap-zopiclone-tablets-153073-5.webp,,2859592153073,,novamedsolutions.in,/catalog/20mg-zopinap-zopiclone-tablets-153073,,,,,,,,,,,,,,,,,,,,,,,,,,,,,,,,,,,,,,,,,,,,,,,,,,,,,,,,,,,,,,,,,,,,,,,,,,,,,,,,,,,,,,,,,,,,,,,,,,,,,,,,,,,,,,,,,,,,,,,,,,,,,36 months,,,,,,,,Cool and Dry Place,,,,,,,,,,,,,,,,,,,,,,,,,,,,,,,,,
222mg-fenzee-fenbendazole-tablet-182591,222mg Fenzee Fenbendazole Tablet,Tablets,Fenbendazole,Tablet,222 mg,,Pack Size: 10 Tablets; Packaging Type: Blister,,Price on request,"Fenzee 222mg is a broad-spectrum anthelmintic (dewormer) tablet containing Fenbendazole, primarily used in veterinary medicine to treat internal parasitic infections in animals",/images/medicines/222mg-fenzee-fenbendazole-tablet-182591-1.jpeg | /images/medicines/222mg-fenzee-fenbendazole-tablet-182591-2.jpeg | /images/medicines/222mg-fenzee-fenbendazole-tablet-182591-3.jpg,,2859592182591,,novamedsolutions.in,/catalog/222mg-fenzee-fenbendazole-tablet-182591,,,,,,,,,,,,,,,,,,,,,,,,,,,,,,,,,,,,,,,,,,,,,,,,,,,,,,,,,,,,,,,,,,,,,,,,,,,,,,,,,,,,,,,,,,,,,,,,,,Prescription,,,,,,,,,,,,,,,,,,,,,,,,,,,36 months,,,,,,,,,,,,,,,,,,,,,,,,,,,,,,,,,,,,,,,,,
222mg-wormistar-fenbendazole-tablet-134448,222mg Wormistar Fenbendazole Tablet,Tablets,Fenbendazole,Tablet,222 mg,,Pack Size: 10 Tablets; Packaging Type: Blister,,Price on request,WORMISTAR 222 tablets containing Fenbendazole are used for intestinal worm and parasite infection treatment.,/images/medicines/222mg-wormistar-fenbendazole-tablet-134448-1.png | /images/medicines/222mg-wormistar-fenbendazole-tablet-134448-2.webp | /images/medicines/222mg-wormistar-fenbendazole-tablet-134448-3.jpeg,,2859592134448,,novamedsolutions.in,/catalog/222mg-wormistar-fenbendazole-tablet-134448,,,,,,,,,,,,,,,,,,,,,,,,,,,,,,,,,,,,,,,,,,,,,,,,,,,,,,,,,,,,,,,,,,,,,,,,,,,,,,,,,,,,,,,,,,,,,,,,,,Prescription,,,,,,,,,,,,,,,,,,,,,,,,,,,36 months,,,,,,,,,,,,,,,,,,,,,,,,,,,,,,,,,,,,,,,,,
225mg-tafero-em-emtricitabine-tenofovir-alafenamide-tablets-149248,225mg Tafero Em Emtricitabine Tenofovir Alafenamide.Tablets,Tablets,Tenofovir Alafenamide,,225 mg,Tafero Em,Pack Size: 30 tablets,,Price on request,"id=""225mg-tafero-em-emtricitabine-tenofovir-alafenamide-tablets"" class=""pa mr34"">",/images/medicines/225mg-tafero-em-emtricitabine-tenofovir-alafenamide-tablets-149248-1.webp | /images/medicines/225mg-tafero-em-emtricitabine-tenofovir-alafenamide-tablets-149248-2.jpg | /images/medicines/225mg-tafero-em-emtricitabine-tenofovir-alafenamide-tablets-149248-3.webp,,2859592149248,,novamedsolutions.in,/catalog/225mg-tafero-em-emtricitabine-tenofovir-alafenamide-tablets-149248,,,,,,,,,,,,,,,,,,,,,,,,,,,,,,,,,,,,,,,,,,,,,,,,,,,,,,,,,,,,Tenofovir DF,,,,,,,,,,,,Hetero Labs,,,,,,,,,,,,,,,,,,,,,,,,,,,,,Prescription,,,,,,,,,,,,,,,,,,,,,,,,36 months,,,,,,,,,,,,,,,,,,,,,,,,,,,,,,HIV First Line,,,,,,,,,,,
225mg-taficita-emtricitabine-tablet-150512,225mg Taficita Emtricitabine Tablet,Tablets,,Tablet,225 mg,Taficita,Packaging Size: 30 tablets,,Price on request,225mg Taficita Emtricitabine tablets are used in combination therapy for the treatment and prevention of Human Immunodeficiency Virus Infection.,/images/medicines/225mg-taficita-emtricitabine-tablet-150512-1.webp | /images/medicines/225mg-taficita-emtricitabine-tablet-150512-2.webp | /images/medicines/225mg-taficita-emtricitabine-tablet-150512-3.webp,,2859592150512,,novamedsolutions.in,/catalog/225mg-taficita-emtricitabine-tablet-150512,,,,,,,,,,,,,,,,,,,,,,,,,,,,,,,,,,,,,,,,,,,,,,,,,,,Tenofovir AF,,,,,,,,,,,,,,,,,,,,Mylan,,,,,,,,,,,,,,,,,,,,,,,,,,,Prescription,,,,,,,,,,,,,,,,,,,,,,,,,,,,,,,,,,,,,,,,,,,,,,,,,,,HIV Infection,,,,,,HIV Treatment,,,,,,,,,,,
2500mcg-methojem-methylcobalamin-injection-153555,2500mcg Methojem Methylcobalamin Injection,Injections,,Injection,2500 mcg/ml,,Pack Size: 1 ml; Pack Type: Ampoule,,Price on request,"2500mcg Methojem Methylcobalamin injection is used for nerve damage, vitamin B12 deficiency, and neuropathy treatment.",/images/medicines/2500mcg-methojem-methylcobalamin-injection-153555-1.jpeg | /images/medicines/2500mcg-methojem-methylcobalamin-injection-153555-2.png | /images/medicines/2500mcg-methojem-methylcobalamin-injection-153555-3.png,,2859592153555,,novamedsolutions.in,/catalog/2500mcg-methojem-methylcobalamin-injection-153555,,,,,,,,,,,,,,,,,,,,,,,,,,,,,,,,,,,,,,,,,,,,,,,,,,,,,,,,,,,,,,,,,,,,,,,,,,,,,,,,,,,,,,,,,,,,,,,,,,,,,,,,,,,,,,,,,,,,IM,,,,,,,,,36 months,,,,,,,,,,,,,,,,,,,,,,,,,,,,,,,,,,,,,,,,,Yes
250mg-abirapro-abiraterone-acetate-tablets-ablets,250mg Abirapro Abiraterone Acetate Tablets,Tablets,Abiraterone Acetate 250 mg,Tablet,250 mg,Abirapro,Pack Type: Bottle,,Price on request,250mg Abirapro Abiraterone Acetate tablets are used for metastatic prostate cancer treatment.,/images/medicines/250mg-abirapro-abiraterone-acetate-tablets-ablets-1.webp | /images/medicines/250mg-abirapro-abiraterone-acetate-tablets-ablets-2.webp | /images/medicines/250mg-abirapro-abiraterone-acetate-tablets-ablets-3.webp | /images/medicines/250mg-abirapro-abiraterone-acetate-tablets-ablets-4.webp,,,,novamedsolutions.in,/catalog/250mg-abirapro-abiraterone-acetate-tablets-ablets,,,,,,,,,,,,,,,,,,,,,,,,,,,,,,,,,,,,,,,,,,,,,,,,,,,,,,,,,,,,,,,,,,,,,,,,,,,,,,,,,,,,,,,,,,,,,,,,,,,,,,,,,,,,,,,,,,,,,,,,,,,,,36 Months,,,,,,,,,,,,,,,,,120 Tablets,,,,,,,,,,,,,Cancer Care,,,,,,,,,,,
250mg-emletra-lopinavir-ritonavir-tablets-148091,250mg Emletra Lopinavir Ritonavir Tablets,Tablets,Lopinavir/Ritonavir,Tablet,200/50 mg,Emletra,Pack Size: 60 tablets,,Price on request,Emletra Lopinavir + Ritonavir tablets are prescribed for the management of Human Immunodeficiency Virus Infection by reducing the amount of virus in the body.,/images/medicines/250mg-emletra-lopinavir-ritonavir-tablets-148091-1.webp | /images/medicines/250mg-emletra-lopinavir-ritonavir-tablets-148091-2.webp | /images/medicines/250mg-emletra-lopinavir-ritonavir-tablets-148091-3.webp,,2859592148091,,novamedsolutions.in,/catalog/250mg-emletra-lopinavir-ritonavir-tablets-148091,,,,,,,,,,,,,,,,,,,,,,,,,,,,,,,,,,,,,,,,,,,,,,,,,,,,,,,,,,,,,,,,,,,,,,,,,,,,,,,,,,,,,,,,,,,,,,,,,,,,,Prescription,,,,,,,,,,,,,,,,,,,,,,,,36 months,,,,,,,,,,,,,,,,,,,,,,,,,,,,,,HIV Treatment,,,,,,,,,,,
250mg-famciclovir-tablet-188162,250mg Famciclovir Tablet,Tablets,,Tablet,250 mg,Famciclovir,Pack Size: 6 tablets; Packaging Type: Strip,,Price on request,"250mg Famciclovir Tablet plays a vital role in managing general therapeutic-related health issues. 250mg Famciclovir tablets are prescribed for herpes zoster, genital herpes, and viral infection treatment.",/images/medicines/250mg-famciclovir-tablet-188162-1.webp | /images/medicines/250mg-famciclovir-tablet-188162-2.webp | /images/medicines/250mg-famciclovir-tablet-188162-3.webp,,2859592188162,,novamedsolutions.in,/catalog/250mg-famciclovir-tablet-188162,,,,,,,,,,,,,,,,,,,,,,,,,,,,,,,,,,,,,,,,,,,,,,,,,,,,,,,,,,,,,,,,,,,,,,,,,,,,,,,,,,,,,,,,,,,,,,,,,,Prescription only,,,,,,,,,,,,,,,,,,,,,,,,,,,,,,,,,,,,,,,,,,,,,,,,,,,,,,,,,Herpes zoster,,,,,,,,,,,
250mg-glucophage-metformin-hydrochloride-tablets-ablets,250mg Glucophage Metformin Hydrochloride Tablets,Tablets,,Tablet,250 mg,Glucophage,Pack Size: 5x10 tablets; Packaging Type: Blister,,Price on request,Glucophage 250mg Metformin tablets are used to improve blood sugar control in patients with Type 2 Diabetes.,/images/medicines/250mg-glucophage-metformin-hydrochloride-tablets-ablets-1.webp | /images/medicines/250mg-glucophage-metformin-hydrochloride-tablets-ablets-2.webp | /images/medicines/250mg-glucophage-metformin-hydrochloride-tablets-ablets-3.webp,,,,novamedsolutions.in,/catalog/250mg-glucophage-metformin-hydrochloride-tablets-ablets,,,,,,,,,,,,,,,,,,,,,,,,,,,,,,,,,,,,,,,,,,,,,,,,,,,,,,,,,,,,,,,,,,,,,,,,,,,,,,,,,,,,,,,,,,,,,,,,,,,,,Prescription,,,,,,,,,,,,,,SR,,,,,,,,,,36 months,,,,,,,,,,,,,,,,,,,,,,,,,,,,,,Type 2 Diabetes,,,,,,,,,,,
250mg-ritocom-lopinavir-and-ritonavir-tablets-149333,250mg Ritocom Lopinavir And Ritonavir Tablets,Tablets,Lopinavir/Ritonavir,Tablet,200/50 mg,Ritocom,Pack Size: 30 tablets,,Price on request,250mg Ritocom Lopinavir and Ritonavir tablets are used as antiretroviral therapy for controlling HIV infection and improving immune response.,/images/medicines/250mg-ritocom-lopinavir-and-ritonavir-tablets-149333-1.webp | /images/medicines/250mg-ritocom-lopinavir-and-ritonavir-tablets-149333-2.webp | /images/medicines/250mg-ritocom-lopinavir-and-ritonavir-tablets-149333-3.webp,,2859592149333,,novamedsolutions.in,/catalog/250mg-ritocom-lopinavir-and-ritonavir-tablets-149333,,,,,,,,,,,,,,,,,,,,,,,,,,,,,,,,,,,,,,,,,,,,,,,,,,,,,,,,,,,,,,,,,,,,,,,,Hetero Labs,,,,,,,,,,,,,,,,,,,,,,,,,,,,,Prescription,,,,,,,,,,,,,,,,,,,,,,,,36 months,,,,,,,,,,,,,,,,,,,,,,,,,,,,,,HIV Treatment,,,,,,,,,,,
250mg-terbicip-terbinafine-tablets-ablets,250mg Terbicip Terbinafine Tablets,Tablets,,Tablet,250 mg,Terbicip,Pack Size: 15 tablets,,Price on request,"250mg Terbicip Terbinafine Tablets is an effective medication used in the treatment of general therapeutic conditions. 250mg Terbicip Terbinafine tablets are prescribed for fungal nail, skin, and scalp infections.",/images/medicines/250mg-terbicip-terbinafine-tablets-ablets-1.webp | /images/medicines/250mg-terbicip-terbinafine-tablets-ablets-2.webp | /images/medicines/250mg-terbicip-terbinafine-tablets-ablets-3.webp,,,,novamedsolutions.in,/catalog/250mg-terbicip-terbinafine-tablets-ablets,,,,,,,,,,,,,,,,,,,,,,,,,,,,,,,,,,,,,,,,,,,,,,,,,,,,,,,,,,,,,,,,,,,,,,,,Cipla,,,,,,,,,,,,,,,,,,,Blister,,,,,,,,,,,,,,,,,,,,,,,,,,,,,,,,,,36 months,,,,,,,,,,,,,,,,,,,,,,,,,,,,,,Prescription,,,,,,,,,,,
25mcg-thyronorm-thyroxine-sodium-tablets-158830,25mcg Thyronorm Thyroxine Sodium Tablets,Tablets,,,25 mcg,Thyronorm,,,Price on request,25mcg Thyronorm Thyroxine Sodium tablets are prescribed for hypothyroidism and thyroid hormone replacement therapy.,/images/medicines/25mcg-thyronorm-thyroxine-sodium-tablets-158830-1.webp | /images/medicines/25mcg-thyronorm-thyroxine-sodium-tablets-158830-2.webp | /images/medicines/25mcg-thyronorm-thyroxine-sodium-tablets-158830-3.jpeg | /images/medicines/25mcg-thyronorm-thyroxine-sodium-tablets-158830-4.webp,,2859592158830,,novamedsolutions.in,/catalog/25mcg-thyronorm-thyroxine-sodium-tablets-158830,,,,,,,,,,,,,,,,,,,,,,,,,,,,,,,,,,,,,,,,,Tablet,,,,,,,,,,,,,,,,,,,,,,,,,,,,,,,,,,,,,,,,,,,,,,,,120 tablets,Bottle,,,,,,,,,,,Prescription,,,,,,,,,,,,,,,,,,,,,,,,,36 months,,,,,Store in cool place,,,,,,,,,,,,,,,,,,,,,,Hypothyroidism,,,,,,,,,,,,,
25mg-carvismart-carvedilol-tablet-137230,25mg Carvismart Carvedilol Tablet,Tablets,Carvedilol,,,Carvismart,Packaging Size: 10 x 10 tablets; Packaging Type: Strip,,Price on request,"25mg Carvismart Carvedilol Tablet is Used Primarily to Treat High Blood Pressure (Hypertension), Heart Failure, and Chest Pain Related to Heart Conditions (Angina); It Works by Relaxing Blood Vessels, Slowing Down the Heart Rate, and Improving the Heart's Ability to Pump Blood Effectively.",/images/medicines/25mg-carvismart-carvedilol-tablet-137230-1.jpg | /images/medicines/25mg-carvismart-carvedilol-tablet-137230-2.webp | /images/medicines/25mg-carvismart-carvedilol-tablet-137230-3.jpeg,,2859592137230,,novamedsolutions.in,/catalog/25mg-carvismart-carvedilol-tablet-137230,,,,,,,,,,,,,,,,,,,,,,,,,,,,,,,,,,,,,,,,,,,,,,,,,25 mg,,,,,,,,,,,,,,,,,,,,,,,,,,,,,,,,,,,,,,,,,,,,,,,IP,,,,,,,,,,,,,,,,,,,,,,,,,,,,,36 months,,,,,,Room Temperature,,,,,,,,,,,,,,,,,,Hypertension and Angina,,,,,,,,,,,,,,,,,
25mg-cenforce-sildenafil-citrate-tablets-143991,25mg Cenforce Sildenafil Citrate Tablets,Tablets,Sildenafil Citrate,Tablet,,Cenforce,Packaging Size: 10 Tablets/Strip; Packaging Type: Blister Pack,,Price on request,25mg Cenforce Sildenafil Citrate tablets are used for mild erectile dysfunction management and improving sexual confidence in men.,/images/medicines/25mg-cenforce-sildenafil-citrate-tablets-143991-1.webp | /images/medicines/25mg-cenforce-sildenafil-citrate-tablets-143991-2.png | /images/medicines/25mg-cenforce-sildenafil-citrate-tablets-143991-3.jpg,,2859592143991,,novamedsolutions.in,/catalog/25mg-cenforce-sildenafil-citrate-tablets-143991,,,,,,,,,,,,,,,,,,,,,,,,,,,,,,,,,,,,,,,,,,,,,,,,,,,,,,,,,,,,,,,,,,,,,,,,Centurion Labs,,,,,100 tablets,,,,,,,,,,,,,,,,,,,,,,,,Prescription,,,,,,,,,,,,,,,,,,,,,,,,36 months,,,,25 mg,,,,,,,,,,,,,,,,,,,,,,,,,,,,,,,,,,,,,
25mg-empacon-empagliflozin-tablet-tablet,25mg Empacon Empagliflozin Tablet,Tablets,Empagliflozin,,25 mg,Empacon,Pack Size: 10 tablets,,Price on request,25mg Empacon Empagliflozin tablets are used to improve glycemic control in adults with Type 2 Diabetes.,/images/medicines/25mg-empacon-empagliflozin-tablet-tablet-1.webp | /images/medicines/25mg-empacon-empagliflozin-tablet-tablet-2.webp | /images/medicines/25mg-empacon-empagliflozin-tablet-tablet-3.webp,,,,novamedsolutions.in,/catalog/25mg-empacon-empagliflozin-tablet-tablet,,,,,,,,,,,,,,,,,,,,,,,,,,,,,,,,,,,,,,,,,,,,,,,,,,,,,,,,,,,,,,,,,,,,,,,,,,,,,,,,,,,,,,,,,,,,,,,,,,,,,Rx Only,,,,,,,,,,,,,,,,,,,,,,,,36 months,,,,,,,,,,,,,,,,,,,,,,,,,,,,,,Type 2 Diabetes,,,,,,,,,,,
25mg-fildena-sildenafil-citrate-tablets-ablets,25mg Fildena Sildenafil Citrate Tablets,Tablets,Sildenafil,Tablet,25 mg,Fildena,Packaging Size: 10 tablets; Packaging Type: Blister,,Price on request,25mg Fildena Sildenafil Citrate Tablets plays a vital role in managing erectile dysfunction-related health issues. 25mg Fildena Sildenafil Citrate tablets are prescribed for erectile dysfunction treatment in lower doses.,/images/medicines/25mg-fildena-sildenafil-citrate-tablets-ablets-1.webp | /images/medicines/25mg-fildena-sildenafil-citrate-tablets-ablets-2.webp | /images/medicines/25mg-fildena-sildenafil-citrate-tablets-ablets-3.webp,,,,novamedsolutions.in,/catalog/25mg-fildena-sildenafil-citrate-tablets-ablets,,,,,,,,,,,,,,,,,,,,,,,,,,,,,,,,,,,,,,,,,,,,,,,,,,,,,,,,,,,,,,,,,,,,,,,,Fortune Healthcare,,,,,,,,,,,,,,,,,,,,,,,,,,Prescription,,,,,,,,,,,,,,,,,,,,,,,,,,,36 Months,,,,,,,,,,,,,,,,,,,,,,,,,,,,,,,,,,,,,,,,,
25mg-jardiance-empagliflozin-tablet-129933,25mg Jardiance Empagliflozin Tablet,Tablets,Empagliflozin,,25 mg,Jardiance,Pack Size: 90 tablets,,Price on request,25mg Jardiance Empagliflozin tablets are used for the treatment of Type 2 Diabetes and may help reduce cardiovascular risks.,/images/medicines/25mg-jardiance-empagliflozin-tablet-129933-1.webp | /images/medicines/25mg-jardiance-empagliflozin-tablet-129933-2.webp,,2859592129933,,novamedsolutions.in,/catalog/25mg-jardiance-empagliflozin-tablet-129933,,,,,,,,,,,,,,,,,,,,,,,,,,,,,,,,,,,,,,,,,,,,,,,,,,,,,,,,,,,,,,,,,,,,,,,,,,,,,,,,,,,,,,,,,,,,,,,,,,,,,Rx Only,,,,,,,,,,,,,,,,,,,,,,,,36 months,,,,,,,,,,,,,,,,,,,,,,,,,,,,,,Type 2 Diabetes,,,,,,,,,,,
25mg-lanalid-lenalidomide-capsules-psules,25mg Lanalid Lenalidomide Capsules,Capsules,,Capsule,25 mg,Lenalid,Pack Type: Bottle,,Price on request,"25mg Lanalid Lenalidomide capsules are used for treating multiple myeloma, myelodysplastic syndromes, and certain blood cancers by slowing cancer cell growth.",/images/medicines/25mg-lanalid-lenalidomide-capsules-psules-1.webp | /images/medicines/25mg-lanalid-lenalidomide-capsules-psules-2.webp | /images/medicines/25mg-lanalid-lenalidomide-capsules-psules-3.webp,,,,novamedsolutions.in,/catalog/25mg-lanalid-lenalidomide-capsules-psules,,,,,,,,,,,,,,,,30 Capsules,,,,,,,,,,,,,,,,,,,,,,,,,,,,,,,,,,,,,,,,,,,,,,,,,,,,,,,,Natco,,,,,,,,,,,,,,,,,,,,,,,,,,,,,,,,,,,,,,,,,,,,,,,,,,,,,,,,,,,,,,,,,,,,,,,,,,,,,,,,,,,Cancer Care,,,,,,,,,,,
25mg-supermet-xl-metoprolol-succinate-tablet-tablet,25mg Supermet XL Metoprolol Succinate Tablet,Tablets,,Tablet,25 mg,,Pack Size: 10 tablets; Packaging Type: Strip,,Price on request,SUPERMET XL 25MG is widely prescribed for patients dealing with general therapeutic disorders. SUPERMET XL 25mg tablets are used for blood sugar management in patients with Type 2 Diabetes.,/images/medicines/25mg-supermet-xl-metoprolol-succinate-tablet-tablet-1.webp | /images/medicines/25mg-supermet-xl-metoprolol-succinate-tablet-tablet-2.webp | /images/medicines/25mg-supermet-xl-metoprolol-succinate-tablet-tablet-3.webp,,,,novamedsolutions.in,/catalog/25mg-supermet-xl-metoprolol-succinate-tablet-tablet,,,,,,,,,,,,,,,,,,,,,,,,,,,,,,,,,,,,,,,,,,,,,,,,,,,,,,,,,,,,,,,,,,,,,,,,,,,,,,,,,,,,,,,,,,,,,,,,,,,,,Prescription,,,,,,,,,,,,,,Extended Release,,,,,,,,,,,,,,,,Room Temperature,,,,,,,,,,,,,,,,,,,,,,,,Hypertension,,,,,,,,,,,
25mg-sutinat-sunitinib-malate-capsules-psules,25mg Sutinat Sunitinib Malate Capsules,Capsules,,Capsule,25 mg,Sutinat,Packaging Size: 28 Capsules; Pack Type: Bottle,,Price on request,25mg Sutinat Sunitinib malate capsules are used for kidney cancer and gastrointestinal stromal tumor treatment.,/images/medicines/25mg-sutinat-sunitinib-malate-capsules-psules-1.jpg | /images/medicines/25mg-sutinat-sunitinib-malate-capsules-psules-2.webp | /images/medicines/25mg-sutinat-sunitinib-malate-capsules-psules-3.jpeg | /images/medicines/25mg-sutinat-sunitinib-malate-capsules-psules-4.jpg,,,,novamedsolutions.in,/catalog/25mg-sutinat-sunitinib-malate-capsules-psules,,,,,,,,,,,,,,,,,,,,,,,,,,,,,,,,,,,,,,,,,,,,,,,,,,,,,,,,,,,,,,,,,GIST,,,,,,,,,,,,,,,,,,,,,,,,,,,,,,,,,,,,,,,,,,,,,,,,,,,,,,,,,,,,36 Months,,,,,,,,,,,,,,,,,,,,,,,,,,,,,,,,,,,,,,,,,
25mg-tafnat-tenofovir-alafenamide-tablet-tablet,25mg Tafnat Tenofovir Alafenamide Tablet,Tablets,,Tablet,25 mg,Tafnat,Packaging Size: 30 tablets,,Price on request,25mg Tafnat Tenofovir Alafenamide tablets are used in combination therapy for the treatment of Human Immunodeficiency Virus Infection and chronic Hepatitis B.,/images/medicines/25mg-tafnat-tenofovir-alafenamide-tablet-tablet-1.webp | /images/medicines/25mg-tafnat-tenofovir-alafenamide-tablet-tablet-2.webp | /images/medicines/25mg-tafnat-tenofovir-alafenamide-tablet-tablet-3.webp,,,,novamedsolutions.in,/catalog/25mg-tafnat-tenofovir-alafenamide-tablet-tablet,,,,,,,,,,,,,,,,,,,,,,,,,,,,,,,,,,,,,,,,,,,,,,,,,,,Tenofovir Alafenamide,,,,,,,,,,,,,,,,,,,,Natco,,,,,,,,,,,,,,,,,,,,,,,,,,,Prescription,,,,,,,,,,,,,,,,,,,,,,,,,,,,,,,,,,,,,,,,,,,,,,,,,,,HIV Infection,,,,,,HIV Treatment,,,,,,,,,,,
275mg-mcstar-biktarvy-bictegravir-emtricitabine-tenofovir-tablets-ablets,275mg Mcstar Biktarvy Bictegravir Emtricitabine Tenofovir Tablets,Tablets,Emtricitabine & Tenofovir Alafenamide,Tablet,275 mg,Mcstar,Pack Size: 30 tablets,,Price on request,"id=""275mg-mcstar-biktarvy-bictegravir-emtricitabine-tenofovir-tablets"" class=""pa mr34"">",/images/medicines/275mg-mcstar-biktarvy-bictegravir-emtricitabine-tenofovir-tablets-ablets-1.webp | /images/medicines/275mg-mcstar-biktarvy-bictegravir-emtricitabine-tenofovir-tablets-ablets-2.webp | /images/medicines/275mg-mcstar-biktarvy-bictegravir-emtricitabine-tenofovir-tablets-ablets-3.jpeg,,,,novamedsolutions.in,/catalog/275mg-mcstar-biktarvy-bictegravir-emtricitabine-tenofovir-tablets-ablets,,,,,,,,,,,,,,,,,,,,,,,,,,,,,,,,,,,,,,,,,,,,,,,,,,,,,,,,,,,,,,,,,,,,,,,,,,,,,,,,,,,,,,,,,,,,,,,,,,,,,Prescription,,,,,,,,,,,,,,,,,,,,,,,,36 months,,,,,,,,,,,,,,,,,,,,,,,,,,,,,,HIV First Line,,,,,,,,,,,
275mg-taffic-bictegravir-tablet-tablet,275mg Taffic Bictegravir Tablet,Tablets,Bictegravir/Emtricitabine/TAF,Tablet,50/200/25 mg,Taffic,Pack Size: 30 tablets,,Price on request,"It works by blocking the integrase enzyme, preventing viral replication and helping control HIV infection. It is often part of combination therapy for optimal results.",/images/medicines/275mg-taffic-bictegravir-tablet-tablet-1.webp | /images/medicines/275mg-taffic-bictegravir-tablet-tablet-2.webp | /images/medicines/275mg-taffic-bictegravir-tablet-tablet-3.webp,,,,novamedsolutions.in,/catalog/275mg-taffic-bictegravir-tablet-tablet,,,,,,,,,,,,,,,,,,,,,,,,,,,,,,,,,,,,,,,,,,,,,,,,,,,,,,,,,,,,,,,,,,,,,,,,Gilead Sciences,,,,,,,,,,,,,,,,,,,,,,,,,,,,,Prescription,,,,,,,,,,,,,,,,,,,,,,,,24 months,,,,,,,,,,,,,,,,,,,,,,,,,,,,,,HIV Treatment,,,,,,,,,,,
2mg-clokeran-chlorambucil-tablets-ablets,2mg Clokeran Chlorambucil Tablets,Tablets,Chlorambucil IP,Tablet,2 mg,Clokeran,Pack Size: 30 Tablets; Packaging Type: Bottle,,Price on request,2mg Clokeran Chlorambucil Tablets is widely prescribed for patients dealing with general therapeutic disorders. 2mg Clokeran Chlorambucil tablets are prescribed for leukemia and lymphoma treatment.,/images/medicines/2mg-clokeran-chlorambucil-tablets-ablets-1.webp | /images/medicines/2mg-clokeran-chlorambucil-tablets-ablets-2.jpeg | /images/medicines/2mg-clokeran-chlorambucil-tablets-ablets-3.webp,,,,novamedsolutions.in,/catalog/2mg-clokeran-chlorambucil-tablets-ablets,,,,,,,,,,,,,,,,,,,,,,,,,,,,,,,,,,,,,,,,,,,,,,,,,,,,,,,,,,,,,,,,,,,,,,,,,,,,,,,,,,,,,,,,,,,,,,,,,,,,,,,,,,,,,,,,,,,,,,,,,,,,,,,,,,,,,,,,,,,,,,,,,,,,,,,,,,,CLL,,,,,,,,,,,
2mg-forcan-fluconazole-injection-ection,2mg Forcan Fluconazole Injection,Injections,,,2 mg/ml,Forcan,Pack Size: 100 ml vial; Packaging Type: Vial,,Price on request,", an antifungal medicine used to treat serious fungal and yeast infections affecting the bloodstream, lungs, urinary tract, mouth, throat, and other parts of the body. It works by inhibiting the growth of fungi and is administered under the supervision of a qualified healthcare professional.",/images/medicines/2mg-forcan-fluconazole-injection-ection-1.webp | /images/medicines/2mg-forcan-fluconazole-injection-ection-2.webp | /images/medicines/2mg-forcan-fluconazole-injection-ection-3.webp,,,,novamedsolutions.in,/catalog/2mg-forcan-fluconazole-injection-ection,,,,,,,,,,,,1 vial,,,,,,,,,,,,,,,,,,,,,,,,,,,,,,,,,,,,,,,,,,,,,,,,,,,,,,IV infusion,,,,,,,,,,,,,,,,,,,,,,,,,,,,,,,,,,,,,,,,,,,,,,,,,,,,,,,,,,,36 months,,,,,,Room temperature,,,,,,,,,,,,,,,,,,,,,,,,,,,,,,,,,,,
300mg-bupron-bupropion-tablets-129333,300mg Bupron Bupropion Tablets,Tablets,Bupropion Hydrochloride,Tablets,300 mg,Bupron,Pack Size: 3 × 10 tablets; Packaging Type: Strip,,Price on request,300mg Bupron Bupropion tablets are prescribed for depression management and smoking cessation support.,/images/medicines/300mg-bupron-bupropion-tablets-129333-1.webp | /images/medicines/300mg-bupron-bupropion-tablets-129333-2.webp | /images/medicines/300mg-bupron-bupropion-tablets-129333-3.webp,,2859592129333,,novamedsolutions.in,/catalog/300mg-bupron-bupropion-tablets-129333,,,,,,,,,,,,,,,,,,,,,,,,,,,,,,,,,,,,,,,,,,,,,,,,,,,,,,,,,,,,,,,,,,,,,,,,,,,,,,,,,,,,,,,,,,,,,,,,,,,,,,,,,,,,,,,,,,,Prolonged Release,,,,,,,,,,3 years,,,,,,Room Temperature,,,,,,,,,,,,,,,,,,ADHD,,,,,,,,,,,,,,,,,
300mg-candipoz-gr-posaconazole-tablet-tablet,300mg Candipoz GR Posaconazole Tablet,Tablets,,,300 mg,Candipoz,Pack Size: 10 tablets,,Price on request,300mg Candipoz GR Posaconazole tablets are used to prevent and treat severe fungal infections in immunocompromised patients.,/images/medicines/300mg-candipoz-gr-posaconazole-tablet-tablet-1.webp | /images/medicines/300mg-candipoz-gr-posaconazole-tablet-tablet-2.webp | /images/medicines/300mg-candipoz-gr-posaconazole-tablet-tablet-3.webp,,,,novamedsolutions.in,/catalog/300mg-candipoz-gr-posaconazole-tablet-tablet,,,,,,,,,,,,,,,,,,,,,,,,,,,,,,,,,,,,,,,,,,,,,,,,,,,,,,,,,,,,,,,,,,,,,,,,,,,,,,,,,,,,,,,,,,,Blister,,,,,,,,,,,,,,,,,,,,,,,,Gastro Release,,,,,,,,,,36 months,,,,,,,,,,,,,,,,,,,,,,,,,,,,,,Export,,,,,,,,,,,
300mg-posatral-posaconazole-injection-ection,300mg Posatral Posaconazole Injection,Injections,,,300 mg/16.7 ml,Falcigo,Pack Size: Single vial; Packaging Type: Glass vial,,Price on request,300mg Posatral Posaconazole injection is used for severe systemic fungal infections and antifungal prophylaxis.,/images/medicines/300mg-posatral-posaconazole-injection-ection-1.webp | /images/medicines/300mg-posatral-posaconazole-injection-ection-2.webp,,,,novamedsolutions.in,/catalog/300mg-posatral-posaconazole-injection-ection,,,,,,,,,,,,,,,,,,,,,,,,,,,,,,,,,,,,,,,,,,,,,,,,,,,,,,,,,,,,,,,,,,IV infusion,,,,,,,,,,,,,,,,,,,,,,,,,,,,,,,,,,,,,,,,,,,,,,,,,,,,,,,,,,,36 months,,,,,,2-8°C,,,,,,,,,,,,,,,,,,,,,,,,,,,,,,,,,,,
300mg-tenof-tenofovir-tablet-149797,300mg Tenof Tenofovir Tablet,Tablets,Tenofovir Disoproxil Fumarate,Tablet,300 mg,,Pack Size: 30 tablets,,Price on request,Tenof Em Tenofovir tablets are used for the treatment of Human Immunodeficiency Virus Infection and chronic Hepatitis B infections.,/images/medicines/300mg-tenof-tenofovir-tablet-149797-1.webp | /images/medicines/300mg-tenof-tenofovir-tablet-149797-2.webp | /images/medicines/300mg-tenof-tenofovir-tablet-149797-3.webp | /images/medicines/300mg-tenof-tenofovir-tablet-149797-4.webp | /images/medicines/300mg-tenof-tenofovir-tablet-149797-5.webp,,2859592149797,,novamedsolutions.in,/catalog/300mg-tenof-tenofovir-tablet-149797,,,,,,,,,,,,,,,,,,,,,,,,,,,,,,,,,,,,,,,,,,,,,,,,,,,,,,,,,,,,Tenofovir DF,,,,,,,,,,,,Hetero Labs,,,,,,,,,,,,,,,,,,,,,,,,,,,,,Prescription,,,,,,,,,,,,,,,,,,,,,,,,36 months,,,,,,,,,,,,,,,,,,,,,,,,,,,,,,HIV First Line,,,,,,,,,,,
300mg-tenvir-em-tenofovir-tablet-tablet,300mg Tenvir Em Tenofovir Tablet,Tablets,Tenofovir Disoproxil Fumarate,Tablet,300 mg,Tenvir EM,Pack Size: 30 tablets,,Price on request,"under medical supervision. It works by reducing the amount of HIV in the body, helping strengthen the immune system and lowering the risk of HIV-related complications.",/images/medicines/300mg-tenvir-em-tenofovir-tablet-tablet-1.webp | /images/medicines/300mg-tenvir-em-tenofovir-tablet-tablet-2.webp | /images/medicines/300mg-tenvir-em-tenofovir-tablet-tablet-3.webp,,,,novamedsolutions.in,/catalog/300mg-tenvir-em-tenofovir-tablet-tablet,,,,,,,,,,,,,,,,,,,,,,,,,,,,,,,,,,,,,,,,,,,,,,,,,,,,,,,,,,,,Tenofovir DF,,,,,,,,,,,,Cipla Ltd,,,,,,,,,,,,,,,,,,,,,,,,,,,,,Prescription,,,,,,,,,,,,,,,,,,,,,,,,36 months,,,,,,,,,,,,,,,,,,,,,,,,,,,,,,HIV First Line,,,,,,,,,,,
30g-gabalido-gabapentin-and-lidocaine-hydrochloride-gel-155348,30g Gabalido Gabapentin And Lidocaine Hydrochloride Gel,Creams,,Gel,Gab 6% + Lido 2.5% w/w,,Pack Size: 30 g; Packaging Type: Lami Tube,,Price on request,"It works by numbing the affected area and reducing nerve signal transmission, providing relief from burning, tingling, and pain.",/images/medicines/30g-gabalido-gabapentin-and-lidocaine-hydrochloride-gel-155348-1.webp | /images/medicines/30g-gabalido-gabapentin-and-lidocaine-hydrochloride-gel-155348-2.webp | /images/medicines/30g-gabalido-gabapentin-and-lidocaine-hydrochloride-gel-155348-3.webp,,2859592155348,,novamedsolutions.in,/catalog/30g-gabalido-gabapentin-and-lidocaine-hydrochloride-gel-155348,,,,,,,,,,,,,,,,,,,,,,,,,,,,,,,,,,,,,,,,,,,,,,,,,,,,,,,,,,,,,,,,,,,,,,,,,,,,,,,,,,,,,,,,,,,,,,,,,,OTC,,,,,,,,,,,,,,,,,,,,,,,,,,,36 Months,,,,,,Room Temperature,,,,,,,,,,,,,,,,,,,,,,,,"Diabetic Neuropathy, Back Pain",,,,,,,,,,,
30mg-afanat-afatinib-dimaleate-tablets-ablets,30mg Afanat Afatinib Dimaleate Tablets,Tablets,Afatinib Dimaleate,Tablet,30 mg,Afanat,Packaging Size: 28 tablets; Packaging Type: Box,,Price on request,30mg Afanat Afatinib Dimaleate Tablets plays a vital role in managing general therapeutic-related health issues. 30mg Afanat Afatinib dimaleate tablets are prescribed for advanced non-small cell lung cancer.,/images/medicines/30mg-afanat-afatinib-dimaleate-tablets-ablets-1.webp | /images/medicines/30mg-afanat-afatinib-dimaleate-tablets-ablets-2.webp | /images/medicines/30mg-afanat-afatinib-dimaleate-tablets-ablets-3.webp,,,,novamedsolutions.in,/catalog/30mg-afanat-afatinib-dimaleate-tablets-ablets,,,,,,,,,,,,,,,,,,,,,,,,,,,,,,,,,,,,,,,,,,,,,,,,,,,,,,,,,,,,,,,,,,,,,,,,,,,,,,,,,,,,,,,,,,,,,,,,,,Prescription,,,,,,,,,,,,,,,,,,,,,,,,,,,,,,,,,,,,,,,,,,,,,,,,,,,,,NSCLC,,,,,,,,,,,,,,,
30mg-triomune-lamivudine-stavudine-and-nevirapine-tablets-152197,30mg Triomune Lamivudine Stavudine And Nevirapine Tablets,Tablets,,Tablet,150 30 200 mg,Triomune,Packaging Size: 30 tablets,,Price on request,"30mg Triomune tablets containing Lamivudine, Stavudine, and Nevirapine are used for HIV infection treatment and viral suppression.",/images/medicines/30mg-triomune-lamivudine-stavudine-and-nevirapine-tablets-152197-1.webp | /images/medicines/30mg-triomune-lamivudine-stavudine-and-nevirapine-tablets-152197-2.jpg | /images/medicines/30mg-triomune-lamivudine-stavudine-and-nevirapine-tablets-152197-3.webp,,2859592152197,,novamedsolutions.in,/catalog/30mg-triomune-lamivudine-stavudine-and-nevirapine-tablets-152197,,,,,,,,,,,,,,,,,,,,,,,,,,,,,,,,,,,,,,,,,,,,,,,,,,,"Stavudine, Nevirapine, Lamivudine",,,,,,,,,,,,,,,,,,,,Cipla,,,,,,,,,,,,,,,,,,,,,,,,,,,Prescription,,,,,,,,,,,,,,,,,,,,,,,,,,,,,,,,,,,,,,,,,,,,,,,,,,,HIV Infection,,,,,,HIV Treatment,,,,,,,,,,,
325mg-lorxicam-lornoxicam-paracetamol-tablets-155730,325mg Lorxicam Lornoxicam Paracetamol Tablets,Tablets,,Tablet,,Lorxicam,Packaging Size: 100 tablets; Packaging Type: Alu Alu,,Price on request,"This combination reduces inflammation and blocks pain signals, making it useful in arthritis, injury, and post-operative pain.",/images/medicines/325mg-lorxicam-lornoxicam-paracetamol-tablets-155730-1.webp | /images/medicines/325mg-lorxicam-lornoxicam-paracetamol-tablets-155730-2.webp | /images/medicines/325mg-lorxicam-lornoxicam-paracetamol-tablets-155730-3.webp,,2859592155730,,novamedsolutions.in,/catalog/325mg-lorxicam-lornoxicam-paracetamol-tablets-155730,,,,,,,,,,,,,,,,,,,,,,,,,,,,,,,,,,,,,,,,,,,,,,,,,,,,,,,,,,,,,,,,,,,,,,4 mg,,,,,,,,,,,,,,,,,,,,,,325 mg,,,,,,,,,OTC,,,,,,,,,,,,,,,,,,,,,,,,,,,,,,,,,,,,,,,,,,,,,,,,,,,,,,Arthritis Pain,,,,,,,,,,,
350mg-pain-o-soma-carisoprodol-tablets-156473,350mg Pain O Soma Carisoprodol Tablets,Tablets,,,350 mg,Pain-O-Soma,Pack Size: 1 x 10 tablets; Packaging Type: Strip,,Price on request,"350mg Pain O Soma Carisoprodol tablets are used for relief from muscle pain, stiffness, spasms, and discomfort associated with musculoskeletal conditions and injuries.",/images/medicines/350mg-pain-o-soma-carisoprodol-tablets-156473-1.jpeg | /images/medicines/350mg-pain-o-soma-carisoprodol-tablets-156473-2.jpg | /images/medicines/350mg-pain-o-soma-carisoprodol-tablets-156473-3.webp | /images/medicines/350mg-pain-o-soma-carisoprodol-tablets-156473-4.webp | /images/medicines/350mg-pain-o-soma-carisoprodol-tablets-156473-5.webp,,2859592156473,,novamedsolutions.in,/catalog/350mg-pain-o-soma-carisoprodol-tablets-156473,,,,,,,,,,,,,,,,,,,,,,,,,,,,,,,,,,,,,,,,,,,,,,,,,,,,,,,,,,,,,,,,,,,,,,,,,,,,,,,,,,,,,,,,,,,,,,,IP,,,,,,,,,,,,,,,,,,,,,,,,,,,,,,36 months,,,,,,Store Below 30 Degree C,,,,,,,,,,,,,,,,,,Muscle Spasms,,,,,,,,,,,,,,,,,
350mg-prosoma-carisoprodol-tablet-154491,350mg Prosoma Carisoprodol Tablet,Tablets,,,350 mg,Prosoma,Pack Size: 10 x 10 tablets; Packaging Type: Blister Pack,,Price on request,"Prosoma 350 mg contains Carisoprodol, a centrally acting muscle relaxant used to relieve acute musculoskeletal pain and discomfort. It works by blocking pain sensations between the nerves and the brain, helping to relax muscles and reduce stiffness.",/images/medicines/350mg-prosoma-carisoprodol-tablet-154491-1.webp | /images/medicines/350mg-prosoma-carisoprodol-tablet-154491-2.webp | /images/medicines/350mg-prosoma-carisoprodol-tablet-154491-3.webp,,2859592154491,,novamedsolutions.in,/catalog/350mg-prosoma-carisoprodol-tablet-154491,,,Carisoprodol,,,,,,,,,,,,,,,,,,,,,,,,,,,,,,,,,,,,,,,,,,,,,,,,,,,,,,,,,,,,,,,,,,,,,,,,,,,,,,,,,,,,,,,,,,,,IP,,,,,,,,,,,,,,,,,,,,,,,,,,,,,,36 months,,Dizziness,,,,Room Temperature,,,,,,,,,,,,,,,,,,Muscle Spasms,,,,,,,,,,,,,,,,,
3mg-ivercid-ivermectin-dispersible-tablet-184733,3mg Ivercid Ivermectin Dispersible Tablet,Tablets,,Tablet,3 mg,Ivercid,Packaging Type: Strip,,Price on request,3mg Ivercid Ivermectin Dispersible Tablet is an effective medication used in the treatment of anti-parasitic conditions. 3mg Ivercid Ivermectin dispersible tablets are used for parasitic infection control and deworming.,/images/medicines/3mg-ivercid-ivermectin-dispersible-tablet-184733-1.webp | /images/medicines/3mg-ivercid-ivermectin-dispersible-tablet-184733-2.webp | /images/medicines/3mg-ivercid-ivermectin-dispersible-tablet-184733-3.webp,,2859592184733,,novamedsolutions.in,/catalog/3mg-ivercid-ivermectin-dispersible-tablet-184733,,,,,,,,,,,,,,,,,,,,,,,,,,,,,,,,,,,,,,,,,,,,,,,,,,,,,,,,,,,,,,,,,,,,,,,,,,,,,,,,,,,,,,,,,,,,,,,,,,Prescription,,,,,,,,,,,,,,,,,,,,,,,,,,,36 Month,,,,,,,,,,,,,,,,,,,,,,,,Scabies,,,,,,,,,,,,,,,,,
3mg-iverguard-ivermactin-tablet-185048,3mg Iverguard Ivermactin Tablet,Tablets,,Tablet,3 mg,Iverguard,Packaging Type: Strip,,Price on request,3mg Iverguard Ivermactin Tablet is an effective medication used in the treatment of general therapeutic conditions.3mg Iverguard Ivermectin tablets are used for treating various parasitic infestations.,/images/medicines/3mg-iverguard-ivermactin-tablet-185048-1.webp | /images/medicines/3mg-iverguard-ivermactin-tablet-185048-2.webp | /images/medicines/3mg-iverguard-ivermactin-tablet-185048-3.webp,,2859592185048,,novamedsolutions.in,/catalog/3mg-iverguard-ivermactin-tablet-185048,,,,,,,,,,,,,,,,,,,,,,,,,,,,,,,,,,,,,,,,,,,,,,,,,,,,,,,,,,,,,,,,,,,,,,,,,,,,,,,,,,,,,,,,,,,,,,,,,,Prescription,,,,,,,,,,,,,,,,,,,,,,,,,,,36 Month,,,,,,,,,,,,,,,,,,,,,,,,Worm Infestation,,,,,,,,,,,,,,,,,
3mg-iverjohn-ivermectin-tablets-ablets,3mg Iverjohn Ivermectin Tablets,Tablets,,Tablet,3 mg,Iverjohn,Packaging Size: 10x10 Tablets; Packaging Type: Strip,,Price on request,3mg Iverjohn Ivermectin Tablets is an effective medication used in the treatment of anti-parasitic conditions. 3mg Iverjohn Ivermectin tablets are used for managing parasitic and helminth infections.,/images/medicines/3mg-iverjohn-ivermectin-tablets-ablets-1.webp | /images/medicines/3mg-iverjohn-ivermectin-tablets-ablets-2.webp | /images/medicines/3mg-iverjohn-ivermectin-tablets-ablets-3.webp,,,,novamedsolutions.in,/catalog/3mg-iverjohn-ivermectin-tablets-ablets,,,,,,,,,,,,,,,,,,,,,,,,,,,,,,,,,,,,,,,,,,,,,,,,,,,,,,,,,,,,,,,,,,,,,,,,,,,,,,,,,,,,,,,,,,,,,,,,,,Prescription,,,,,,,,,,,,,,,,,,,,,,,,,,,36 Month,,,,,,,,,,,,,,,,,,,,,,,,Filariasis,,,,,,,,,,,,,,,,,
40-iu-insuman-rapid-injection-ection,40 IU Insuman Rapid Injection,Injections,Insuman Rapid,Cartridge,,Sanofi,Pack Size: 5 x 3 ml,,Price on request,"Insuman Rapid Injection is a rapid-acting insulin used to help control high blood sugar levels in people with diabetes mellitus.It contains Human Insulin, which works by helping glucose enter body cells, thereby lowering blood sugar levels after meals.",/images/medicines/40-iu-insuman-rapid-injection-ection-1.webp | /images/medicines/40-iu-insuman-rapid-injection-ection-2.webp | /images/medicines/40-iu-insuman-rapid-injection-ection-3.webp,,,,novamedsolutions.in,/catalog/40-iu-insuman-rapid-injection-ection,,,,,,,,,,,,,,,,,,,,,,,,,,,,,,,,,,,,,,,,,,,,,,,,,,,,,,,,,,,,,,,,,,,,,,,,,,,,,,Rapid Acting,,,,,,,,,,,,,,,,,,,,,,,Prescription Only,,,,,,,,,,,,,,,,,,,,,,,,30 months,,,,,,,,,,2-8 deg C,,,,,,,,,,,,,,,,,,,,Type 2 Diabetes,,,,,,,,,,,
40-mg-vitara-v-tablets-749555,40 Mg Vitara V Tablets,Tablets,Vardenafil only,,40 mg,,Packaging Size: 10 Tablets/strip; Packaging Type: Box,Contact seller (Box),₹ 274 / Box,"Vitara V Tablets 40 mg are a potent supplement designed to support overall vitality and well-being. Each tablet contains 40 mg of active ingredients formulated to enhance energy levels, boost immune function, and promote optimal health. Ideal for daily use, these tablets are perfect for individuals seeking to maintain a balanced and healthy lifestyle.",/images/medicines/40-mg-vitara-v-tablets-749555-1.jpg | /images/medicines/40-mg-vitara-v-tablets-749555-2.jpeg | /images/medicines/40-mg-vitara-v-tablets-749555-3.jpeg,,2858086749555,Vardenafil Tablets,curapex-indiamart,/catalog/40-mg-vitara-v-tablets-749555,,,,,,,,,,,,,,Vitara-V,,,,,,,,,,,,,,,,,,,,,,,,,,,,,,,,,,,,,,,,,,,,,,,,,,,,,,,,,,Signature,,,,,,,,,,,,,,,,,,,,,,,,,,,,,,,,,,,,,,,,,,,,,,,,,,,,,,,,,,,,,,,,40 mg,,,,,,,,,,,,,Erectile Dysfunct.,,,,,,,,,,,,,,,,,
400mg-acivir-acyclovir-tablet-190433,400mg Acivir Acyclovir Tablet,Tablets,,Tablet,400 mg,Acivir,Packaging Size: 10x5x10 tablets; Packaging Type: Blister,,Price on request,"400mg Acivir Acyclovir Tablet plays a vital role in managing general therapeutic-related health issues. 400mg Acivir Acyclovir tablets are prescribed for herpes simplex, shingles, and viral infection treatment.",/images/medicines/400mg-acivir-acyclovir-tablet-190433-1.webp | /images/medicines/400mg-acivir-acyclovir-tablet-190433-2.webp | /images/medicines/400mg-acivir-acyclovir-tablet-190433-3.webp,,2859592190433,,novamedsolutions.in,/catalog/400mg-acivir-acyclovir-tablet-190433,,,,,,,,,,,,,,,,,,,,,,,,,,,,,,,,,,,,,,,,,,,,,,,,,,,,,,,,,,,,,,,,,,,,,,,,,,,,,,,,,,,,,,,,,,,,,,,,,,Prescription,,,,,,,,,,,,,,,,,,,,,,,,,,,36 months,,,,,,,,,,,,,,,,,,,,,,,,,,,Genital herpes,,,,,,,,,,,,,,
400mg-gabanyl-nt-gabapentin-tablets-153888,400mg Gabanyl NT Gabapentin Tablets,Tablets,,Tablet,Gab 400 + Nor 10,,Pack Size: 10 Tablets; Packaging Type: Strip,,Price on request,"Acimol SP Tablets are a combination medication used for the effective management of pain, inflammation, and swelling associated with various musculoskeletal and inflammatory conditions. This formulation contains Aceclofenac, a non-steroidal anti-inflammatory drug (NSAID), and Serratiopeptidase, an enzyme known for its anti-inflammatory and healing properties.",/images/medicines/400mg-gabanyl-nt-gabapentin-tablets-153888-1.jpg | /images/medicines/400mg-gabanyl-nt-gabapentin-tablets-153888-2.webp | /images/medicines/400mg-gabanyl-nt-gabapentin-tablets-153888-3.webp,,2859592153888,,novamedsolutions.in,/catalog/400mg-gabanyl-nt-gabapentin-tablets-153888,,,,,,,,,,,,,,,,,,,,,,,,,,,,,,,,,,,,,,,,,,,,,,,,,,,,,,,,,,,,,,,,,,,,,,,,,,,,,,,,,,,,,,,,,,,,,,,,,,Prescription,,,,,,,,,,,,,,,,,,,,,,,,,,,36 Months,,,,,,Room Temperature,,,,,,,,,,,,,,,,,,,,,,,,Neuropathic Pain,,,,,,,,,,,
400mg-gabasign-gabapentin-capsules-156273,400mg Gabasign Gabapentin Capsules,Capsules,,Capsule,400 mg,,Pack Size: 100 capsules; Packaging Type: Blister,,Price on request,Gabasign capsules (containing gabapentin) are prescription medication used to manage neuropathic (nerve) pain and control seizure disorders.,/images/medicines/400mg-gabasign-gabapentin-capsules-156273-1.webp | /images/medicines/400mg-gabasign-gabapentin-capsules-156273-2.webp | /images/medicines/400mg-gabasign-gabapentin-capsules-156273-3.webp,,2859592156273,,novamedsolutions.in,/catalog/400mg-gabasign-gabapentin-capsules-156273,,,,,,,,,,,,,,,,,,,,,,,,,,,,,,,,,,,,,,,,,,,,,,,,,,,,,,,,,,,,,,,,,,,,,,,,,,,,,,,,,,,,,,,,,,,,,,,,,,Prescription,,,,,,,,,,,,,,,,,,,,,,,,,,,36 months,,,,,,,,,,,,,,,,,,,,,,,,,,,,,,"Fibromyalgia, Epilepsy",,,,,,,,,,,
400mg-gabatop-gabapentin-capsules-156062,400mg Gabatop Gabapentin Capsules,Capsules,,Capsule,400 mg,,Pack Size: 30 capsules; Packaging Type: Blister,,Price on request,Gabatop capsules (containing gabapentin) are prescribed for managing neuropathic pain (nerve damage from diabetes/shingles) and controlling certain seizures.,/images/medicines/400mg-gabatop-gabapentin-capsules-156062-1.webp | /images/medicines/400mg-gabatop-gabapentin-capsules-156062-2.webp | /images/medicines/400mg-gabatop-gabapentin-capsules-156062-3.webp,,2859592156062,,novamedsolutions.in,/catalog/400mg-gabatop-gabapentin-capsules-156062,,,,,,,,,,,,,,,,,,,,,,,,,,,,,,,,,,,,,,,,,,,,,,,,,,,,,,,,,,,,,,,,,,,,,,,,,,,,,,,,,,,,,,,,,,,,,,,,,,Prescription,,,,,,,,,,,,,,,,,,,,,,,,,,,36 months,,,,,,,,,,,,,,,,,,,,,,,,,,,,,,Epilepsy,,,,,,,,,,,
400mg-hepcinat-sofosbuvir-tablet-150412,400mg Hepcinat Sofosbuvir Tablet,Tablets,Sofosbuvir,,400 mg,,Pack Size: 28 tablets; Packaging Type: Bottle,,Price on request,"400mg Hepcinat Sofosbuvir Tablet plays a vital role in managing general therapeutic-related health issues. 400mg Hepcinat Sofosbuvir tablets are prescribed for the treatment of chronic Hepatitis C infection.progression, and improving overall well-being.",/images/medicines/400mg-hepcinat-sofosbuvir-tablet-150412-1.webp | /images/medicines/400mg-hepcinat-sofosbuvir-tablet-150412-2.webp | /images/medicines/400mg-hepcinat-sofosbuvir-tablet-150412-3.webp,,2859592150412,,novamedsolutions.in,/catalog/400mg-hepcinat-sofosbuvir-tablet-150412,,,,,,,,,,,,,,,,,,,,,,,,,,,,,,,,,,,,,,,,,,,,Tablet,,,,,,,,,,,,,,,,,,,,,Chronic Hepatitis C,,,,,,,Natco Pharma,,,,,,,,,,,,,,,,,,,,,,,,,,,,,Prescription,,,,,,,,,,,,,,,,,,,,,,,,,,,,,,,,,,,,,,,,,,,,,,,,,24 weeks,,,,,,,,,,,,,,,,
400mg-imatib-imatinib-tablets-ablets,400mg Imatib Imatinib Tablets,Tablets,,Tablet,400 mg,Imatib,Packaging Size: 10 tablets,,Price on request,400mg Imatib Imatinib tablets are used for chronic myeloid leukemia and gastrointestinal stromal tumor treatment.,/images/medicines/400mg-imatib-imatinib-tablets-ablets-1.jpg | /images/medicines/400mg-imatib-imatinib-tablets-ablets-2.jpg | /images/medicines/400mg-imatib-imatinib-tablets-ablets-3.webp,,,,novamedsolutions.in,/catalog/400mg-imatib-imatinib-tablets-ablets,,Imatinib Mesylate,,,,,,,,,,,,,,,,,,,,,,,,,,,,,,,,,,,,,,,,,,,,,,,,,,,,,,,,,,,,,,,,,,,,,,,,,,,,,,,,,,,,,,,,,,,,,,,,Prescription,,,,,,,,,,,,,,,,,,,,,,,,,,,,,,,,,,,,,,,,,,,,,,,,,,,,,GIST,,,,,,,,,,,,,,,
400mg-sofosbuvir-tablets-147633,400mg Sofosbuvir Tablets,Tablets,,,400 mg,,Pack Size: 28 tablets; Packaging Type: Bottle,,Price on request,Sofosbuvir 400 mg tablets are direct-acting antiviral medications used in combination with other drugs to treat chronic hepatitis C virus (HCV) infection,/images/medicines/400mg-sofosbuvir-tablets-147633-1.webp | /images/medicines/400mg-sofosbuvir-tablets-147633-2.webp | /images/medicines/400mg-sofosbuvir-tablets-147633-3.webp,,2859592147633,,novamedsolutions.in,/catalog/400mg-sofosbuvir-tablets-147633,,,,,,,,,,,,,,,,,,,,,,,,,,,,,,,,,,,,,,,,,,,,Tablet,,,,,,,,,,,,,,,,,,,,,,,,,,,,Cipla,,,,,,,,,,,,,,,,,,,,,,,,,,,,,,,,,,,,,,,,,,,,,,,,,,,,,,,,,,,,,,,,,,,,,,,,,,Chronic Hepatitis C,,,,24 weeks,,,,,,,,,,,,,,,,
400mg-solocure-v-sofosbuvir-tablets-ablets,400mg Solocure V Sofosbuvir Tablets,Tablets,Sofosbuvir + Velpatasvir,Tablet,400 mg + 100 mg,Solocure V,Pack Size: 28 tablets; Packaging Type: Bottle,,Price on request,400mg Solocure V Sofosbuvir Tablets plays a vital role in managing general therapeutic-related health issues. 400mg Solocure V Sofosbuvir tablets are used for chronic Hepatitis C treatment.,/images/medicines/400mg-solocure-v-sofosbuvir-tablets-ablets-1.jpg | /images/medicines/400mg-solocure-v-sofosbuvir-tablets-ablets-2.webp | /images/medicines/400mg-solocure-v-sofosbuvir-tablets-ablets-3.webp,,,,novamedsolutions.in,/catalog/400mg-solocure-v-sofosbuvir-tablets-ablets,,,,,,,,,,,,,,,,,,,,,,,,,,,,,,,,,,,,,,,,,,,,,,,,,,,,,,,,,,,,,,,,,,,,,,,,Emcure,,,,,,,,,,,,,,,,,,,,,,,,,,Prescription only,,,,,,,,,,,,,,,,,,,,,,,,,,,,,,,,,,,,,,,,,,,,,,,,,,,Chronic hepatitis C,,,,,,,,,,,,,,,,,
400mg-sovaldi-sofosbuvir-tablets-150612,400mg Sovaldi Sofosbuvir Tablets,Tablets,,,400 mg,Sovaldi,Pack Size: 28 tablets; Packaging Type: Bottle,,Price on request,400mg Sovaldi Sofosbuvir Tablets plays a vital role in managing general therapeutic-related health issues. 400mg Sofosbuvir tablets are used for the treatment of chronic Hepatitis C and help improve liver health.,/images/medicines/400mg-sovaldi-sofosbuvir-tablets-150612-1.webp | /images/medicines/400mg-sovaldi-sofosbuvir-tablets-150612-2.webp | /images/medicines/400mg-sovaldi-sofosbuvir-tablets-150612-3.webp,,2859592150612,,novamedsolutions.in,/catalog/400mg-sovaldi-sofosbuvir-tablets-150612,,,,,,,,,,,,,,,,,,,,,,,,,,,,,,,,,,,,,,,,,,,,Tablet,,,,,,,,,,,,,,,,,,,,,,,,,,,,Gilead,,,,,,,,,,,,,,,,,,,,,,,,,,,,,,,,,,,,,,,,,,,,,,,,,,,,,,,,,,,,,,,,,,,,,,,,,,Chronic Hepatitis C,,,,24 weeks,,,,,,,,,,,,,,,,
400mg-zepdon-raltegravir-tablets-ablets,400mg Zepdon Raltegravir Tablets,Tablets,,Tablet,400 mg,Zepdon,Packaging Size: 60 tablets,,Price on request,400mg Zepdon Raltegravir tablets are used as part of combination therapy for managing Human Immunodeficiency Virus Infection.,/images/medicines/400mg-zepdon-raltegravir-tablets-ablets-1.webp | /images/medicines/400mg-zepdon-raltegravir-tablets-ablets-2.webp | /images/medicines/400mg-zepdon-raltegravir-tablets-ablets-3.webp,,,,novamedsolutions.in,/catalog/400mg-zepdon-raltegravir-tablets-ablets,,,,,,,,,,,,,,,,,,,,,,,,,,,,,,,,,,,,,,,,,,,,,,,,,,,Raltegravir,,,,,,,,,,,,,,,,,,,,,,,,,,,,,,,,,,,,,,,,,,,,,,,Prescription,,,,,,,,,,,,,,,,,,,,,,,,,,,,,,,,,,,,,,,,,,,,,,,,,,,HIV Infection,,,,,,,,,,,,,,,,,
40mcg-clenbut-clenbuterol-tablet-145933,40mcg Clenbut Clenbuterol Tablet,Tablets,,Tablet,40 mcg,Clenbut,Packaging Size: 100 Tablets; Packaging Type: Blister Pack,,Price on request,40mcg Clenbut Clenbuterol tablets are used for breathing disorders and may support respiratory function improvement.,/images/medicines/40mcg-clenbut-clenbuterol-tablet-145933-1.webp | /images/medicines/40mcg-clenbut-clenbuterol-tablet-145933-2.jpeg | /images/medicines/40mcg-clenbut-clenbuterol-tablet-145933-3.jpeg | /images/medicines/40mcg-clenbut-clenbuterol-tablet-145933-4.webp | /images/medicines/40mcg-clenbut-clenbuterol-tablet-145933-5.jpeg,,2859592145933,,novamedsolutions.in,/catalog/40mcg-clenbut-clenbuterol-tablet-145933,,,,,,,,,,,,,,,,,,,,,,,,,,,,,,,,,,,,,,,,,,,,,,,,,,,,,,,,,,,,,,,,,,,,,,,,,,,,,,,,,,,,,,,,,,,,,,,,,,,,,,,,,,,,,,,EP,,,,,,,,,,,,,,,,,,,,,,,,,,,,,,,,,,,,,,,,,,,,,,,,Weight Management,,,,,,,
40mg-afanat-afatinib-tablets-161797,40mg Afanat Afatinib Tablets,Tablets,Afatinib Dimaleate,Tablet,40 mg,Afanat,Packaging Size: 28 tablets; Packaging Type: Box,,Price on request,40mg Afanat Afatinib tablets are used for the treatment of certain types of non-small cell lung cancer with EGFR mutations.,/images/medicines/40mg-afanat-afatinib-tablets-161797-1.webp | /images/medicines/40mg-afanat-afatinib-tablets-161797-2.webp | /images/medicines/40mg-afanat-afatinib-tablets-161797-3.webp,,2859592161797,,novamedsolutions.in,/catalog/40mg-afanat-afatinib-tablets-161797,,,,,,,,,,,,,,,,,,,,,,,,,,,,,,,,,,,,,,,,,,,,,,,,,,,,,,,,,,,,,,,,,,,,,,,,,,,,,,,,,,,,,,,,,,,,,,,,,,Prescription,,,,,,,,,,,,,,,,,,,,,,,,,,,,,,,,,,,,,,,,,,,,,,,,,,,,,Lung Cancer,,,,,,,,,,,,,,,
40mg-covilife-ivermectin-tablets-ablets,40mg Covilife Ivermectin Tablets,Tablets,,Tablet,40 mg,Covilife,Packaging Size: 10x10 Tablets; Packaging Type: Strip,,Price on request,40mg Covilife Ivermectin Tablets plays a vital role in managing anti-parasitic-related health issues. 40mg Covilife Ivermectin tablets are prescribed for parasitic infections and mite infestations.,/images/medicines/40mg-covilife-ivermectin-tablets-ablets-1.webp | /images/medicines/40mg-covilife-ivermectin-tablets-ablets-2.webp | /images/medicines/40mg-covilife-ivermectin-tablets-ablets-3.webp,,,,novamedsolutions.in,/catalog/40mg-covilife-ivermectin-tablets-ablets,,,,,,,,,,,,,,,,,,,,,,,,,,,,,,,,,,,,,,,,,,,,,,,,,,,,,,,,,,,,,,,,,,,,,,,,,,,,,,,,,,,,,,,,,,,,,,,,,,Prescription,,,,,,,,,,,,,,,,,,,,,,,,,,,36 Month,,,,,,,,,,,,,,,,,,,,,,,,Worm Infestation,,,,,,,,,,,,,,,,,
40mg-vilitra-vardenafil-tablets-197297,40mg Vilitra Vardenafil Tablets,Tablets,Vardenafil only,Tablet,40 mg,Vilitra,Packaging Size: 10 Tablets/strip; Packaging Type: Box,,Price on request,40mg Vilitra Vardenafil tablets help improve erectile function and support enhanced sexual confidence in men with erectile dysfunction.,/images/medicines/40mg-vilitra-vardenafil-tablets-197297-1.webp | /images/medicines/40mg-vilitra-vardenafil-tablets-197297-2.webp | /images/medicines/40mg-vilitra-vardenafil-tablets-197297-3.webp,,2859592197297,,novamedsolutions.in,/catalog/40mg-vilitra-vardenafil-tablets-197297,,,,,,,,,,,,,,,,,,,,,,,,,,,,,,,,,,,,,,,,,,,,,,,,,,,,,,,,,,,,,,,,,,,,,,,,Centurion Remedies,,,,,,,,,,,,,,,,,,,,,,,,,,,Prescription,,,,,,,,,,,,,,,,,,,,,,,,,,,,,,,,,,,,,,,,,,,,,,,,,,Erectile Dysfunct.,,,,,,,,,,,,,,,,,
444mg-wormentel-fenbendazole-tablets-183573,444mg Wormentel Fenbendazole Tablets,Tablets,Fenbendazole,Tablet,444 mg,,Pack Size: 10 Tablets; Packaging Type: Blister,,Price on request,444mg Wormentel Fenbendazole Tablets is an effective medication used in the treatment of general therapeutic conditions. 444mg Wormentel Fenbendazole tablets are used for treating intestinal parasitic infections.,/images/medicines/444mg-wormentel-fenbendazole-tablets-183573-1.webp | /images/medicines/444mg-wormentel-fenbendazole-tablets-183573-2.webp | /images/medicines/444mg-wormentel-fenbendazole-tablets-183573-3.webp,,2859592183573,,novamedsolutions.in,/catalog/444mg-wormentel-fenbendazole-tablets-183573,,,,,,,,,,,,,,,,,,,,,,,,,,,,,,,,,,,,,,,,,,,,,,,,,,,,,,,,,,,,,,,,,,,,,,,,,,,,,,,,,,,,,,,,,,,,,,,,,,Prescription,,,,,,,,,,,,,,,,,,,,,,,,,,,48 months,,,,,,,,,,,,,,,,,,,,,,,,,,,,,,,,,,,,,,,,,
460mg-hepcinat-plus-tablet-149988,460mg Hepcinat Plus Tablet,Tablets,Sofosbuvir,,400 mg,,Pack Size: 28 tablets; Packaging Type: Bottle,,Price on request,460mg Hepcinat Plus tablets are used for the treatment of chronic Hepatitis C and help reduce viral replication in the body.,/images/medicines/460mg-hepcinat-plus-tablet-149988-1.webp | /images/medicines/460mg-hepcinat-plus-tablet-149988-2.webp | /images/medicines/460mg-hepcinat-plus-tablet-149988-3.webp,,2859592149988,,novamedsolutions.in,/catalog/460mg-hepcinat-plus-tablet-149988,,,,,,,,,,,,,,,,,,,,,,,,,,,,,,,,,,,,,,,,,,,,Tablet,,,,,,,,,,,,,,,,,,,,,Chronic Hepatitis C,,,,,,,Natco Pharma,,,,,,,,,,,,,,,,,,,,,,,,,,,,,Prescription,,,,,,,,,,,,,,,,,,,,,,,,,,,,,,,,,,,,,,,,,,,,,,,,,24 weeks,,,,,,,,,,,,,,,,
490mg-ledifos-ledipasvir-sofosbuvir-tablet-151462,490mg Ledifos Ledipasvir Sofosbuvir Tablet,Tablets,Ledipasvir + Sofosbuvir,Tablet,90 mg + 400 mg,Ledifos,Pack Size: 28 tablets; Pack Type: Bottle,,Price on request,490mg Ledifos Ledipasvir Sofosbuvir Tablet is an effective medication used in the treatment of general therapeutic conditions. 490mg Ledifos Ledipasvir + Sofosbuvir tablets are prescribed for effective treatment of chronic Hepatitis C.,/images/medicines/490mg-ledifos-ledipasvir-sofosbuvir-tablet-151462-1.webp | /images/medicines/490mg-ledifos-ledipasvir-sofosbuvir-tablet-151462-2.webp | /images/medicines/490mg-ledifos-ledipasvir-sofosbuvir-tablet-151462-3.webp,,2859592151462,,novamedsolutions.in,/catalog/490mg-ledifos-ledipasvir-sofosbuvir-tablet-151462,,,,,,,,,,,,,,,,,,,,,,,,,,,,,,,,,,,,,,,,,,,,,,,,,,,,,,,,,,,,,,,,,,,,,,,,Hetero,,,,,,,,,,,,,,,,,,,,,,,,,,Prescription only,,,,,,,,,,,,,,,,,,,,,,,,,,,,,,,,,,,,,,,,,,,,,,,,,,,Chronic hepatitis C,,,,,,,,,,,,,,,,,
4mg-ondem-ondensetron-tablet-161591,4mg Ondem Ondensetron Tablet,Tablets,Ondansetron IP,Tablet,4 mg,Ondem,,,Price on request,"20mg Cabotres Cabozantinib tablets are used for the treatment of kidney cancer, liver cancer, and thyroid cancer.",/images/medicines/4mg-ondem-ondensetron-tablet-161591-1.webp | /images/medicines/4mg-ondem-ondensetron-tablet-161591-2.webp | /images/medicines/4mg-ondem-ondensetron-tablet-161591-3.jpeg | /images/medicines/4mg-ondem-ondensetron-tablet-161591-4.webp | /images/medicines/4mg-ondem-ondensetron-tablet-161591-5.webp,,2859592161591,,novamedsolutions.in,/catalog/4mg-ondem-ondensetron-tablet-161591,,,,,,,,,,,,,,,,,,,,,,,,,,,,,,,,,,,,,,,,,,,,,,,,,,,,,,,,,,,,,,,,,,,,,,,,,,,,,,,,,,,,,10 tablets,,,,,Blister,,,,,,,,Rx only,,,,,,,,,,,,,,,,,,,,,,,,,,,,36 months,,,,,,,,,,,,,,,,,,,,,,,,,,,,,Chemo induced NV,,,,,,,,,,,
5-acivir-acyclovir-cream-5gm-188330,5% Acivir Acyclovir Cream 5gm,Creams,,Cream,5 %,Acivir,Pack Size: 5 g; Packaging Type: Tube,,Price on request,"5% Acivir Acyclovir Cream 5gm is an effective medication used in the treatment of general therapeutic conditions. 5% Acivir Acyclovir cream is used for herpes simplex infections, cold sores, and viral skin lesions.",/images/medicines/5-acivir-acyclovir-cream-5gm-188330-1.webp | /images/medicines/5-acivir-acyclovir-cream-5gm-188330-2.webp | /images/medicines/5-acivir-acyclovir-cream-5gm-188330-3.webp,,2859592188330,,novamedsolutions.in,/catalog/5-acivir-acyclovir-cream-5gm-188330,,,,,,,,Skin,,,,,,,,,,,,,,,,,,,,,,,,,,,,,,,,,,,,,,,,,,,,,,,,,,,,,,,,,Herpes labialis,,,,,,,Cipla,,,,,,,,,,,,,,,,,,,,,,,,,,,,,Prescription,,,,,,,,,,,,,,,,,,,,,,,,,,,,,,,,,,,,,,,,,,,,,,,,,,,,,,,,,,,,,,,,,
500-mg-hepcvel-tablets-146830,500 Mg Hepcvel Tablets,Tablets,Sofosbuvir + Velpatasvir,Tablet,400 mg + 100 mg,Hepcvel,Pack Size: 28 tablets; Packaging Type: Bottle,,Price on request,"Hepcvel tablet (400mg Sofosbuvir and 100mg Velpatasvir) is an antiviral medication used to treat chronic Hepatitis C virus (HCV) infection. It works by reducing the virus load, typically prescribed for a specific duration (such as 12 or 24 weeks), and is often taken with or without food, once daily, according to 1mg and Practo.",/images/medicines/500-mg-hepcvel-tablets-146830-1.webp | /images/medicines/500-mg-hepcvel-tablets-146830-2.jpg | /images/medicines/500-mg-hepcvel-tablets-146830-3.webp,,2859592146830,,novamedsolutions.in,/catalog/500-mg-hepcvel-tablets-146830,,,,,,,,,,,,,,,,,,,,,,,,,,,,,,,,,,,,,,,,,,,,,,,,,,,,,,,,,,,,,,,,,,,,,,,,Cipla,,,,,,,,,,,,,,,,,,,,,,,,,,Prescription only,,,,,,,,,,,,,,,,,,,,,,,,,,,,,,,,,,,,,,,,,,,,,,,,,,,Chronic hepatitis C,,,,,,,,,,,,,,,,,
50000iu-devnyst-nystatin-tablet-tablet,50000IU Devnyst Nystatin Tablet,Tablets,,Tablet,500000 units,Devnyst,Pack Size: 30 tablets,,Price on request,"50000IU Devnyst Nystatin tablets are used for treating fungal infections of the mouth, intestine, and digestive tract.",/images/medicines/50000iu-devnyst-nystatin-tablet-tablet-1.webp | /images/medicines/50000iu-devnyst-nystatin-tablet-tablet-2.webp | /images/medicines/50000iu-devnyst-nystatin-tablet-tablet-3.webp,,,,novamedsolutions.in,/catalog/50000iu-devnyst-nystatin-tablet-tablet,,,,,,,,,,,,,,,,,,,,,,,,,,,,,,,,,,,,,,,,,,,,,,,,,,,,,,,,,,,,,,,,,,,,,,,,,,,,,,,,,,,,,,,,,,,Blister,,,,,,,,,,,,,,,,,,,,,,,,,,,,,,,,,,36 months,,,,,,,,,,,,,,,,,,,,,,,,,,,,,,Prescription,,,,,,,,,,,
500mg-abiratred-abiraterone-acetate-tablet-tablet,500mg Abiratred Abiraterone Acetate Tablet,Tablets,Abiraterone Acetate 500 mg,Tablet,500 mg,Abiratred,Pack Type: Bottle,,Price on request,500mg Abiratred Abiraterone Acetate tablets are used for advanced prostate cancer treatment and hormone suppression therapy.,/images/medicines/500mg-abiratred-abiraterone-acetate-tablet-tablet-1.webp | /images/medicines/500mg-abiratred-abiraterone-acetate-tablet-tablet-2.webp | /images/medicines/500mg-abiratred-abiraterone-acetate-tablet-tablet-3.webp,,,,novamedsolutions.in,/catalog/500mg-abiratred-abiraterone-acetate-tablet-tablet,,,,,,,,,,,,,,,,,,,,,,,,,,,,,,,,,,,,,,,,,,,,,,,,,,,,,,,,,,,,,,,,,,,,,,,,,,,,,,,,,,,,,,,,,,,,,,,,,,,,,,,,,,,,,,,,,,,,,,,,,,,,,36 Months,,,,,,,,,,,,,,,,,60 Tablets,,,,,,,,,,,,,Cancer Care,,,,,,,,,,,
500mg-abiratred-abiraterone-acetate-tablets-165091,500mg Abiratred Abiraterone Acetate Tablets,Tablets,Abiraterone Acetate 500 mg,Tablet,500 mg,Abiratred,Pack Type: Blister,,Price on request,500mg Abiratred Abiraterone Acetate tablets are prescribed for metastatic prostate cancer treatment and hormone suppression therapy.,/images/medicines/500mg-abiratred-abiraterone-acetate-tablets-165091-1.webp | /images/medicines/500mg-abiratred-abiraterone-acetate-tablets-165091-2.webp | /images/medicines/500mg-abiratred-abiraterone-acetate-tablets-165091-3.webp,,2859592165091,,novamedsolutions.in,/catalog/500mg-abiratred-abiraterone-acetate-tablets-165091,,,,,,,,,,,,,,,,,,,,,,,,,,,,,,,,,,,,,,,,,,,,,,,,,,,,,,,,,,,,,,,,,,,,,,,,,,,,,,,,,,,,,,,,,,,,,,,,,,,,,,,,,,,,,,,,,,,,,,,,,,,,,36 Months,,,,,,,,,,,,,,,,,120 Tablets,,,,,,,,,,,,,Cancer Care,,,,,,,,,,,
500mg-acivir-acyclovir-injections-189662,500mg Acivir Acyclovir Injections,Injections,,Lyophilized powder,,Acivir,Pack Size: 1 vial; Packaging Type: Vial,,Price on request,Acivir Acyclovir Injections is widely prescribed for patients dealing with general therapeutic disorders. Acivir Acyclovir injections are used for severe herpes virus and varicella-zoster infections.anage the condition,/images/medicines/500mg-acivir-acyclovir-injections-189662-1.webp | /images/medicines/500mg-acivir-acyclovir-injections-189662-2.webp | /images/medicines/500mg-acivir-acyclovir-injections-189662-3.webp,,2859592189662,,novamedsolutions.in,/catalog/500mg-acivir-acyclovir-injections-189662,,,,,,,,,,,,,,,,,,,,,,,,,,,,,,,,,,,,,,,,,,,,,,,,,,,,,,,,,,,,,,,,,,,,,,,,Cipla,,,,,,,,,,,,,,,,,,,,,,,,,,,,,Prescription,,,,,,,,,,,,,,,,,IV infusion,,,,,,,,,,,,,,,,,,,,,,,,,,,,Herpes infection,,,,,,,,,,,,,,,,,,,,
500mg-ahabir-abiraterone-acetate-tablet-tablet,500mg Ahabir Abiraterone Acetate Tablet,Tablets,Abiraterone Acetate 500 mg,Tablet,500 mg,Ahabir,Pack Type: Bottle,,Price on request,Ahabir Abiraterone Acetate 500 Mg Tablets is widely prescribed for patients dealing with general therapeutic disorders. Ahabir Abiraterone Acetate 500mg tablets are prescribed for advanced prostate cancer management.,/images/medicines/500mg-ahabir-abiraterone-acetate-tablet-tablet-1.webp | /images/medicines/500mg-ahabir-abiraterone-acetate-tablet-tablet-2.jpeg,,,,novamedsolutions.in,/catalog/500mg-ahabir-abiraterone-acetate-tablet-tablet,,,,,,,,,,,,,,,,,,,,,,,,,,,,,,,,,,,,,,,,,,,,,,,,,,,,,,,,,,,,,,,,,,,,,,,,,,,,,,,,,,,,,,,,,,,,,,,,,,,,,,,,,,,,,,,,,,,,,,,,,,,,,36 Months,,,,,,,,,,,,,,,,,60 Tablets,,,,,,,,,,,,,Cancer Care,,,,,,,,,,,
500mg-alkem-metro-metronidazole-injection-128812,500mg Alkem Metro Metronidazole Injection,Injections,,Oral Suspension,100 mg 5 ml,Flagyl Suspension,Pack Size: 100 ml; Packaging Type: Bottle,,Price on request,"Metro 500mg Infusion is an antibiotic medicine that helps your body fight infections caused by bacteria and parasites. It is used to treat infections of the liver, stomach, intestines, vagina, brain, heart, lungs, bones and skin.",/images/medicines/500mg-alkem-metro-metronidazole-injection-128812-1.jpg | /images/medicines/500mg-alkem-metro-metronidazole-injection-128812-2.png | /images/medicines/500mg-alkem-metro-metronidazole-injection-128812-3.png,,2859592128812,,novamedsolutions.in,/catalog/500mg-alkem-metro-metronidazole-injection-128812,,,,,,,,,,,,,,,,,,,,,,,,,,,,,,,,,,,,,,,,,,,,,,,,,,,,,,,,,,,,,,,,,,,,,,,,,,,,,,,,,,,,,,,,,,,,,,,,,,Prescription,,,,,,,,,,,,,,,,,,,,,,,,,,,36 Month,,,,,,,,,,,,,,,,,,,,,,,,,,,,,,Paediatric,,,,,,,,,,,
500mg-cytodrox-hydroxyurea-capsules-psules,500mg Cytodrox Hydroxyurea Capsules,Capsules,Hydroxyurea,Capsule,500 mg,Cytodrox,Pack Type: Strip,,Price on request,"Cytodrox Hydroxyurea 500mg capsules are used for leukemia, sickle cell anemia, and blood disorder treatment.",/images/medicines/500mg-cytodrox-hydroxyurea-capsules-psules-1.jpeg | /images/medicines/500mg-cytodrox-hydroxyurea-capsules-psules-2.webp | /images/medicines/500mg-cytodrox-hydroxyurea-capsules-psules-3.jpeg,,,,novamedsolutions.in,/catalog/500mg-cytodrox-hydroxyurea-capsules-psules,,,,,,,,,,,,,,,,100 Capsules,,,,,,,,,,,,,,,,,,,,,,,,,,,,,,,,,,,,,,,,,,,,,,,,,,,,,,,,Cipla,,,,,,,,,,,,,,,,,,,,,,,,,,,,,,,,,,,,,,,,,,,,,,,,,,,,,,,,,,,,,,,,,,,,,,,,,,,,,,,,,,,Polycythemia Vera,,,,,,,,,,,
500mg-exermet-metformin-tablet-130697,500mg Exermet Metformin Tablet,Tablets,,Tablet,500 mg,Exermet,Pack Size: 15 tablets; Packaging Type: Blister,,Price on request,500mg Exermet Metformin tablets are prescribed for managing Type 2 Diabetes by reducing high blood glucose levels.,/images/medicines/500mg-exermet-metformin-tablet-130697-1.webp | /images/medicines/500mg-exermet-metformin-tablet-130697-2.webp | /images/medicines/500mg-exermet-metformin-tablet-130697-3.webp,,2859592130697,,novamedsolutions.in,/catalog/500mg-exermet-metformin-tablet-130697,,,,,,,,,,,,,,,,,,,,,,,,,,,,,,,,,,,,,,,,,,,,,,,,,,,,,,,,,,,,,,,,,,,,,,,,,,,,,,,,,,,,,,,,,,,,,,,,,,,,,Prescription,,,,,,,,,,,,,,SR,,,,,,,,,,36 months,,,,,,,,,,,,,,,,,,,,,,,,,,,,,,Type 2 Diabetes,,,,,,,,,,,
500mg-glycomet-metformin-tablet-130312,500mg Glycomet Metformin Tablet,Tablets,,Tablet,500 mg,Glycomet,Pack Size: 5x2x20 tablets; Packaging Type: Blister,,Price on request,500mg Glycomet Metformin tablets are prescribed to help manage blood glucose levels in Type 2 Diabetes patients.,/images/medicines/500mg-glycomet-metformin-tablet-130312-1.webp | /images/medicines/500mg-glycomet-metformin-tablet-130312-2.webp | /images/medicines/500mg-glycomet-metformin-tablet-130312-3.webp,,2859592130312,,novamedsolutions.in,/catalog/500mg-glycomet-metformin-tablet-130312,,,,,,,,,,,,,,,,,,,,,,,,,,,,,,,,,,,,,,,,,,,,,,,,,,,,,,,,,,,,,,,,,,,,,,,,,,,,,,,,,,,,,,,,,,,,,,,,,,,,,Prescription,,,,,,,,,,,,,,SR,,,,,,,,,,36 months,,,,,,,,,,,,,,,,,,,,,,,,,,,,,,Type 2 Diabetes,,,,,,,,,,,
500mg-grisoheal-griseofulvin-tablets-170948,500mg Grisoheal Griseofulvin Tablets,Tablets,,Tablet,500 mg,Grisoheal,Pack Size: 30x10 tablet,,Price on request,"500mg Grisoheal Griseofulvin tablets are used to treat fungal infections of the skin, hair, and nails.",/images/medicines/500mg-grisoheal-griseofulvin-tablets-170948-1.webp | /images/medicines/500mg-grisoheal-griseofulvin-tablets-170948-2.webp | /images/medicines/500mg-grisoheal-griseofulvin-tablets-170948-3.webp,,2859592170948,,novamedsolutions.in,/catalog/500mg-grisoheal-griseofulvin-tablets-170948,,,,,,,,,,,,,,,,,,,,,,,,,,,,,,,,,,,,,,,,,,,,,,,,,,,,,,,,,,,,,,,,,,,,,,,,,,,,,,,,,,,,,,,,,,,Blister,,,,,,,,,,,,,,,,,,,,,,,,Sustained release,,,,,,,,,,36 months,,,,,,,,,,,,,,,,,,,,,,,,,,,,,,Prescription,,,,,,,,,,,
500mg-ifin-terbinafine-tablet-tablet,500mg Ifin Terbinafine Tablet,Tablets,,Tablet,500 mg,Ifin,Pack Size: 10x2x7 tablets,,Price on request,500mg Ifin Terbinafine Tablet is an effective medication used in the treatment of general therapeutic conditions. 500mg Ifin Terbinafine tablets are used for treating severe fungal infections of the skin and nails.,/images/medicines/500mg-ifin-terbinafine-tablet-tablet-1.webp | /images/medicines/500mg-ifin-terbinafine-tablet-tablet-2.webp | /images/medicines/500mg-ifin-terbinafine-tablet-tablet-3.webp,,,,novamedsolutions.in,/catalog/500mg-ifin-terbinafine-tablet-tablet,,,,,,,,,,,,,,,,,,,,,,,,,,,,,,,,,,,,,,,,,,,,,,,,,,,,,,,,,,,,,,,,,,,,,,,,Glenmark,,,,,,,,,,,,,,,,,,,Blister,,,,,,,,,,,,,,,,,,,,,,,,,,,,,,,,,,36 months,,,,,,,,,,,,,,,,,,,,,,,,,,,,,,Prescription,,,,,,,,,,,
500mg-mytera-abiraterone-acetate-tablets-ablets,500mg Mytera Abiraterone Acetate Tablets,Tablets,Abiraterone Acetate 500 mg,Tablet,500 mg,Mytera,Pack Type: Bottle,,Price on request,Mytera Abiraterone Acetate 500MG Tablets is an effective medication used in the treatment of general therapeutic conditions. Mytera Abiraterone Acetate 500mg tablets are used for metastatic prostate cancer treatment.,/images/medicines/500mg-mytera-abiraterone-acetate-tablets-ablets-1.png | /images/medicines/500mg-mytera-abiraterone-acetate-tablets-ablets-2.jpeg | /images/medicines/500mg-mytera-abiraterone-acetate-tablets-ablets-3.jpg,,,,novamedsolutions.in,/catalog/500mg-mytera-abiraterone-acetate-tablets-ablets,,,,,,,,,,,,,,,,,,,,,,,,,,,,,,,,,,,,,,,,,,,,,,,,,,,,,,,,,,,,,,,,,,,,,,,,,,,,,,,,,,,,,,,,,,,,,,,,,,,,,,,,,,,,,,,,,,,,,,,,,,,,,36 Months,,,,,,,,,,,,,,,,,60 Tablets,,,,,,,,,,,,,Cancer Care,,,,,,,,,,,
500mg-radimet-metformin-hcl-tablet-tablet,500mg Radimet Metformin HCL Tablet,Tablets,,Tablet,500 mg,Radimet,Pack Size: 100 tablets; Packaging Type: Blister,,Price on request,500mg Radimet Metformin HCL tablets are prescribed for controlling blood sugar levels in patients with Type 2 Diabetes.,/images/medicines/500mg-radimet-metformin-hcl-tablet-tablet-1.webp | /images/medicines/500mg-radimet-metformin-hcl-tablet-tablet-2.webp | /images/medicines/500mg-radimet-metformin-hcl-tablet-tablet-3.webp,,,,novamedsolutions.in,/catalog/500mg-radimet-metformin-hcl-tablet-tablet,,,,,,,,,,,,,,,,,,,,,,,,,,,,,,,,,,,,,,,,,,,,,,,,,,,,,,,,,,,,,,,,,,,,,,,,,,,,,,,,,,,,,,,,,,,,,,,,,,,,,Prescription,,,,,,,,,,,,,,PR,,,,,,,,,,36 months,,,,,,,,,,,,,,,,,,,,,,,,,,,,,,Type 2 Diabetes,,,,,,,,,,,
500mg-ricovir-em-tenofovir-tablet-tablet,500mg Ricovir Em Tenofovir Tablet,Tablets,Tenofovir Disoproxil Fumarate,,500 mg,Ricovir EM,Pack Size: 30 tablets,,Price on request,Ricovir EM (300 mg Tenofovir Disoproxil Fumarate / 200 mg Emtricitabine) is a prescription antiretroviral medicine used to treat and prevent HIV-1 in adults.,/images/medicines/500mg-ricovir-em-tenofovir-tablet-tablet-1.webp | /images/medicines/500mg-ricovir-em-tenofovir-tablet-tablet-2.webp | /images/medicines/500mg-ricovir-em-tenofovir-tablet-tablet-3.webp,,,,novamedsolutions.in,/catalog/500mg-ricovir-em-tenofovir-tablet-tablet,,,,,,,,,,,,,,,,,,,,,,,,,,,,,,,,,,,,,,,,,,,,,,,,,,,,,,,,,,,,Tenofovir DF,,,,,,,,,,,,Mylan Labs,,,,,,,,,,,,,,,,,,,,,,,,,,,,,,,,,,,,,,,,,,,,,,,,,,,,,36 months,,,,,,,,,,,,,,,,,,,,,,,,,,,,,,"Chronic Hepatitis B, HIV First Line",,,,,,,,,,,
500mg-sovihep-v-sofosbuvir-tablets-ablets,500mg Sovihep V Sofosbuvir Tablets,Tablets,Sofosbuvir + Velpatasvir,Tablet,400 mg + 100 mg,,Pack Size: 28 tablets; Pack Type: Bottle; Packaging Type: Bottle,,Price on request,500mg Sovihep V Sofosbuvir Tablets is widely prescribed for patients dealing with general therapeutic disorders.500mg Sovihep V Sofosbuvir tablets are used in antiviral therapy for managing chronic Hepatitis C.,/images/medicines/500mg-sovihep-v-sofosbuvir-tablets-ablets-1.webp | /images/medicines/500mg-sovihep-v-sofosbuvir-tablets-ablets-2.webp | /images/medicines/500mg-sovihep-v-sofosbuvir-tablets-ablets-3.webp,,,,novamedsolutions.in,/catalog/500mg-sovihep-v-sofosbuvir-tablets-ablets,,,,,,,,,,,,,,,,,,,,,,,,,,,,,,,,,,,,,,,,,,,,,,,,,,,,,,,,,,,,,,,,,,,,,,,,Zydus,,,,,,,,,,,,,,,,,,,,,,,,,,Prescription only,,,,,,,,,,,,,,,,,,,,,,,,,,,,,,,,,,,,,,,,,,,,,,,,,,,Chronic hepatitis C,,,,,,,,,,,,,,,,,
500mg-tranexa-tranexamic-acide-tablet-155055,500mg Tranexa Tranexamic Acide Tablet,Tablets,,,500 mg,Tranexa,Pack Size: 60 tablets; Packaging Type: Strip,,Price on request,"It works by preventing the breakdown of blood clots, helping stabilize bleeding in conditions such as heavy menstrual bleeding, surgeries, or trauma.",/images/medicines/500mg-tranexa-tranexamic-acide-tablet-155055-1.webp | /images/medicines/500mg-tranexa-tranexamic-acide-tablet-155055-2.webp | /images/medicines/500mg-tranexa-tranexamic-acide-tablet-155055-3.webp,,2859592155055,,novamedsolutions.in,/catalog/500mg-tranexa-tranexamic-acide-tablet-155055,,,,,,,,,,,,,,,,,,,,,Tranexamic alone,,,,,,,,,,,,,,,,,,,,,,,,,,,,,,,,,,,,,,,,,,,,Menorrhagia,,,,,,,,,,,,,,,,,,,,,,,,,,,,,,,,,,,,Prescription,,,,,,,,,,,,,Immediate release,,,,,,,,,,,,,,,,,,,,,,,,,,,,,,,,,,,,,,,,,,,,,,,,,,,,
500mg-velpanat-sofosbuvir-and-velpatasvir-tablets-ablets,500mg Velpanat Sofosbuvir And Velpatasvir Tablets,Tablets,Velpatasvir+Sofosbuvir,,100 mg+400 mg,,Pack Size: 28 tablets; Packaging Type: Bottle,,Price on request,500mg Velpanat tablets containing Sofosbuvir and Velpatasvir are used for chronic Hepatitis C treatment.,/images/medicines/500mg-velpanat-sofosbuvir-and-velpatasvir-tablets-ablets-1.webp | /images/medicines/500mg-velpanat-sofosbuvir-and-velpatasvir-tablets-ablets-2.webp | /images/medicines/500mg-velpanat-sofosbuvir-and-velpatasvir-tablets-ablets-3.jpeg | /images/medicines/500mg-velpanat-sofosbuvir-and-velpatasvir-tablets-ablets-4.webp | /images/medicines/500mg-velpanat-sofosbuvir-and-velpatasvir-tablets-ablets-5.webp,,,,novamedsolutions.in,/catalog/500mg-velpanat-sofosbuvir-and-velpatasvir-tablets-ablets,,,,,,,,,,,,,,,,,,,,,,,,,,,,,,,,,,,,,,,,,,,,Tablet,,,,,,,,,,,,,,,,,,,,,,,,,,,,Natco Pharma,,,,,,,,,,,,,,,,,,,,,,,,,,,,,Prescription,,,,,,,,,,,,,,,,,,,,,,,,,,,,,,,,,,,,,,,,,,,,,Chronic Hepatitis C,,,,24 weeks,,,,,,,,,,,,,,,,
500mg-virovir-famciclovir-tablets-190033,500mg Virovir Famciclovir Tablets,Tablets,,Tablet,500 mg,Virovir,Pack Size: 3 tablets; Packaging Type: Blister pack,,Price on request,500mg Virovir Famciclovir Tablets is an effective medication used in the treatment of general therapeutic conditions.500mg Virovir Famciclovir tablets are prescribed for herpes zoster and genital herpes treatment.,/images/medicines/500mg-virovir-famciclovir-tablets-190033-1.webp | /images/medicines/500mg-virovir-famciclovir-tablets-190033-2.webp | /images/medicines/500mg-virovir-famciclovir-tablets-190033-3.webp,,2859592190033,,novamedsolutions.in,/catalog/500mg-virovir-famciclovir-tablets-190033,,,,,,,,,,,,,,,,,,,,,,,,,,,,,,,,,,,,,,,,,,,,,,,,,,,,,,,,,,,,,,,,,,,,,,,,FDC,,,,,,,,,,,,,,,,,,,,,,,,,,Prescription only,,,,,,,,,,,,,,,,,,,,,,,,,,,,,,,,,,,,,,,,,,,,,,,,,,,,,,,,,Genital herpes,,,,,,,,,,,
500mg-wormentel-fenbendazole-tablet-187591,500mg Wormentel Fenbendazole Tablet,Tablets,Fenbendazole,Tablet,500 mg,,Pack Size: 100 Tablets; Packaging Type: Blister,,Price on request,500mg Wormentel Fenbendazole tablets are prescribed for deworming and parasitic infection management.,/images/medicines/500mg-wormentel-fenbendazole-tablet-187591-1.webp | /images/medicines/500mg-wormentel-fenbendazole-tablet-187591-2.webp | /images/medicines/500mg-wormentel-fenbendazole-tablet-187591-3.webp,,2859592187591,,novamedsolutions.in,/catalog/500mg-wormentel-fenbendazole-tablet-187591,,,,,,,,,,,,,,,,,,,,,,,,,,,,,,,,,,,,,,,,,,,,,,,,,,,,,,,,,,,,,,,,,,,,,,,,,,,,,,,,,,,,,,,,,,,,,,,,,,Prescription,,,,,,,,,,,,,,,,,,,,,,,,,,,48 months,,,,,,,,,,,,,,,,,,,,,,,,,,,,,,,,,,,,,,,,,
500mg-zady-azithromycin-tablet-166973,500mg Zady Azithromycin Tablet,Tablets,Azithromycin Only,Tablet,500 mg,Zady,Packaging Size: 6x5 Tablets; Packaging Type: Blister Pack,,Price on request,"500mg Zady Azithromycin tablets are prescribed for respiratory, skin, ear, and bacterial throat infections treatment.",/images/medicines/500mg-zady-azithromycin-tablet-166973-1.webp | /images/medicines/500mg-zady-azithromycin-tablet-166973-2.jpg | /images/medicines/500mg-zady-azithromycin-tablet-166973-3.webp,,2859592166973,,novamedsolutions.in,/catalog/500mg-zady-azithromycin-tablet-166973,,,,,,,,,,,,,,,,,,,,,,,,,,,,,,,,,,,,,,,,,,,,,,,,,,,,,,,,,,,,,,,,,,,,,,,,,,,,,,,,,,,,,,,,,,,,,,,,,,,Yes,,,,,,,,,,,,,,,,,,,,,,,,,,,,,,,,,,,,,,,,,,,,,,,,,,,,,,,,,,,,,,,,,,,
50mg-1000mg-galvus-met-vildagliptin-tablets-ablets,50mg 1000mg Galvus Met Vildagliptin Tablets,Tablets,Vildagliptin+Metformin,,50/1000 mg,Galvus Met,Pack Size: 15 tablets,,Price on request,50mg/1000mg Galvus Met Vildagliptin tablets are used for the management of Type 2 Diabetes by helping regulate blood glucose levels.,/images/medicines/50mg-1000mg-galvus-met-vildagliptin-tablets-ablets-1.webp | /images/medicines/50mg-1000mg-galvus-met-vildagliptin-tablets-ablets-2.webp | /images/medicines/50mg-1000mg-galvus-met-vildagliptin-tablets-ablets-3.webp,,,,novamedsolutions.in,/catalog/50mg-1000mg-galvus-met-vildagliptin-tablets-ablets,,,,,,,,,,,,,,,,,,,,,,,,,,,,,,,,,,,,,,,,,,,,,,,,,,,,,,,,,,,,,,,,,,,,,,,,,,,,,,,,,,,,,,,,,,,,,,,,,,,,,,,,,,,,,,,,,,,XR Combo,,,,,,,,,,30 months,,,,,,,,,,,,,,,,,,,,,,,,,,,,,,Type 2 Diabetes,,,,,,,,,,,
50mg-acarboz-acarbose-tablet-tablet,50mg Acarboz Acarbose Tablet,Tablets,Acarbose,,50 mg,Acarboz,Pack Size: 20x10 tablets,,Price on request,50mg Acarboz Acarbose tablets are used to help control post-meal blood sugar levels in patients with Type 2 Diabetes.,/images/medicines/50mg-acarboz-acarbose-tablet-tablet-1.webp | /images/medicines/50mg-acarboz-acarbose-tablet-tablet-2.webp | /images/medicines/50mg-acarboz-acarbose-tablet-tablet-3.webp,,,,novamedsolutions.in,/catalog/50mg-acarboz-acarbose-tablet-tablet,,,,,,,,,,,,,,,,,,,,,,,,,,,,,,,,,,,,,,,,,,,,,,,,,,,,,,,,,,,,,,,,,,,,,,,,,,,,,,,,,,,,,,,,,,,,,,,,,,,,,,,,,,,,,,,,,,,Immediate Release,,,,,,,,,,24 months,,,,,,,,,,,,,Sugar Free,,,,,,,,,,,,,,,,,Type 2 Diabetes,,,,,,,,,,,
50mg-actilyse-alteplase-injection-ection,50mg Actilyse Alteplase Injection,Injections,Alteplase,Lyophilized powder,50 mg,,Packaging Size: 50 mg vial,,Price on request,"50mg Actilyse Alteplase injection is used for dissolving blood clots in stroke, heart attack, and pulmonary embolism cases.",/images/medicines/50mg-actilyse-alteplase-injection-ection-1.webp | /images/medicines/50mg-actilyse-alteplase-injection-ection-2.jpg | /images/medicines/50mg-actilyse-alteplase-injection-ection-3.webp,,,,novamedsolutions.in,/catalog/50mg-actilyse-alteplase-injection-ection,,,,,,,,,,,,,,,,,,,,,,,,,,,,,,,,,,,,,10 ml,,,,,,,,,,,,,,,,,,,,,,,,,,,,AMI,,,,,,,,,,,,,,,,,,,,,,,,,,,,,,,,,,,,,,,,,,,,,,,,,,,,,,,,,,,,,,,,,,,,,,Below 25°C,,,,,,,,,,,,,,,,,,,,,,,,,,,,,,,
50mg-atenheal-atenolol-tablet-tablet,50mg Atenheal Atenolol Tablet,Tablets,Atenolol,Tablet,50 mg,Atenheal,Packaging Size: 20 x 14 tablets; Packaging Type: Blister Pack,,Price on request,"Atenolol is a beta blocker medicine, used to treat high blood pressure (hypertension) and irregular heartbeats (arrhythmia). If you have high blood pressure, taking atenolol helps prevent future heart disease, heart attacks and strokes. It can also be used to prevent chest pain caused by angina.",/images/medicines/50mg-atenheal-atenolol-tablet-tablet-1.jpg | /images/medicines/50mg-atenheal-atenolol-tablet-tablet-2.jpg | /images/medicines/50mg-atenheal-atenolol-tablet-tablet-3.jpeg,,,,novamedsolutions.in,/catalog/50mg-atenheal-atenolol-tablet-tablet,,,,,,,,,,,,,,,,,,,,,,,,,,,,,,,,,,,,,,,,,,,,,,,,,,,,,,,,,,,,,,,,,,,,,,,,Healing,,,,,,,,,,,,,,,,,,,,,,,,,,,,,,,,,,,,,,,,,,,,,,,,,,,,,3 years,,,,,,,Store in Cool and Dry Place,,,,,,,,,,,,,,,,,,,,,,,,,,,,,,,,,,
50mg-bicatero-bicalutamide-tablet-126430,50mg Bicatero Bicalutamide Tablet,Tablets,Bicalutamide,Tablet,50 mg,Bicatero,Packaging Size: 10 tablets,,Price on request,50mg Bicatero Bicalutamide Tablet plays a vital role in managing general therapeutic-related health issues. 50mg Bicatero Bicalutamide tablets are used for prostate cancer treatment and hormone therapy.,/images/medicines/50mg-bicatero-bicalutamide-tablet-126430-1.webp | /images/medicines/50mg-bicatero-bicalutamide-tablet-126430-2.webp | /images/medicines/50mg-bicatero-bicalutamide-tablet-126430-3.webp,,2859592126430,,novamedsolutions.in,/catalog/50mg-bicatero-bicalutamide-tablet-126430,,,,,,,,,,,,,,,,,,,,,,,,,,,,,,,,,,,,,,,,,,,,,,,,,,,,,,,,,,,,,,,,,,,,,,,,,,,,,,,,,,,,,,,,,,,,,,,,,,Prescription,,,,,,,,,,,,,,,,,,,,,,,,,,,,,,,,,,,,,,,,,,,,,,,,,,,,,Prostate Cancer,,,,,,,,,,,,,,,
50mg-dasatrue-dasatinib-tablet-tablet,50mg Dasatrue Dasatinib Tablet,Tablets,,Tablet,50 mg,Dasatrue,Pack Type: Bottle,,Price on request,50mg Dasatrue Dasatinib Tablet plays a vital role in managing general therapeutic-related health issues. 50mg Dasatrue Dasatinib tablets are prescribed for blood cancer treatment and leukemia management.,/images/medicines/50mg-dasatrue-dasatinib-tablet-tablet-1.jpg | /images/medicines/50mg-dasatrue-dasatinib-tablet-tablet-2.webp | /images/medicines/50mg-dasatrue-dasatinib-tablet-tablet-3.jpg,,,,novamedsolutions.in,/catalog/50mg-dasatrue-dasatinib-tablet-tablet,,,,,,,,,,,,,,,,,,,,,,,,,,,,,,,,,,,,,,,,,,,,,,,,,,,,,,,,,,,,,,,,,,,,,,,,,,,,,,,,,,,,,,,,,,,,,,,,,,,,,,,,,,,,,,,,,,,Film Coated,,,,,,,,,,,,,,,,,,,,,,,,,,,60 Tablets,,,,,,,,,,,,,Cancer Care,,,,,,,,,,,
50mg-dicaris-levamisole-hydrochloride-tablets-186555,50mg Dicaris Levamisole Hydrochloride Tablets,Tablets,,Tablet,50 mg,Dicaris,Packaging Size: 30 Tablet; Packaging Type: Strip,,Price on request,50mg Dicaris Levamisole Hydrochloride tablets are used for treating worm infestations and certain immune-related conditions.,/images/medicines/50mg-dicaris-levamisole-hydrochloride-tablets-186555-1.webp | /images/medicines/50mg-dicaris-levamisole-hydrochloride-tablets-186555-2.webp | /images/medicines/50mg-dicaris-levamisole-hydrochloride-tablets-186555-3.webp,,2859592186555,,novamedsolutions.in,/catalog/50mg-dicaris-levamisole-hydrochloride-tablets-186555,,,,,,,,,,,,,,,,,,,,,,,,,,,,,,,,,,,,,,,,,,,,,,,,,,,,,,,,,,,,,,,,,,,,,,,,,,,,,,,,,,,,,,,,,,,,,,,,,,Prescription,,,,,,,,,,,,,,,,,,,,,,,,,,,36 Month,,,,,,,,,,,,,,,,,,,,,,,,Immunomodulator,,,,,,,,,,,,,,,,,
50mg-enclomisign-enclomiphene-tablets-145233,50mg Enclomisign Enclomiphene Tablets,Tablets,,Tablet,50 mg,Enclomisign,Packaging Size: 1x5 tablets,,Price on request,"Boosts low testosterone in men by stimulating the pituitary gland to naturally produce more Luteinizing Hormone (LH) and Follicle-Stimulating Hormone (FSH), which signals the testes to produce testosterone without suppressing sperm production",/images/medicines/50mg-enclomisign-enclomiphene-tablets-145233-1.webp | /images/medicines/50mg-enclomisign-enclomiphene-tablets-145233-2.webp | /images/medicines/50mg-enclomisign-enclomiphene-tablets-145233-3.webp,,2859592145233,,novamedsolutions.in,/catalog/50mg-enclomisign-enclomiphene-tablets-145233,,,,,,,,,,,,,,,,,,,,,,,,,,,,,,,,,,,,,,,,,,,,,,,,,,,,,,,,,,,,,,,,,Hypogonadism,,Enclomiphene Only,,,,,,,,,,,,,,,,,,,,,,,,,,,,,,,,,,Prescription,,,,,,,,,,,,,,,,,,,,,,,,,,,,,,,,,,,,,,,,,,,,Male,,Gynecology,,,,,,,,,,,,,,,,,,,
50mg-epaltat-epalrestat-tablets-ablets,50mg Epaltat Epalrestat Tablets,Tablets,Epalrestat,,50 mg,Epaltat,Pack Size: 10 tablets,,Price on request,50mg Epaltat Epalrestat tablets are used for the treatment of diabetic neuropathy and nerve-related complications associated with diabetes.,/images/medicines/50mg-epaltat-epalrestat-tablets-ablets-1.webp | /images/medicines/50mg-epaltat-epalrestat-tablets-ablets-2.webp | /images/medicines/50mg-epaltat-epalrestat-tablets-ablets-3.webp,,,,novamedsolutions.in,/catalog/50mg-epaltat-epalrestat-tablets-ablets,,,,With Vitamins,,,,,,,,,,,,,,,,,,,,,,,,,,,,,,,,,,,,,,,,,,,,,,,,,,,,,,,,,,,,,,,,,,,,,,,,,,,,,,,,,,,,,,,,,,,,,,,,,Rx Only,,,,,,,,,,,,,,,,,,,,,,,,24 months,,,,,,,,,,,,,,,,,,,,,,,,,,,,,,Diabetic Neuropathy,,,,,,,,,,,
50mg-hiforce-sildenafil-citrate-tablets-142033,50mg Hiforce Sildenafil Citrate Tablets,Tablets,Sildenafil,Tablet,50 mg,Hiforce,Packaging Size: 10 tablets; Packaging Type: Blister,,Price on request,50mg Hiforce Sildenafil Citrate tablets are prescribed for mild erectile dysfunction and help support stronger and sustained erections.,/images/medicines/50mg-hiforce-sildenafil-citrate-tablets-142033-1.jpg | /images/medicines/50mg-hiforce-sildenafil-citrate-tablets-142033-2.webp | /images/medicines/50mg-hiforce-sildenafil-citrate-tablets-142033-3.jpg,,2859592142033,,novamedsolutions.in,/catalog/50mg-hiforce-sildenafil-citrate-tablets-142033,,,,,,,,,,,,,,,,,,,,,,,,,,,,,,,,,,,,,,,,,,,,,,,,,,,,,,,,,,,,,,,,,,,,,,,,Healing Pharma,,,,,,,,,,,,,,,,,,,,,,,,,,Prescription,,,,,,,,,,,,,,,,,,,,,,,,,,,36 Months,,,,,,,,,,,,,,,,,,,,,,,,,,,,,,,,,,,,,,,,,
50mg-istavel-sitagliptin-phosphate-tablets-ablets,50mg Istavel Sitagliptin Phosphate Tablets,Tablets,Sitagliptin,,50 mg,Istavel,Pack Size: 7 tablets,,Price on request,50mg Istavel Sitagliptin Phosphate Tablets is an effective medication used in the treatment of general therapeutic conditions. 50mg Istavel Sitagliptin phosphate tablets are used for blood sugar control in Type 2 Diabetes.s by enhancing,/images/medicines/50mg-istavel-sitagliptin-phosphate-tablets-ablets-1.webp | /images/medicines/50mg-istavel-sitagliptin-phosphate-tablets-ablets-2.webp | /images/medicines/50mg-istavel-sitagliptin-phosphate-tablets-ablets-3.webp,,,,novamedsolutions.in,/catalog/50mg-istavel-sitagliptin-phosphate-tablets-ablets,,,,,,,,,,,,,,,,,,,,,,,,,,,,,,,,,,,,,,,,,,,,,,,,,,,,,,,,,,,,,,,,,,,,,,,,,,,,,,,,,,,,,,,,,,,,,,,,,,,,,,,,,,,,,,,,,,,Immediate Release,,,,,,,,,,36 months,,,,,,,,,,,,,Sugar Free,,,,,,,,,,,,,,,,,Type 2 Diabetes,,,,,,,,,,,
50mg-malegra-sildenafil-citrate-tablets-ablets,50mg Malegra Sildenafil Citrate Tablets,Tablets,Sildenafil,Tablet,50mg,Malegra,Packaging Size: 10 Tablets,,Price on request,"Malegra 50 mg is a prescription medication containing sildenafil citrate, primarily used to treat erectile dysfunction (impotence) in adult men. By inhibiting the PDE5 enzyme, it relaxes blood vessels and increases blood flow to the penis during sexual stimulation",/images/medicines/50mg-malegra-sildenafil-citrate-tablets-ablets-1.webp | /images/medicines/50mg-malegra-sildenafil-citrate-tablets-ablets-2.webp | /images/medicines/50mg-malegra-sildenafil-citrate-tablets-ablets-3.webp,,,,novamedsolutions.in,/catalog/50mg-malegra-sildenafil-citrate-tablets-ablets,,,,,,,,,,,,,,,,,,,,,,,,,,,,,,,,,,,,,,,,,,,,,,,,,,,,,,,,,,,,,,,,Men,,,,,,,,Sunrise Remedies,,,,,,,,,,,,,,,,,,,,,,,,,,,,,,,,,,,,,,,,,,,,,,,,,,,,,,,,,,,,,,,,,,,,,,,,,,,,,,,,,,,,,,,,,,,,,,
50mg-micanfa-micafungin-injection-ection,50mg Micanfa Micafungin Injection,Injections,,,50 mg,Micanfa,Pack Size: Single vial; Packaging Type: Glass vial,,Price on request,50mg Micanfa Micafungin injection is prescribed for serious fungal infections in immunocompromised patients.,/images/medicines/50mg-micanfa-micafungin-injection-ection-1.webp | /images/medicines/50mg-micanfa-micafungin-injection-ection-2.webp | /images/medicines/50mg-micanfa-micafungin-injection-ection-3.webp,,,,novamedsolutions.in,/catalog/50mg-micanfa-micafungin-injection-ection,,,,,,,,,,,,,,,,,,,,,,,,,,,,,,,,,,,,,,,,,,,,,,,,,,,,,,,,,,,,,,,,,,Lyophilized powder,,,,,,,,,,,,,,,,,,,,,,,,,,,,,,,,,,,,,,,,,,,,,,,,,,,,,,,,,,,36 months,,,,,,2-8°C,,,,,,,,,,,,,,,,,,,,,,,,,,,,,,,,,,,
50mg-phosome-liposomal-amphotericin-b-injection-132255,50mg Phosome Liposomal Amphotericin B Injection,Injections,,,50 mg vial,Phosome,Packaging Type: Glass vial,,Price on request,50mg Phosome Liposomal Amphotericin B injection is used for the treatment of severe fungal infections including systemic fungal diseases and fungal infections in immunocompromised patients.,/images/medicines/50mg-phosome-liposomal-amphotericin-b-injection-132255-1.webp | /images/medicines/50mg-phosome-liposomal-amphotericin-b-injection-132255-2.webp | /images/medicines/50mg-phosome-liposomal-amphotericin-b-injection-132255-3.webp,,2859592132255,,novamedsolutions.in,/catalog/50mg-phosome-liposomal-amphotericin-b-injection-132255,,,,,,,,,,,,,,,,,,,,,,,,,,,,,,,,,,,,,,,,,,,,,,,,,,,,,,,,,,,Liposomal,,,,,,,IV infusion,,,,,,,,,,,,,,,,,,,,,,,,,,,,,,,,,,,,,,,,,,,,,,,,,,,,,,,,,,,36 months,,,,,,2-8°C,,,,,,,,,,,,,,,,,,,,,,,,,,,,,,,,,,,
50mg-serta-sertaline-tablet-tablet,50mg Serta Sertaline Tablet,Tablets,,,50 mg,,Packaging Size: 10x15 tablets; Packaging Type: Blister Pack,,Price on request,"50mg Serta Sertraline tablets are used for depression, anxiety disorders, panic disorder, and obsessive-compulsive disorder treatment.",/images/medicines/50mg-serta-sertaline-tablet-tablet-1.webp | /images/medicines/50mg-serta-sertaline-tablet-tablet-2.webp | /images/medicines/50mg-serta-sertaline-tablet-tablet-3.webp,,,,novamedsolutions.in,/catalog/50mg-serta-sertaline-tablet-tablet,,,,,,,,,,,,,,,,,,,,,,,,,,,,,,,,,,,,,,,,,,,,,,,,,,,,,,,,,,,,,,,,,,,,,,,,,,,,,,,,,,,,,,,,,,,,,,,,IP,,,,,,,,,,,,,,,,,,,,,,,,,,,,,36 months,,,,,,,,,,,,,,,,,,,,,,,,Anxiety Disorders,,,,,,,,,,,,,,,,,
50mg-super-hiforce-sildenafil-and-dapoxetine-tablets-ablets,50mg Super Hiforce Sildenafil And Dapoxetine Tablets,Tablets,,Tablet,,,Packaging Type: Blister,,Price on request,50mg Super Hiforce tablets containing Sildenafil and Dapoxetine are used for treating erectile dysfunction and premature ejaculation simultaneously.,/images/medicines/50mg-super-hiforce-sildenafil-and-dapoxetine-tablets-ablets-1.webp | /images/medicines/50mg-super-hiforce-sildenafil-and-dapoxetine-tablets-ablets-2.webp | /images/medicines/50mg-super-hiforce-sildenafil-and-dapoxetine-tablets-ablets-3.webp,,,,novamedsolutions.in,/catalog/50mg-super-hiforce-sildenafil-and-dapoxetine-tablets-ablets,,,,,,,,,,,,,,,,,,,,,,,,,,,,,,,,,,,,,,,,,,,,,,,,,,,,,,,,,,,,,,,,,,,,,,,,Healing Pharma,,,,,4 tablets,,,,,,,,,,,,,,,,,,,,,,,,Prescription,,,,,,,,,,,,,,,,,,,,,,,,36 Months,,,,50 mg,,,,,,,,,,,,,,,,,,,,,,,,,,,,,,,,,,,,,
50mg-sutinat-sunitinib-malate-capsules-psules,50mg Sutinat Sunitinib Malate Capsules,Capsules,,Capsule,50 mg,Sutinat,Packaging Size: 28 Capsules; Pack Type: Bottle,,Price on request,50mg Sutinat Sunitinib malate capsules are prescribed for advanced kidney cancer and pancreatic neuroendocrine tumors.,/images/medicines/50mg-sutinat-sunitinib-malate-capsules-psules-1.jpg | /images/medicines/50mg-sutinat-sunitinib-malate-capsules-psules-2.jpg | /images/medicines/50mg-sutinat-sunitinib-malate-capsules-psules-3.jpg,,,,novamedsolutions.in,/catalog/50mg-sutinat-sunitinib-malate-capsules-psules,,,,,,,,,,,,,,,,,,,,,,,,,,,,,,,,,,,,,,,,,,,,,,,,Oral,,,,,,,,,,,,,,,,,GIST,,,,,,,,,,,,,,,,,,,,,,,,,,,,,,,,,,,,,,,,,,,,,,,,,,,,,,,,,,,,36 Months,,,,,,,,,,,,,,,,,,,,,,,,,,,,,,,,,,,,,,,,,
50mg-trombopag-eltrombopag-olamine-tablets-ablets,50mg Trombopag Eltrombopag Olamine Tablets,Tablets,Eltrombopag Olamine,Tablet,50 mg,Trombopag,Pack Size: 28 Tablets,,Price on request,Trombopag Eltrombopag olamine 50mg tablets are used for low platelet count and thrombocytopenia treatment.,/images/medicines/50mg-trombopag-eltrombopag-olamine-tablets-ablets-1.jpg | /images/medicines/50mg-trombopag-eltrombopag-olamine-tablets-ablets-2.webp | /images/medicines/50mg-trombopag-eltrombopag-olamine-tablets-ablets-3.webp,,,,novamedsolutions.in,/catalog/50mg-trombopag-eltrombopag-olamine-tablets-ablets,,,,,,,,,,,,,,,,,,,,,,,,,,,,,,,,,,,,,,,,,,,,,,,,,,,,,,,,,,,,,,,,,,,,,,,,Natco Pharma,,,,,,,,,,,,,,,,,,,,,,,,,,,,,Prescription,,,,,,,,,,,,,,,,,,,,,,,,36 Months,,,,,,,,,,,,,,,,,,,,,,,,,,,,,,,,,,,,,,,,,
50mg-viagra-sildenafil-tablets-ablets,50mg Viagra Sildenafil Tablets,Tablets,Sildenafil,Tablet,50 mg,Viagra,Pack Size: 4 tablets; Packaging Type: Blister Pack,,Price on request,50mg Viagra Sildenafil tablets are used for mild erectile dysfunction treatment and enhanced sexual function support.,/images/medicines/50mg-viagra-sildenafil-tablets-ablets-1.png | /images/medicines/50mg-viagra-sildenafil-tablets-ablets-2.webp | /images/medicines/50mg-viagra-sildenafil-tablets-ablets-3.webp,,,,novamedsolutions.in,/catalog/50mg-viagra-sildenafil-tablets-ablets,,,,,,,,,,,,,,,,,,,,,,,,,,,,,,,,,,,,,,,,,,,,,,,,,,,,,,,,,,,,,,,,,,,,,,,,Pfizer,,,,,,,,,,,,,,,,,,,,,,,,,,,,,Prescription,,,,,,,,,,,,,,,,,,,,,,,,36 months,,,,,,,,,,,,,,,,,,,,,,,,,,,,,,,,,,,,,,,,,
50mg-vorier-voriconazole-tablet-tablet,50mg Vorier Voriconazole Tablet,Tablets,,Tablet,50 mg,Vorier,Pack Size: 10 tablets,,Price on request,"50mg Vorier Voriconazole Tablet is an effective medication used in the treatment of general therapeutic conditions. This medicine acts on specific biological pathways to control symptoms and improve patient health. It is known for delivering reliable outcomes when taken as prescribed by healthcare professionals. Healthcare guidance is essential while using this medicine to ensure safe and effective treatment outcomes. The product is developed with high-quality ingredients to ensure patient safety. Consultation with a healthcare provider is recommended before use. In addition, 50mg Vorier Voriconazole Tablet supports better clinical outcomes by enhancing treatment response in patients. Its role in general therapeutic therapy has been well recognized due to its effectiveness and patient tolerance. Continuous use as prescribed can significantly improve quality of life and help manage the condition efficiently.50mg Vorier Voriconazole Tablet is an effective medication used in the treatment of general therapeutic conditions. This medicine acts on specific biological pathways to control symptoms and improve patient health. It is known for delivering reliable outcomes when taken as prescribed by healthcare professionals. Healthcare guidance is essential while using this medicine to ensure safe and effective treatment outcomes. The product is developed with high-quality ingredients to ensure patient safety. Consultation with a healthcare provider is recommended before use. In addition, 50mg Vorier Voriconazole Tablet supports better clinical outcomes by enhancing treatment response in patients. Its role in general therapeutic therapy has been well recognized due to its effectiveness and patient tolerance. Continuous use as prescribed can significantly improve quality of life an",/images/medicines/50mg-vorier-voriconazole-tablet-tablet-1.webp | /images/medicines/50mg-vorier-voriconazole-tablet-tablet-2.webp | /images/medicines/50mg-vorier-voriconazole-tablet-tablet-3.webp,,,,novamedsolutions.in,/catalog/50mg-vorier-voriconazole-tablet-tablet,,,,,,,,,,,,,,,,,,,,,,,,,,,,,,,,,,,,,,,,,,,,,,,,,,,,,,,,,,,,,,,,,,,,,,,,Zydus,,,,,,,,,,,,,,,,,,,Blister,,,,,,,,,,,,,,,,,,,,,,,,,,,,,,,,,,36 months,,,,,,,,,,,,,,,,,,,,,,,,,,,,,,,,,,,,,,,,,
510mg-dapadax-m-tablets-ablets,510mg Dapadax M Tablets,Tablets,,Tablet,,Dapadax M,,,Price on request,Dapadax M-10/500mg tablets containing Dapagliflozin and Metformin are used for effective blood glucose management in Type 2 Diabetes.,/images/medicines/510mg-dapadax-m-tablets-ablets-1.webp | /images/medicines/510mg-dapadax-m-tablets-ablets-2.webp | /images/medicines/510mg-dapadax-m-tablets-ablets-3.webp,,,,novamedsolutions.in,/catalog/510mg-dapadax-m-tablets-ablets,,,,,,,,,,,,,,,,,,,,,,,,,,,,,,,,10 mg,,,,,,,,,,,,,,,,,,,,,,,,,,,,,,,,,,,,,,,,,,,,500 mg,,,,,,,,,,,,,,,Strip,,,,,,,Prescription,,,,,,,,,,,,,,,,,Extended,,,,,,,,,,36 months,,,,,,,,,,,,,,,,10 tablets,,,,,,,,,,,,,,,,,,,,,,,,,
5mg-forxiga-dapagliflozin-tablet-tablet,5mg Forxiga Dapagliflozin Tablet,Tablets,Dapagliflozin,,5 mg,Forxiga,Pack Size: 14 tablets,,Price on request,5mg Forxiga Dapagliflozin tablets are prescribed for managing blood sugar levels in Type 2 Diabetes patients.,/images/medicines/5mg-forxiga-dapagliflozin-tablet-tablet-1.webp | /images/medicines/5mg-forxiga-dapagliflozin-tablet-tablet-2.webp | /images/medicines/5mg-forxiga-dapagliflozin-tablet-tablet-3.webp,,,,novamedsolutions.in,/catalog/5mg-forxiga-dapagliflozin-tablet-tablet,,,,,,,,,,,,,,,,,,,,,,,,,,,,,,,,,,,,,,,,,,,,,,,,,,,,,,,,,,,,,,,,,Glycemic Control,,,,,,,,,,,,,,,,,,,,,,,,,,,,,,,,,,,,Rx Only,,,,,,,,,,,,,,,,,,,,,,,,36 months,,,,,,,,,,,,,,,,,,,,,,,,,,,,,,Type 2 Diabetes,,,,,,,,,,,
5mg-inlyta-axitinib-tablets-164973,5mg Inlyta Axitinib Tablets,Tablets,Axitinib,Tablet,5 mg,Inlyta,Pack Size: 28 Tablets; Packaging Type: Blister Pack,,Price on request,5mg Inlyta Axitinib tablets are used for advanced kidney cancer treatment and help slow tumor progression.,/images/medicines/5mg-inlyta-axitinib-tablets-164973-1.webp | /images/medicines/5mg-inlyta-axitinib-tablets-164973-2.webp | /images/medicines/5mg-inlyta-axitinib-tablets-164973-3.webp,,2859592164973,,novamedsolutions.in,/catalog/5mg-inlyta-axitinib-tablets-164973,,,,,,,,,,,,,,,,,,,,,,,,,,,,,,,,,,,,,,,,,,,,,,,,,,,,,,,,,,,,,,,,,,,,,,,,,,,,,,,,,,,,,,,,,,,,,,,,,,,,,,,,,,,,,,,,,,,,,,,,,,,,,,,,,,,,,,,,,,,,,,,,,,,,,,,,,,,Kidney Cancer,,,,,,,,,,,
5mg-ivasmart-ivabradine-tablets-137197,5mg Ivasmart Ivabradine Tablets,Tablets,,Tablet,5 mg,,Pack Size: 20x10 tablets; Packaging Type: Blister,,Price on request,"Ivasmart Ivabradine is used to treat adults who have chronic heart failure to reduce their risk of hospitalization for worsening heart failure. It is also used to treat heart failure in children 6 months of age and older who have stable heart failure, with symptoms, caused by an enlarged heart (dilated cardiomyopathy).",/images/medicines/5mg-ivasmart-ivabradine-tablets-137197-1.jpeg | /images/medicines/5mg-ivasmart-ivabradine-tablets-137197-2.jpg | /images/medicines/5mg-ivasmart-ivabradine-tablets-137197-3.jpg,,2859592137197,,novamedsolutions.in,/catalog/5mg-ivasmart-ivabradine-tablets-137197,,,,,,,,,,,,,,,,,,,,,,,,,,,,,,,,,,,,,,,,,,,,,,,,,,,,,,,,,,,,,,,,,,,,,,,,,,,,,,,,,,,,,,,,,,,,,,,,,,,,,Prescription,,,,,,,,,,,,,,,,,,,,,,,,,,,,,,Below 25 C,,,,,,,,,,,,,,,,,,,,,,,,Heart Failure,,,,,,,,,,,
5mg-lanalid-lenalidomide-capsules-psules,5mg Lanalid Lenalidomide Capsules,Capsules,,Capsule,5 mg,Lenalid,Pack Type: Bottle,,Price on request,5mg Lanalid Lenalidomide Capsules is widely prescribed for patients dealing with general therapeutic disorders. 5mg Lanalid Lenalidomide capsules are prescribed for blood cancer and multiple myeloma treatment.,/images/medicines/5mg-lanalid-lenalidomide-capsules-psules-1.jpeg | /images/medicines/5mg-lanalid-lenalidomide-capsules-psules-2.jpg | /images/medicines/5mg-lanalid-lenalidomide-capsules-psules-3.webp,,,,novamedsolutions.in,/catalog/5mg-lanalid-lenalidomide-capsules-psules,,,,,,,,,,,,,,,,30 Capsules,,,,,,,,,,,,,,,,,,,,,,,,,,,,,,,,,,,,,,,,,,,,,,,,,,,,,,,,,,,,,,,,,,,,,,,,,,,,,,,,,,Yes,,,,,,,,,,,,,,,,,,,,,,,,,,,,,,,,,,,,,,,,,,,,,,,,,,,,,,,,,Cancer Care,,,,,,,,,,,
5mg-methimercazole-methimazole-tablets-159262,5mg Methimercazole Methimazole Tablets,Tablets,,,5 mg,Abbott,Pack Size: 30 tablets; Packaging Type: Alu Alu,,Price on request,5mg Methimercazole Methimazole tablets are used for hyperthyroidism and overactive thyroid treatment.,/images/medicines/5mg-methimercazole-methimazole-tablets-159262-1.jpg | /images/medicines/5mg-methimercazole-methimazole-tablets-159262-2.webp | /images/medicines/5mg-methimercazole-methimazole-tablets-159262-3.jpg,,2859592159262,,novamedsolutions.in,/catalog/5mg-methimercazole-methimazole-tablets-159262,,,,,,,,,,,,,,,,,,,,,,,,,,,,,,,,,,,,,,,,,,,,Tablet,,,,,,,,,,,,,,,,,,,,,,,,,,,,,,,,,,,,,,,,,,,,,,,,,,,,,,Prescription Only,,,,,,,,,,,,,,,,,,,,,,,,,,,36 months,,,,,,,,,,,,,,,,,,,,,,,,,,Allopathic,,,,Hyperthyroidism,,,,,,,,,,,
5mg-0-5ml-mounjaro-tirzepatide-injection-ection,5mg/0.5ml Mounjaro Tirzepatide Injection,Injections,Tirzepatide 5mg,,5 mg/0.5 ml,Mounjaro,Pack Size: 1 prefilled pen,,Price on request,Mounjaro Tirzepatide 5mg/0.5ml injection is used for the treatment of Type 2 Diabetes and supports improved blood sugar control and weight management.,/images/medicines/5mg-0-5ml-mounjaro-tirzepatide-injection-ection-1.webp | /images/medicines/5mg-0-5ml-mounjaro-tirzepatide-injection-ection-2.jpg | /images/medicines/5mg-0-5ml-mounjaro-tirzepatide-injection-ection-3.jpeg,,,,novamedsolutions.in,/catalog/5mg-0-5ml-mounjaro-tirzepatide-injection-ection,,,,,,,Type 2 Diabetes,,,,,,,,,,,,,,,,,,,,,,,,,,,Prefilled Pen,,,,,,,,,,,,,,,,,,,,,,,,,,,,,,,,,,,,,,,,,,,,,,,,,,,,,,,,,,,,,,,,,,,Rx Only,,,,,,,,,,,,,,,,,,,,,,,,36 months,,,,,,,,,,2–8°C,,,,,,,,,,,,,,,,,,,,,,,,,,,,,,,
6-mg-iverash-tablets-183148,6 Mg Iverash Tablets,Tablets,,Tablet,6 mg,Iverash,Packaging Size: 10x10 Tablets; Packaging Type: Strip,,Price on request,6 mg Iverash Tablets is an effective medication used in the treatment of general therapeutic conditions. 6mg Iverash Ivermectin tablets are prescribed for treating various parasitic infections.,/images/medicines/6-mg-iverash-tablets-183148-1.webp | /images/medicines/6-mg-iverash-tablets-183148-2.webp | /images/medicines/6-mg-iverash-tablets-183148-3.webp,,2859592183148,,novamedsolutions.in,/catalog/6-mg-iverash-tablets-183148,,,,,,,,,,,,,,,,,,,,,,,,,,,,,,,,,,,,,,,,,,,,,,,,,,,,,,,,,,,,,,,,,,,,,,,,,,,,,,,,,,,,,,,,,,,,,,,,,,Prescription,,,,,,,,,,,,,,,,,,,,,,,,,,,36 Month,,,,,,,,,,,,,,,,,,,,,,,,Worm Infestation,,,,,,,,,,,,,,,,,
60000-iu-ostarap-d3-vitamin-d3-capsules-159562,60000 IU Ostarap D3 Vitamin D3 Capsules,Capsules,Vitamin D3 Only,Capsule,,Uprise-D3,Packaging Size: 10x1x4 Capsules; Packaging Type: Blister Pack,,Price on request,60000 IU Ostarap D3 Vitamin D3 Capsules is widely prescribed for patients dealing with general therapeutic disorders. 60000 IU Ostarap D3 Vitamin D3 capsules are used for vitamin D deficiency and bone health support.,/images/medicines/60000-iu-ostarap-d3-vitamin-d3-capsules-159562-1.png | /images/medicines/60000-iu-ostarap-d3-vitamin-d3-capsules-159562-2.jpg | /images/medicines/60000-iu-ostarap-d3-vitamin-d3-capsules-159562-3.jpg,,2859592159562,,novamedsolutions.in,/catalog/60000-iu-ostarap-d3-vitamin-d3-capsules-159562,,,,,,,,,,,,,,,,,,,,,,,,,,,,,,,,,,,,,,,,,,,,,,,,,,,,,,,,,Cholecalciferol,,,,,,,,,,,,,,,,,,,,,,,,,,,,,,,,,,,,,,,,,,,Yes,,,,,,,,,,,,,,,,,,,,,,,,,,,,,,,,,,,,,,,,,,,,Adults,,,,,,,,,,,,,,,,,,,,60000 IU,,
600mg-gabasign-gabapentin-tablets-156933,600mg Gabasign Gabapentin Tablets,Tablets,,Tablet,600 mg,,Pack Size: 30 tablets; Packaging Type: Blister,,Price on request,"Gabasign 600mg Gabapentin tablets are used for the treatment of nerve pain, seizures, and diabetic neuropathy.",/images/medicines/600mg-gabasign-gabapentin-tablets-156933-1.jpg | /images/medicines/600mg-gabasign-gabapentin-tablets-156933-2.jpg | /images/medicines/600mg-gabasign-gabapentin-tablets-156933-3.jpg,,2859592156933,,novamedsolutions.in,/catalog/600mg-gabasign-gabapentin-tablets-156933,,,,,,,,,,,,,,,Branded,,,,,,Gabapentin Alone,,,,,,,,,,,,,,,,,,,,,,,,,,,,,,,,,,,,,,,,,,,,,,,,,,,,,,,,,,,,,,,,,,,,,,,,,,,,,,,,,,,,,,,,,,,,,,,,,,,,Gabapentin,Schedule H,,,,,,,,,,,,,,,,,,,,,,,,,,,,,,,,,"Epilepsy, Fibromyalgia",,,,,,,,,,,
60mg-carfizome-carfilzomib-injection-165897,60mg Carfizome Carfilzomib Injection,Injections,Carfilzomib,Lyophilized Powder for Injection,60 mg,Carfizome,Pack Size: 10 ml,,Price on request,60mg Carfizome Carfilzomib injection is used for multiple myeloma treatment in patients with relapsed cancer.,/images/medicines/60mg-carfizome-carfilzomib-injection-165897-1.webp | /images/medicines/60mg-carfizome-carfilzomib-injection-165897-2.webp | /images/medicines/60mg-carfizome-carfilzomib-injection-165897-3.webp,,2859592165897,,novamedsolutions.in,/catalog/60mg-carfizome-carfilzomib-injection-165897,,,,,,,,,,,,,,,,,,,,,,,,,,,,,,,,,,,,,,,,,,,,,,,,,,,,,,,,,,,,,,,,,,,,,,,,Intas Pharmaceuticals,,,,,,,,,,,,,,,,,,,,,,,,,,,,,,,,,,,,,,,,,,,,,Intravenous,,,,,,,,36 months,,,,,,,,,,2-8 degree c,,,,,,,,,,,,,,Refractory Multiple Myeloma,,,,,,,,,,,,,,,,,
60mg-dacihep-daclatasvir-tablets-151548,60mg Dacihep Daclatasvir Tablets,Tablets,,,60 mg,Dacihep,Pack Size: 28 tablets; Packaging Type: Bottle,,Price on request,60mg Dacihep Daclatasvir Tablets is an effective medication used in the treatment of general therapeutic conditions. 60mg Dacihep Daclatasvir tablets are used in combination therapy for chronic Hepatitis C treatment.,/images/medicines/60mg-dacihep-daclatasvir-tablets-151548-1.webp | /images/medicines/60mg-dacihep-daclatasvir-tablets-151548-2.webp | /images/medicines/60mg-dacihep-daclatasvir-tablets-151548-3.webp,,2859592151548,,novamedsolutions.in,/catalog/60mg-dacihep-daclatasvir-tablets-151548,,,,,,,,,,,,,,,,,,,,,,,,,,,,,,,,,,,,,,,,,,,,Tablet,,,,,,,,,,,,,,,,,Genotype 1,,,,Chronic Hepatitis C,,,,,,,,,,,,,,,,,,,,,,,,,,,,,,,,,,,,,,,,,,,,,,,,,,,,,,,,,,,,,,,,,,,,,,,,,,,,,,,,,,,,,24 weeks,,,,,,,,,,,,,,,,
60mg-vitara-v-tablets-749648,60mg Vitara V Tablets,Tablets,Vardenafil only,Tablet,60 mg,,Packaging Size: 10 Tablets/strip; Packaging Type: Box,Contact seller (Strip),₹ 373 / Strip,"Vitara V Tablets 60mg are a potent supplement designed to enhance vitality and support overall well-being. Formulated with high-quality ingredients, these tablets aim to boost energy levels, improve stamina, and promote a healthy lifestyle. Ideal for those seeking an effective solution to maintain peak performance and vitality.",/images/medicines/60mg-vitara-v-tablets-749648-1.jpg | /images/medicines/60mg-vitara-v-tablets-749648-2.jpg | /images/medicines/60mg-vitara-v-tablets-749648-3.jpeg,,2858086749648,Vardenafil Tablets,curapex-indiamart,/catalog/60mg-vitara-v-tablets-749648,,,,,,,,,,,,,,Vitara-V,,,,,,,,,,,,,,,,,,,,,,,,,,,,,,,,,,,,,,,,,,,,,,,,,,,,,,,,,,Centurion Remedies,,,,,,,,,,,,,,,,,,,,,,,,,,,,,,,,,,,,,,,,,,,,,,,,,,,,,,,,,,,,,,,,60 mg,,,,,,,,,,,,,Erectile Dysfunct.,,,,,,,,,,,,,,,,,
650mg-lazid-n-zidovudine-lamivudine-and-nevirapine-tablet-tablet,650mg Lazid N Zidovudine Lamivudine And Nevirapine Tablet,Tablets,,Tablet,650 mg,Lazid N,Pack Size: 60 tablets,,Price on request,"These drugs work together to inhibit viral replication, reducing viral load and improving immune function. It is an essential part of antiretroviral therapy (ART).",/images/medicines/650mg-lazid-n-zidovudine-lamivudine-and-nevirapine-tablet-tablet-1.webp | /images/medicines/650mg-lazid-n-zidovudine-lamivudine-and-nevirapine-tablet-tablet-2.webp | /images/medicines/650mg-lazid-n-zidovudine-lamivudine-and-nevirapine-tablet-tablet-3.webp,,,,novamedsolutions.in,/catalog/650mg-lazid-n-zidovudine-lamivudine-and-nevirapine-tablet-tablet,,,,,,,,,,,,,,,,,,,,,,,,,,,,,,,,,,,,,,,,,,,,,,,,,,,,,,,,,,,,Lamivudine,,,,,HIV+HBV,,,,,,,Emcure,,,,,,,,,,,,,,,,,,,,,,,,,,,,,,,,,,,,,,,,,,,,,,,,,,,,,,,,,,,,,,,,,,,,,,,,,,,,,,,,,,,Adult & pediatric,,,,,,,,,,,
6mg-ivecop-ivermectin-tablets-184888,6mg Ivecop Ivermectin Tablets,Tablets,,Tablet,6 mg,Ivecop,Packaging Type: Box,,Price on request,6mg Ivecop Ivermectin Tablets is an effective medication used in the treatment of anti-parasitic conditions. 6mg Ivecop Ivermectin tablets are prescribed for parasitic worm infections and scabies treatment.,/images/medicines/6mg-ivecop-ivermectin-tablets-184888-1.webp | /images/medicines/6mg-ivecop-ivermectin-tablets-184888-2.webp | /images/medicines/6mg-ivecop-ivermectin-tablets-184888-3.webp,,2859592184888,,novamedsolutions.in,/catalog/6mg-ivecop-ivermectin-tablets-184888,,,,,,,,,,,,,,,,,,,,,,,,,,,,,,,,,,,,,,,,,,,,,,,,,,,,,,,,,,,,,,,,,,,,,,,,,,,,,,,,,,,,,,,,,,,,,,,,,,Prescription,,,,,,,,,,,,,,,,,,,,,,,,,,,36 Month,,,,,,,,,,,,,,,,,,,,,,,,Worm Infestation,,,,,,,,,,,,,,,,,
6mg-iverjohn-ivermectin-tablets-183973,6mg Iverjohn Ivermectin Tablets,Tablets,,Tablet,6 mg,Iverjohn,Packaging Size: 10x10 Tablets; Packaging Type: Strip,,Price on request,6mg Iverjohn Ivermectin tablets are used for parasitic infections including scabies and intestinal worm infestations.,/images/medicines/6mg-iverjohn-ivermectin-tablets-183973-1.webp | /images/medicines/6mg-iverjohn-ivermectin-tablets-183973-2.webp | /images/medicines/6mg-iverjohn-ivermectin-tablets-183973-3.webp,,2859592183973,,novamedsolutions.in,/catalog/6mg-iverjohn-ivermectin-tablets-183973,,,,,,,,,,,,,,,,,,,,,,,,,,,,,,,,,,,,,,,,,,,,,,,,,,,,,,,,,,,,,,,,,,,,,,,,,,,,,,,,,,,,,,,,,,,,,,,,,,Non Prescription,,,,,,,,,,,,,,,,,,,,,,,,,,,36 Month,,,,,,,,,,,,,,,,,,,,,,,,Worm Infestation,,,,,,,,,,,,,,,,,
70mg-dasatrue-dasatinib-tablet-164455,70mg Dasatrue Dasatinib Tablet,Tablets,,Tablet,70 mg,Dasatrue,Pack Type: Bottle,,Price on request,70mg Dasatrue Dasatinib tablets are prescribed for chronic myeloid leukemia and acute lymphoblastic leukemia.,/images/medicines/70mg-dasatrue-dasatinib-tablet-164455-1.webp | /images/medicines/70mg-dasatrue-dasatinib-tablet-164455-2.webp | /images/medicines/70mg-dasatrue-dasatinib-tablet-164455-3.webp,,2859592164455,,novamedsolutions.in,/catalog/70mg-dasatrue-dasatinib-tablet-164455,,,,,,,,,,,,,,,,,,,,,,,,,,,,,,,,,,,,,,,,,,,,,,,,,,,,,,,,,,,,,,,,,,,,,,,,,,,,,,,,,,,,,,,,,,,,,,,,,,,,,,,,,,,,,,,,,,,Film Coated,,,,,,,,,,,,,,,,,,,,,,,,,,,60 Tablets,,,,,,,,,,,,,Cancer Care,,,,,,,,,,,
75mg-clopidrill-clopidogrel-bisulphate-tablet-tablet,75mg Clopidrill Clopidogrel Bisulphate Tablet,Tablets,,,75 mg,Clopidrill,Pack Size: 15 tablets; Packaging Type: Blister,,Price on request,Clopidogrel 75mg Tablet is an antiplatelet medicine or a blood thinner that helps to prevent the formation of harmful blood clots in your blood vessels. This helps to lower the chances of you getting a heart attack or stroke. It is a widely used medicine for heart protection.,/images/medicines/75mg-clopidrill-clopidogrel-bisulphate-tablet-tablet-1.jpg | /images/medicines/75mg-clopidrill-clopidogrel-bisulphate-tablet-tablet-2.jpg | /images/medicines/75mg-clopidrill-clopidogrel-bisulphate-tablet-tablet-3.jpeg,,,,novamedsolutions.in,/catalog/75mg-clopidrill-clopidogrel-bisulphate-tablet-tablet,,,,,,,,,,,,,,,,,,,,,,,,,,,,,,,,,,,,,,,,,,,,,,,,,,,,,,,,,,,Plain,,,,,,Post MI,,,,,,,,,,,,,,,,,,,,,,,,,,,,,,,,,,,,Prescription,,,,,,,,,,,,,,,,,,,,,,,,,,,,,,,,,,,,,,,,,,,,,,,,,,,,,,,,,,,,,,,,,
800mg-acivir-aciclovir-tablets-189048,800mg Acivir Aciclovir Tablets,Tablets,,Tablet,800 mg,Acivir,Packaging Size: 5 tablets; Packaging Type: Blister,,Price on request,"800mg Acivir Aciclovir Tablets plays a vital role in managing general therapeutic-related health issues. 800mg Acivir Aciclovir tablets are used for herpes simplex, shingles, and viral infection treatment.",/images/medicines/800mg-acivir-aciclovir-tablets-189048-1.webp | /images/medicines/800mg-acivir-aciclovir-tablets-189048-2.webp | /images/medicines/800mg-acivir-aciclovir-tablets-189048-3.webp,,2859592189048,,novamedsolutions.in,/catalog/800mg-acivir-aciclovir-tablets-189048,,,,,,,,,,,,,,,,,,,,,,,,,,,,,,,,,,,,,,,,,,,,,,,,,,,,,,,,,,,,,,,,,,,,,,,,,,,,,,,,,,,,,,,,,,,,,,,,,,Prescription,,,,,,,,,,,,,,,,,,,,,,,,,,,36 months,,,,,,,,,,,,,,,,,,,,,,,,,,,Herpes simplex,,,,,,,,,,,,,,
800mg-daruvir-800-r-darunavir-and-ritonavir-tablet-148488,800mg Daruvir 800 R Darunavir And Ritonavir Tablet,Tablets,,Tablet,800/100 mg,Daruvir,Pack Size: 30 tablets,,Price on request,Daruvir 800 R Darunavir and Ritonavir tablets are used in combination therapy for the treatment of Human Immunodeficiency Virus Infection.,/images/medicines/800mg-daruvir-800-r-darunavir-and-ritonavir-tablet-148488-1.webp | /images/medicines/800mg-daruvir-800-r-darunavir-and-ritonavir-tablet-148488-2.webp | /images/medicines/800mg-daruvir-800-r-darunavir-and-ritonavir-tablet-148488-3.webp,,2859592148488,,novamedsolutions.in,/catalog/800mg-daruvir-800-r-darunavir-and-ritonavir-tablet-148488,,,,,,,,,,,,,,,,,,,,,,,,,,,,,,,,,,,,,,,,,,,,,,,,,,PI combo,,,,,,,,,,Darunavir+Ritonavir,,,,,,,,,,,,Cipla,,,,,,,,,,,,,,,,,,,,,,,,,,,,,,,,,,,,,,,,,,,,,,,,,,,,,,,,,,,,,,,,,,,,,,,,,,,,,,,,,,,Treatment experienced,,,,,,,,,,,
800mg-gabasign-gabapentin-tablets-155573,800mg Gabasign Gabapentin Tablets,Tablets,,Tablet,800 mg,,Pack Size: 30 tablets; Packaging Type: Blister,,Price on request,"800mg Gabasign Gabapentin Tablets plays a vital role in managing general therapeutic-related health issues. It stabilizes nerve activity and reduces abnormal signals in the brain. It is effective in chronic neuropathic pain conditions.control symptoms and improve patient health. It is known for delivering reliable outcomes when taken as prescribed by healthcare professionals. It is important to adhere to the prescribed treatment plan for optimal effectiveness. Skipping doses or incorrect usage may reduce its benefits. This medication undergoes rigorous quality checks to maintain high standards. Any unusual side effects should be reported to a doctor immediately. In addition, 800mg Gabasign Gabapentin Tablets supports better clinical outcomes by enhancing treatment response in patients. Its role in general therapeutic therapy has been well recognized due to its effectiveness and patient tolerance. Continuous use as prescribed can significantly improve quality of life and help manage the condition efficiently.800mg Gabasign Gabapentin Tablets plays a vital role in managing general therapeutic-related health issues. This medicine acts on specific biological pathways to control symptoms and improve patient health. It is known for delivering reliable outcomes when taken as prescribed by healthcare professionals. It is important to adhere to the prescribed treatment plan for optimal effectiveness. Skipping doses or incorrect usage may reduce its benefits. This medication undergoes rigorous quality checks to maintain high standards. Any unusual side effects should be reported to a doctor immediately. In addition, 800mg Gabasign Gabapentin Tablets supports better clinical outcomes by enhancing treatment response in patients. Its role in general therapeutic therapy has been well recognized due to its effectiveness and patient tolerance. Continuous us",/images/medicines/800mg-gabasign-gabapentin-tablets-155573-1.webp | /images/medicines/800mg-gabasign-gabapentin-tablets-155573-2.webp | /images/medicines/800mg-gabasign-gabapentin-tablets-155573-3.webp,,2859592155573,,novamedsolutions.in,/catalog/800mg-gabasign-gabapentin-tablets-155573,,,,,,,,,,,,,,,,,,,,,Gabapentin Alone,,,,,,,,,,,,,,,,,,,,,,,,,,,,,,,,,,,,,,,,,,,,,,,,,,,,,,,,,,,,,,,,,,,,,,,,,,,,,,,,,,,,,,,,,,,,,,,,,,,,Gabapentin,Schedule H,,,,,,,,,,,,,,,,,,,,,,,,,,,,,,,,,,,,,,,,,,,,
80mg-da-zeagra-sildenafil-citrate-and-dapoxetine-tablets-ablets,80mg Da Zeagra Sildenafil Citrate And Dapoxetine Tablets,Tablets,,Tablet,,Generic Brand,Packaging Type: Blister,,Price on request,80mg Da Zeagra tablets containing Sildenafil Citrate and Dapoxetine are used for erectile dysfunction and premature ejaculation treatment.,/images/medicines/80mg-da-zeagra-sildenafil-citrate-and-dapoxetine-tablets-ablets-1.webp | /images/medicines/80mg-da-zeagra-sildenafil-citrate-and-dapoxetine-tablets-ablets-2.webp | /images/medicines/80mg-da-zeagra-sildenafil-citrate-and-dapoxetine-tablets-ablets-3.webp,,,,novamedsolutions.in,/catalog/80mg-da-zeagra-sildenafil-citrate-and-dapoxetine-tablets-ablets,,,,,,,,,,,,,,,,,,,,,,,,,,,,,,,,,30 mg,,,,,,,,,,,,,,,,,,,,,,,,,,,,,,,,,,,,,,,Generic Manufacturer,,,,,4 tablets,,,,,,,,,,,,,,,,,,,,,,,,Prescription,,,,,,,,,,,,,,,,,,,,,,,,36 Months,,,,50 mg,,,,,,,,,,,,,,,,,,,,,,,,,,,,,,,,,,,,,
80mg-p-nolol-propranolol-tablets-ablets,80mg P Nolol Propranolol Tablets,Tablets,Propranolol Hydrochloride,Tablet,80 mg,P Nolol,Packaging Type: Blister Pack,,Price on request,Propranolol Hydrochloride Tablets (80mg) are commonly used to treat a variety of cardiovascular and non-cardiovascular conditions. This higher dose is typically prescribed for conditions that require more significant beta-blocker activity.,/images/medicines/80mg-p-nolol-propranolol-tablets-ablets-1.webp | /images/medicines/80mg-p-nolol-propranolol-tablets-ablets-2.jpeg | /images/medicines/80mg-p-nolol-propranolol-tablets-ablets-3.jpg,,,,novamedsolutions.in,/catalog/80mg-p-nolol-propranolol-tablets-ablets,,,,,,,,,,,,,,,,,,,,,,,,,,,,,,,,,,,,,,,,,,,,,,,,,,,,,,,,,,,,,,,,,,,,,,,,,,,,,,,,,,,,,,,10x10,,,,,,,,,IP,,,OTC,,,,,,,,,,,,,,,,Sustained Release,,,,,,,,,,,,,,,,,,,,,,,,,,,,,,,,,,,,,,,,,,,,,,,,,,,
80mg-super-vilitra-vardenafil-and-dapoxetine-tablets-197330,80mg Super Vilitra Vardenafil And Dapoxetine Tablets,Tablets,Vardenafil only,Tablet,80 mg,Super Vilitra,Packaging Size: 10 Tablets/strip; Packaging Type: Box,,Price on request,80mg Super Vilitra tablets containing Vardenafil and Dapoxetine are used for erectile dysfunction and premature ejaculation treatment simultaneously.,/images/medicines/80mg-super-vilitra-vardenafil-and-dapoxetine-tablets-197330-1.webp | /images/medicines/80mg-super-vilitra-vardenafil-and-dapoxetine-tablets-197330-2.webp | /images/medicines/80mg-super-vilitra-vardenafil-and-dapoxetine-tablets-197330-3.webp,,2859592197330,,novamedsolutions.in,/catalog/80mg-super-vilitra-vardenafil-and-dapoxetine-tablets-197330,,,,,,,,,,,,,,,,,,,,,,,,,,,,,,,,,,,,,,,,,,,,,,,,,,,,,,,,,,,,,,,,,,,,,,,,Centurion Remedies,,,,,,,,,,,,,,,,,,,,,,,,,,,Prescription,,,,,,,,,,,,,,,,,,,,,,,,,,,,,,,,,,,,,,,,,,,,,,,,,,Erectile Dysfunct.,,,,,,,,,,,,,,,,,
90mg-ledviclear-ledipasvir-tablets-151330,90mg Ledviclear Ledipasvir Tablets,Tablets,,,90 mg+400 mg,,Pack Size: Ledviclear; Packaging Type: Bottle,,Price on request,90mg Ledviclear Ledipasvir tablets are used along with antiviral combinations for the treatment of chronic Hepatitis C.,/images/medicines/90mg-ledviclear-ledipasvir-tablets-151330-1.webp | /images/medicines/90mg-ledviclear-ledipasvir-tablets-151330-2.webp | /images/medicines/90mg-ledviclear-ledipasvir-tablets-151330-3.webp,,2859592151330,,novamedsolutions.in,/catalog/90mg-ledviclear-ledipasvir-tablets-151330,,,,,,,,,,,,,,,,,,,,,,,,,,,,,,,,,,,,,,,,,,,,Tablet,,,,,,,,,,,,,,,,,,,,,,,,,,,,Abbott,,,,,,,,,,,,,,,,,,,,,,,,,,,,,Prescription,,,,,,,,,,,,,,,,,,,,,,,,,,,,,,,,,,,,,,,,,,,,,,,,,24 weeks,,,,,,,,,,,,,,,,
a-ret-hc-cream-243897,"A Ret HC Cream, Pack Size: 15 gm",Creams,Hydroquinone (2% w/w) + Tretinoin (0.05% w/w) + Hydrocortisone (1% w/w),,,,Pack Type: Tube; Pack Size: 15 gm,Contact seller (Piece),₹ 150 / Piece,"Application site reactions (burning, irritation, itching and redness)

HOW TO USE A RET HC CREAMThis medicine is for external use only. Use it in the dose and duration as advised by your doctor. Check the label for directions before use. Clean and dry the affected area and apply the cream. Wash your hands after applying, unless hands are the affected area.HOW A RET HC CREAM WORKSA Ret HC Cream is a combination of three medicines: Hydroquinone, Tretinoin and Hydrocortisone which treat melasma (dark spots on skin). Hydroquinone is a skin lightening medicine. It reduces the amount of a skin pigment (melanin) that causes darkening of skin. Tretinoin is a form of vitamin A that helps the skin to renew itself more quickly. Hydrocortisone is a steroid which blocks the production of certain chemical messengers (prostaglandins) that make the skin red, swollen and itchy.",/images/medicines/a-ret-hc-cream-243897-1.jpeg,,2853909243897,Hydroquinone Cream,curapex-indiamart,/catalog/a-ret-hc-cream-243897,,,,,,,,,,,,,,,,,,,,,,,,,,,,,,Made in India,,,,,,,,,,,,,,,,,,,,,,,,,,,,,,,,,,,,,,,,,,,,,,,,,,,,,,,,,,,,,,,,,,,,,,,,,,,,,,,,,,,,,,,,,,,,,,,,,,Most side effects do not require any medical attention and disappear as your body adjusts to the med,,,,,,,,,,,,,,,,,,,,,Treat melasma,,,,,,,,,,,,,,,,,
abhiforce-fm-100mg-tab-321348,Abhiforce Fm 100Mg Tab,Tablets,Sildenafil Citrate,,100mg,Abhifroce fm,,Contact seller (Strip),₹ 250 / Strip,"<p>Abhiforce Fm 100mg Tab is a medication containing Sildenafil Citrate 100mg, a PDE-5 inhibitor, used to treat erectile dysfunction (ED) by increasing blood flow to the penile region to help achieve and maintain an erection. It can also be effective in addressing other sexual dysfunction issues. The medication should be taken about 1 hour before sexual activity, but not more than once in 24 hours. </p>",/images/medicines/abhiforce-fm-100mg-tab-321348-1.jpg | /images/medicines/abhiforce-fm-100mg-tab-321348-2.jpg | /images/medicines/abhiforce-fm-100mg-tab-321348-3.jpg,,2856400321348,Abhiforce Tablets,curapex-indiamart,/catalog/abhiforce-fm-100mg-tab-321348,,,,,,,,,,,,,Abhifroce fm,,,,,,,,,,,,,,,,,,,,,,,,,,,,,,,,,,,,,,,,,,,,,,,,,,,,,,,,,,,Centurion Laboratories Pvt. Ltd.,,,,,,,,,,,,,,Strip of 10,,,,,,,,,,,,,,,,,,,,,,,,,,,,,,,,,,,,,,,,,,,,,,,,,,100mg,,,,,,,,,,,,,,,,,,,,,,,,,,,,,,
acarbose-glucobay-100-mg-tablets-248812,Acarbose Glucobay 100 Mg Tablets,Tablets,Acarbose (50mg) + Metformin (500mg),Tablets,50 mg,,Packaging Size: 10*10 Tablets; Packaging Type: Strip,Contact seller (Stripe),₹ 100 / Stripe,Glucobay M 50 Tablet is an anti-diabetic drug used to treat type 2 diabetes mellitus in adults. It helps control blood sugar levels in people with diabetes.,/images/medicines/acarbose-glucobay-100-mg-tablets-248812-1.jpg | /images/medicines/acarbose-glucobay-100-mg-tablets-248812-2.png | /images/medicines/acarbose-glucobay-100-mg-tablets-248812-3.jpg | /images/medicines/acarbose-glucobay-100-mg-tablets-248812-4.jpg | /images/medicines/acarbose-glucobay-100-mg-tablets-248812-5.jpg,,2853909248812,Acarbose Tablets,curapex-indiamart,/catalog/acarbose-glucobay-100-mg-tablets-248812,,,,,,,,,,,,,,,,,,,,,,,,,,,,,,,,,,,,,,,,,,,,,,,,,,,,,,,,,,,,,,,,,,,,,,,,,,,,,,,,,,,,,,,,,,,,,,,,,,,,,,,,Prescription,,,,,,,,,,,,,,,,,,,,,36 months,,,,,,,,,,,50 mg,,,,,,,,,,,,,,,,,,,Treatment of Type 2 diabetes mellitus,,,,Personal,,,,,,,
aceclofenac-paracetamol-serratiopeptidase-tablet-998012,"Aceclofenac Paracetamol Serratiopeptidase Tablet, 100 mg",Tablets,Aceclofenac 100mg + Paracetamol 325mg + Serratiopeptidase 10mg,,100 mg,,Packaging Size: 10*10 Tablets; Packaging Type: Box,Contact seller (Box),"₹ 1,200 / Box","Aceclofenac + Paracetamol + Serratiopeptidase is a combination of three medicines: Aceclofenac , Paracetamol and Serratiopeptidase. Aceclofenac is a non-steroidal anti-inflammatory drug (NSAID), and Paracetamol is an antipyretic (fever reducer). They work by blocking the release of certain chemical messengers in the brain that cause pain and fever. Serratiopeptidase is an enzyme which works by breaking down abnormal proteins at the site of inflammation and promotes healing.",/images/medicines/aceclofenac-paracetamol-serratiopeptidase-tablet-998012-1.png,,2851838998012,Aceclofenac Paracetamol Serratiopeptidase Tablet,curapex-indiamart,/catalog/aceclofenac-paracetamol-serratiopeptidase-tablet-998012,,,,,,,,,,,,,,,,,,,,,,,,,,,,,,,,,,,,,,,,,,,,,,,,,,,,,,,,,,,,,,,,,,,,,,,,,,,,,,,,,,,,,,,,,,,,,,,,,,,,,,,,,Prescription,,,,,,,,,,,,,,,,,,,,,,,,,,,,,,,100 mg,,,,,,,,,,,,,Used in the reduction of pain and inflammation,,,,,,Pain Relief from headache and musculoskeletal pain,,,,,,,,,,,
albendazole-400-mg-tablet-487797,Albendazole 400 Mg Tablet,Tablets,,,400 mg,,Packaging Size: 1*10 Tablets; Packaging Type: Blister,Contact seller (Box),₹ 600 / Box,"Product introductionAlbendazole 400mg Tablet is an antiparasitic medicine, used for the treatment of parasitic worm infections. It works by killing the worms that cause infections and stops the infection from spreading.",/images/medicines/albendazole-400-mg-tablet-487797-1.jpeg | /images/medicines/albendazole-400-mg-tablet-487797-2.jpeg | /images/medicines/albendazole-400-mg-tablet-487797-3.jpg | /images/medicines/albendazole-400-mg-tablet-487797-4.jpg,,2855197487797,,curapex-indiamart,/catalog/albendazole-400-mg-tablet-487797,,,,,,,,,,,,,,,,,,,,,,,,Albendazole 400 Mg,,,,,,,,,,,,,,,,,,,,,,,,,,,,,,,,,,,,,,,,,,,,,,,,Cadila,,,,,,,,,,,,,,,,,,,,,,,,,,,No,,,,,,,,,,,,,,,,,,,,,,,,,,24-36 moths,,,"Vomiting, Dizziness, Increased liver enzymes, Nausea, Loss of appetite",,,,,,,,400 mg,,,,,,,,,,,,,,,,,,,,Personal,,,,Treatment of Parasitic infections,,,,,,
allstar-reusable-insulin-pen-in pen,Allstar Reusable Insulin Pen,Injections,,,,Allstar,,,Price on request,Allstar reusable insulin pen is used for convenient administration of insulin therapy in patients with Diabetes.,/images/medicines/allstar-reusable-insulin-pen-in pen-1.webp | /images/medicines/allstar-reusable-insulin-pen-in pen-2.webp | /images/medicines/allstar-reusable-insulin-pen-in pen-3.jpg,,,,novamedsolutions.in,/catalog/allstar-reusable-insulin-pen-in pen,,,,,,,,,Plastic with Metal,,,,,,,,,,,,,Novorapid,,,,,,,,,,,,,,,,,,,,,,,1 unit step,,,,,,,,,,,,,,,,,,,,Type 2 Diabetes,,,,,,,,,,,,,,,,,,,Single Pen,,,,,,,,,,Reusable Pen,,,,,,,,,,,,,,,,,,,,,,,,,,,,,,,,,,,,,,,,,,,,,,,,,,,,,,,,,,,,3 ml,,,,,,,,,,,,
alprostadil-injection-ip-500mcg-ml-111530,Alprostadil Injection Ip 500mcg Ml,Injections,,,500 mcg,Prostacel,Packaging Type: 1 bottle; Pack Size: 10ml,Contact seller (Piece),Price on request,"Alprostadil is used in the treatment of patent ductus arteriosus and erectile dysfunction. It may also be used in the treatment of erectile dysfunction.How Alprostadil worksAlprostadil is similar to a natural substance in the body called prostaglandin E1. It works by improving blood flow in newborn babies born with heart defects. When it is administered in the penis, it acts locally to relax the blood vessels and increases blood flow in the penis. This results in prolonged persistence of the penile erection that is adequate for sexual activity.Common side effects of AlprostadilApnea (absence of breathing), Fever, Seizure, Flushing (sense of warmth in the face, ears, neck and trunk), Arrhythmia (irregular heartbeats), Diarrhea, Sepsis",/images/medicines/alprostadil-injection-ip-500mcg-ml-111530-1.jpg | /images/medicines/alprostadil-injection-ip-500mcg-ml-111530-2.jpg | /images/medicines/alprostadil-injection-ip-500mcg-ml-111530-3.jpeg,,2857508111530,Erectile Dysfunction Medicine,curapex-indiamart,/catalog/alprostadil-injection-ip-500mcg-ml-111530,,,,,,,,,,,,,Prostacel,,,,,,,,,,,,,,,,,,,,,,,,,,,,,,,,,,,,,,,,,,,,,,,,,,,,,,,,,,,Celon labs,,,,,,,,,,,,,,,,,,,,,,,,,,,,,,,,,,,,,,,,,,,,,,,,,,,,,,,,,,,,,,,,500 mcg,,,,,,,,,,,,,Treat erectile dysfunction,,,,,,,,,,,,,,,,,
amlip-5-mg-tablet-253755,Amlip 5 mg Tablet,Tablets,Amlodipine Besilate Tablets IP,,,,Pack Type: Box; Pack Size: 50 x 10 Tablets,Contact seller (Box),₹ 150 / Box,"HOW TO USE AMLIP TABLETTake this medicine in the dose and duration as advised by your doctor. Swallow it as a whole. Do not chew, crush or break it. Amlip 5 Tablet may be taken with or without food, but it is better to take it at a fixed time.HOW AMLIP TABLET WORKSAmlip 5 Tablet is a calcium channel blocker. In high blood pressure, it normalizes the blood pressure by relaxing the blood vessels to reduce the pressure on them, thereby improving the blood flow in the body. In heart-related chest pain (angina), the enhanced blood flow in the body relaxes the heart muscles by reducing the workload on the heart. It also improves the oxygen flow in the body, thereby, preventing any heart-related chest pain.",/images/medicines/amlip-5-mg-tablet-253755-1.jpg | /images/medicines/amlip-5-mg-tablet-253755-2.png | /images/medicines/amlip-5-mg-tablet-253755-3.jpeg | /images/medicines/amlip-5-mg-tablet-253755-4.jpeg,,2853909253755,,curapex-indiamart,/catalog/amlip-5-mg-tablet-253755,,,,,,,,,,,,,,,,,,,,,,,,,,,,,,Made in India,,,,,,,,,,,,,,,,,,,5 mg,,,,,,,,,,,,,,,,,,,,,,,,,Cipla Ltd,,,,,,,,,,,,,,,,,,,,,,,,,,,,,,,,,,,,,,,,,,,,,,,,,,,,,,,,,,,,,,,,,,,,,,,,,,,Treat heart-related conditions like angina (chest pain) and high blood pressure,,,,,,,,,,,,,,,,,
amlip-amlodipine-besilate-5-mg-tablets-918048,Amlip Amlodipine Besilate 5 Mg Tablets,Tablets,Amlodipine Besilate Tablets IP,,,Amlip,Pack Size: 50 x 10 Tablets,Contact seller (Box),₹ 230 / Box,Amlip Amlodipine Besilate 5 mg Tablets contains Amlodipine which belongs to the group of medicines called Antihypertensive agents It is used to treat hypertension and certain type of angina chest pain called as Prinzmetal or variant angina,/images/medicines/amlip-amlodipine-besilate-5-mg-tablets-918048-1.jpg | /images/medicines/amlip-amlodipine-besilate-5-mg-tablets-918048-2.jpeg,,2852682918048,,curapex-indiamart,/catalog/amlip-amlodipine-besilate-5-mg-tablets-918048,,,,,,,,,,,,,Amlip,,,,,,,,,,,,,,,,,Made in India,,,,,,,,,,,,,,,,,,,5 mg,,,,,,,,,,,,,,,,,,,,,,,,,,,,,,,,,,,,,,,,,,,,,,,,,,,,,,,,,Prescription,,,,,,,,,,,,,,,,,,,,,,,,,,,,,,,,,,,,,,,,,,,Treat heart-related conditions like angina (chest pain) and high blood pressure,,,,,,,,,,,,,,,,,
amlovas-5mg-tablet-254362,Amlovas 5mg Tablet,Tablets,Amlodipine Besilate Tablets Ip,,5 mg,Amlovas,Packaging Size: 10*10 Tablets; Packaging Type: Box,Contact seller (Box),₹ 150 / Box,"HOW TO USE AMLOVAS-M TABLET PRUse it as advised by your doctor or check the label for directions before use. Amlovas-M 5/50 Tablet PR may be taken with or without food, but it is better to take it at a fixed time.HOW AMLOVAS-M TABLET PR WORKSAmlovas-M 5/50 Tablet PR is a combination of two medicines:.",/images/medicines/amlovas-5mg-tablet-254362-1.jpg,,2853909254362,,curapex-indiamart,/catalog/amlovas-5mg-tablet-254362,,,,,,,,,,,,,Amlovas,,,,,,,,,,,,,,,,,Made in India,,,,,,,,5 mg,,,,,,,,,,,,,,,,,,,,,,,,,,,,,,,,,,,,,,,,,,,,,,,,,,,,,,,,,,,,,,,,,,,,,,,,,,,,,,,,,,,,,,,,,,,,,,,,,,,,,,,,,,,,,,,Treat high blood pressure,,,,,,,,,,,,,,,,,
anavar-oxandrolone-10mg-tablets-191162,Anavar Oxandrolone 10mg Tablets,Tablets,,,10 mg,,Packaging Size: 10*10 Tablets; Packaging Type: Strips,Contact seller (Box),"₹ 1,200 / Box","Oxandrolone is an oral tablet used to help maintain muscle, relieve bone pain, or promote weight gain in certain people. It acts like the hormone testosterone. Common side effects include nausea, changes in mood or sleep, skin or hair changes, swelling, changes in sex drive or periods, and other hormone-related effects. Tell your health care provider right away if you have yellowing of your skin or eyes, unusual tiredness, or bad stomach pain or if you bruise or bleed more easily than usual.",/images/medicines/anavar-oxandrolone-10mg-tablets-191162-1.jpg | /images/medicines/anavar-oxandrolone-10mg-tablets-191162-2.jpeg | /images/medicines/anavar-oxandrolone-10mg-tablets-191162-3.jpeg,,2857508191162,Oxandrolone Tablets,curapex-indiamart,/catalog/anavar-oxandrolone-10mg-tablets-191162,,,,,,,,,,,,,,,,,,,,,,,,,,,,,,,,,,,,,,,,,,,,,,,,,,,,,,,,,,,,,,,,,,,,,,,,Evolve bio lab,,,,,,,,,,,,,,,,,,,,,,,,,,,,,,,,,,,,,,,,,,,,,,,,,,,,,,,,,,,,,,,,10 mg,,,,,,,,,,,,,,,,,,,,,,,,To regain weight or muscle,,,,,,
apidra-solostar-injection-ection,Apidra Solostar Injection,Injections,,,100 IU/ml,Apidra,,,Price on request,Apidra Solostar injection containing insulin glulisine is used for rapid blood sugar control in patients with Diabetes.,/images/medicines/apidra-solostar-injection-ection-1.jpg | /images/medicines/apidra-solostar-injection-ection-2.webp | /images/medicines/apidra-solostar-injection-ection-3.png,,,,novamedsolutions.in,/catalog/apidra-solostar-injection-ection,,,,,,,,,Plastic with Metal,,,,,,,,,,,Blue,,Human Insulin,,,,,,,,,,,,,,,,,,,,,,,1 unit step,,,,,,,,,,,,,,,,,,,,Type 2 Diabetes,,,,,,,,,,,,,,,,,,,Single Pen,,,,,,,,,,Reusable Pen,,,,,,,,,,,,,,,,,,,,,,,,,,,,,,,,,,,,,,,,,,,,,,,,,,,,,,,,,,,,3 ml,,,,,,,,,,,,
asprito-5-mg-tablet-363148,Asprito 5 Mg Tablet,Tablets,,,10 mg,,Packaging Size: 10X10 Tablets; Packaging Type: Stripe,Contact seller (Box),₹ 250 / Box,"How to use Asprito TabletTake this medicine in the dose and duration as advised by your doctor. Swallow it as a whole. Do not chew, crush or break it. Asprito 5 Tablet may be taken with or without food, but it is better to take it at a fixed time.How Asprito Tablet worksAsprito 5 Tablet is an atypical antipsychotic. It works by changing the action of certain chemical messengers in the brain that affect thoughts.",/images/medicines/asprito-5-mg-tablet-363148-1.jpg | /images/medicines/asprito-5-mg-tablet-363148-2.jpg | /images/medicines/asprito-5-mg-tablet-363148-3.jpg | /images/medicines/asprito-5-mg-tablet-363148-4.jpg,,2856400363148,Aripiprazole Tablet,curapex-indiamart,/catalog/asprito-5-mg-tablet-363148,,,,,,,,,,,,,,,,,,,,,,,,,,,,,,Made in India,,,,,,,,,,,,,,,,,,,,,,,,,,,,,,,,,,,,,,,,,,,,,,,,,,,,,,,,,,,,,,,,,,,,,,,,,,,,,,,,,,,,,,,,,,,,,,,24 Months,,,,,,,,,,,10 mg,,,,,,,,,,,,,,,,,,,,,,,,,,,,,,
asthalin-100-mcg-inhaler-207512,Asthalin 100 mcg Inhaler,Inhalers,Salbutamol Inhalation IP,Inhaler,,,Packaging Size: 1 piece,Contact seller (Pack),₹ 435 / Pack,"HOW TO USE ASTHALIN INHALERCheck the label for directions before use. Shake the inhaler. While you are breathing in from mouth, press down on the inhaler one time to release the medication and hold your breath for 10 seconds. Repeat until you have inhaled the number of puffs as suggested by the doctor.Afterwards, rinse your mouth thoroughly with water and spit it out.HOW ASTHALIN INHALER WORKSAsthalin 100mcg Inhaler is a bronchodilator. It works by relaxing the muscles in the airways and widens airways. This makes breathing easier",/images/medicines/asthalin-100-mcg-inhaler-207512-1.jpeg | /images/medicines/asthalin-100-mcg-inhaler-207512-2.jpg | /images/medicines/asthalin-100-mcg-inhaler-207512-3.jpg | /images/medicines/asthalin-100-mcg-inhaler-207512-4.jpg,,2852043207512,Cipla Asthma Inhaler,curapex-indiamart,/catalog/asthalin-100-mcg-inhaler-207512,,,,,,,,,,,,,,,,,,,,,,,,,,,,,,,,,,,,,,,,,,,,,,,,,,,,,,,,,,,,,,,,,,,,,,,,,,,,,,,,,,,,,,,,,,,,,,,,,,,,,,,,Prescription,,,,,,,,,,,,,,,,,,,,,,12 month,,,,,,,,,,,,,,,,,,,,,,,Treatment of Chronic obstructive pulmonary disease,,,,,,,,,,,,,,,,,
azicip-azithromycin-500-mg-tablets-920655,Azicip Azithromycin 500 mg Tablets,Tablets,,,500 mg,Azicip,Packaging Type: Box,Contact seller (Box),₹ 150 / Box,"Azicip 500 Tablet is an antibiotic used to treat various types of bacterial infections of the respiratory tract, ear, nose, throat, lungs, skin, and eye in adults and children. It is also effective in typhoid fever and some sexually transmitted diseases like gonorrhea.",/images/medicines/azicip-azithromycin-500-mg-tablets-920655-1.png | /images/medicines/azicip-azithromycin-500-mg-tablets-920655-2.jpeg | /images/medicines/azicip-azithromycin-500-mg-tablets-920655-3.png | /images/medicines/azicip-azithromycin-500-mg-tablets-920655-4.jpeg,,2852682920655,Cipla Antibiotic Drugs,curapex-indiamart,/catalog/azicip-azithromycin-500-mg-tablets-920655,,,,,,,,,,,,,Azicip,,,,,,,,,,,,,,,,,Made in India,,,,,,,,,,,,,,,,,,,,,,,,,,,,,,,,,,,,,,,,,,,,,,,,,,,Box,,,,,20 x 3 Tablets,,,,,,,,,,,,,,,,,Prescription,,,,,,,,,,,,,,,,,,,,,,36 Months,,,,,,,,,,,500 mg,,,,,,,,,,,,,,,,,,,,,,,,To treat a variety of bacterial infections,,,,,,
azithromycin-500-mg-tablets-093662,Azithromycin 500 Mg Tablets,Tablets,Azithromycin Tablets Ip,,500 mg,,Packaging Type: Box; Pack Size: 1*10 Tablets,Contact seller (Box),₹ 330 / Box,"<br />Azithromycin treats bacterial infections affecting various areas like tonsils, sinus, ear, nose, throat, skin, soft tissues, and lungs pneumonia.<br />Azithromycin is an antibiotic.It halts bacterial growth by disrupting the synthesis of essential proteins.This prevents bacteria from functioning and spreading infection.<br /><br />",/images/medicines/azithromycin-500-mg-tablets-093662-1.jpeg | /images/medicines/azithromycin-500-mg-tablets-093662-2.jpeg | /images/medicines/azithromycin-500-mg-tablets-093662-3.jpeg,,2852040093662,,curapex-indiamart,/catalog/azithromycin-500-mg-tablets-093662,,,,,,,,,,,,,,,,,,,,,,,,,,,,,,Made in India,,,,,,,,,,,,,,,,,,,,,,,,,,,,,,,,,,,,,,,,,,,,,,,,,,,,,,,,,,,,,,,,,,,,,,,,,Prescription,,,,,,,,,,,,,,,,,,,,,,36 Months,,,,,,,,,,,500 mg,,,,,,,,,,,,,,,,,,,,,,,,To treat a variety of bacterial infections,,,,,,
azithromycin-500-mg-tablets-130488,Azithromycin 500 Mg Tablets,Tablets,,,500 mg,,Packaging Type: Box; Pack Size: 10*10 Tablets,Contact seller (Stripe),₹ 100 / Stripe,"Azithromycin is used to treat a wide variety of bacterial infections. It is a macrolide-type antibiotic. It works by stopping the growth of bacteria.This medication will not work for viral infections (such as common cold, flu). Unnecessary use or misuse of any antibiotic can lead to its decreased effectiveness.",/images/medicines/azithromycin-500-mg-tablets-130488-1.jpeg | /images/medicines/azithromycin-500-mg-tablets-130488-2.jpg | /images/medicines/azithromycin-500-mg-tablets-130488-3.jpeg,,2853857130488,Azithromycin Tablets,curapex-indiamart,/catalog/azithromycin-500-mg-tablets-130488,,,,,,,,,,,,,,,,,,,,,,,,,,,,,,Made in India,,,,,,,,,,,,,,,,,,,,,,,,,,,,,,,,,,,,,,,,,,,,,,,,,,,Strips,,,,,,,,,,,,,,,,,,,,,,,,,,,,,,,,,,,,,,,,,,,,,,,,,,,,,,,500 mg,,,,,,,,,,,,,Treat certain bacterial infections,,,,,,,,,,,To treat a variety of bacterial infections,,,,,,
baclofen-25mg-tablet-652830,Baclofen 25mg Tablet,Tablets,Baclofen Tablets,,25 mg,Baclosign 25mg,Packaging Size: 10x10 Tablets; Packaging Type: Box,Contact seller (Box),₹ 450 / Box,"Baclofen 25mg Tablet is a muscle relaxer. It is used to treat muscular symptoms such as rigidity, tension, and stiffness that may occur due to various conditions such as cerebral palsy, multiple sclerosis, motor neuron disease, or injury to the head, brain, or spine.",/images/medicines/baclofen-25mg-tablet-652830-1.jpeg | /images/medicines/baclofen-25mg-tablet-652830-2.jpg | /images/medicines/baclofen-25mg-tablet-652830-3.jpeg | /images/medicines/baclofen-25mg-tablet-652830-4.jpeg | /images/medicines/baclofen-25mg-tablet-652830-5.jpeg,,2853684652830,Baclofen Tablets,curapex-indiamart,/catalog/baclofen-25mg-tablet-652830,,,,,,,,,,,,,Baclosign 25mg,,,,,,,,,,,,,,,,,Made in India,,,,,,,,,,,,,,,,,,,,,,,,,,,,,,,,,,,,,,,,,,Signature,,,,,,,,,,,,,,,,,,,,,,,,,,,,,,,,Prescription,,,,,,,,,,,,,,,,,,,,,,,,,,,,,,,,25 mg,,,,,,,,,,,,,"Used to manage muscle spasms caused due to cerebral palsy, multiple sclerosis",,,,,,,,,,,,,,,,,
baclosign-baclofen-10-mg-tablet-251297,Baclosign Baclofen 10 Mg Tablet,Tablets,Baclofen Tablets IP,,10 mg,Baclosign,Packaging Size: 10x10 Tablets; Packaging Type: Box,Contact seller (Box),₹ 500 / Box,"Baclosign Baclofen 10 Mg Tablet is used to treat muscle spasms caused due to muscle sclerosis, spine injuries, stiffness and tightness in muscles. It helps in relaxing the muscle pain. How to use: Take this medicine in the dose as advised by your doctor.",/images/medicines/baclosign-baclofen-10-mg-tablet-251297-1.png | /images/medicines/baclosign-baclofen-10-mg-tablet-251297-2.jpeg | /images/medicines/baclosign-baclofen-10-mg-tablet-251297-3.jpeg | /images/medicines/baclosign-baclofen-10-mg-tablet-251297-4.png | /images/medicines/baclosign-baclofen-10-mg-tablet-251297-5.jpeg,,2853909251297,Baclofen Tablets,curapex-indiamart,/catalog/baclosign-baclofen-10-mg-tablet-251297,,,,,,,,,,,,,Baclosign,,,,,,,,,,,,,,,,,Made in India,,,,,,,,,,,,,,,,,,,,,,,,,,,,,,,,,,,,,,,,,,Signature,,,,,,,,,,,,,,,,,,,,,,,,,,,,,,,,Prescription,,,,,,,,,,,,,,,,,,,,,,36 months,,,,,,,,,,10 mg,,,,,,,,,,,,,"Treat muscular symptoms such as rigidity, tension, and stiffness",,,,,,,,,,,,,,,,,
basalog-insulin-pen-168797,Basalog Insulin Pen,Injections,,,100 IU/ml,Basalog,,,Price on request,Basalog Insulin Pen is widely prescribed for patients dealing with general therapeutic disorders.Basalog insulin pen is used for insulin therapy to help maintain stable glucose levels in diabetic patients.,/images/medicines/basalog-insulin-pen-168797-1.webp | /images/medicines/basalog-insulin-pen-168797-2.webp | /images/medicines/basalog-insulin-pen-168797-3.jpg,,2859592168797,,novamedsolutions.in,/catalog/basalog-insulin-pen-168797,,,,,,,,,Plastic with Metal,,,,,,,,,,,Blue,,Novorapid,,,,,,,,,,,,,,,,,,,,,,,1 unit step,,,,,,,,,,,,,,,,,,,,Type 2 Diabetes,,,,,,,,,,,,,,,,,,,Single Pen,,,,,,,,,,Reusable Pen,,,,,,,,,,,,,,,,,,,,,,,,,,,,,,,,,,,,,,,,,,,,,,,,,,,,,,,,,,,,3 ml,,,,,,,,,,,,
bimat-t-bimatoprost-timolol-eye-drop-144488,Bimat T Bimatoprost Timolol Eye Drop,Eye Drops,Bimatoprost 0.03%,,,Ajanta Bimat,,,Price on request,Bimat T eye drops containing Bimatoprost and Timolol are used for glaucoma and elevated eye pressure treatment.,/images/medicines/bimat-t-bimatoprost-timolol-eye-drop-144488-1.webp | /images/medicines/bimat-t-bimatoprost-timolol-eye-drop-144488-2.webp | /images/medicines/bimat-t-bimatoprost-timolol-eye-drop-144488-3.webp,,2859592144488,,novamedsolutions.in,/catalog/bimat-t-bimatoprost-timolol-eye-drop-144488,,,,,,,,,,,3 ml,,,,,,,,,,,,,,,,,,,,,,,,,,,,,,,,,,,,,,,,,,,,,,,,,,,,,,,,,,,,,,,,,,,,,,,,Drop + Applicator,,,,,,,,,,,,,,,Rx Only,,,,,,,,,With BAK,,,,,,,,,,,,,,,,,,,,,,,,,,,,,,,,,,,,,,,,,,,,,,,,,,,,,,Glaucoma,,,,,
buspin-10-tablet-234012,Buspin 10 Tablet,Tablets,Buspiron Hydrochloride Tabelts Ip,,10 mg,,Packaging Size: 10 Tablets; Packaging Type: Box,Contact seller (Stripe),₹ 105 / Stripe,Buspin 10 Tablet  contains Buspirone which belongs to a group of medicines called Anxiolytics. It is used in the short-term management of anxiety disorders and relief in the symptoms of anxiety. Anxiety is defined as excessive worry and fear about everyday situations.,/images/medicines/buspin-10-tablet-234012-1.jpeg | /images/medicines/buspin-10-tablet-234012-2.jpeg,,2853909234012,Buspirone Tablets,curapex-indiamart,/catalog/buspin-10-tablet-234012,,,,,,,,,,,,,,,,,,,,,,,,,,,,,,Made in India,,,,,,,,,,,,,,,,,,,,,,,,,,,,,,,,,,,,,,,,,,,,,,,,,,,,,,,,,,,,,,,,,,,,,,,,,,,,,,,,,,,,,,,,,,,,,,,36 months,,,,,,,,,,,10 mg,,,,,,,,,,,,,Treatment of anxiety disorder,,,,,,,,,,,,,,,,,
buspin-5mg-tablet-368597,Buspin 5mg Tablet,Tablets,,,5 mg,Buspin 5mg,Packaging Size: 20x10 Tablets; Packaging Type: Stripe,Contact seller (Strip),₹ 66 / Strip,"How to use Buspin TabletTake this medicine in the dose and duration as advised by your doctor. Swallow it as a whole. Do not chew, crush or break it. Buspin 5mg Tablet may be taken with or without food, but it is better to take it at a fixed time.How Buspin Tablet worksBuspin 5mg Tablet works by modulating the action of serotonin, a chemical messenger of the brain that affects thoughts and mood.",/images/medicines/buspin-5mg-tablet-368597-1.jpg | /images/medicines/buspin-5mg-tablet-368597-2.jpg | /images/medicines/buspin-5mg-tablet-368597-3.jpg,,2856400368597,Buspirone Tablets,curapex-indiamart,/catalog/buspin-5mg-tablet-368597,,,,,,,,,,,,,Buspin 5mg,,,,,,,,,,,,,,,,,Made in India,,,,,,,,,,,,,,,,,,,,,,,,,,,,,,,,,,,,,,,,,,INTAS,,,,,,,,,,,,,,,,,,,,,,,,,,,,,,,,,,,,,,,,,,,,,,,,,,,,,36 months,,,,,,,,,,,5 mg,,,,,,,,,,,,,,,,,,,,,,,,,,,,,,
carvedilol-6-25-mg-tablet-254062,Carvedilol 6.25 Mg Tablet,Tablets,Carvedilol Tablets IP,Tablet,6.25 mg,,Packaging Size: 2x10; Packaging Type: Box,Contact seller (Box),₹ 200 / Box,"HOW TO USE CARDIVAS TABLETTake this medicine in the dose and duration as advised by your doctor. Swallow it as a whole. Do not chew, crush or break it. Cardivas 6.25 Tablet is to be taken with food.HOW CARDIVAS TABLET WORKSCardivas 6.25 Tablet is an alpha and beta blocker. It works by slowing down the heart rate and relaxing blood vessels which makes the heart more efficient at pumping blood around the body.",/images/medicines/carvedilol-6-25-mg-tablet-254062-1.jpeg | /images/medicines/carvedilol-6-25-mg-tablet-254062-2.jpg | /images/medicines/carvedilol-6-25-mg-tablet-254062-3.jpg,,2853909254062,Carvedilol Tablet,curapex-indiamart,/catalog/carvedilol-6-25-mg-tablet-254062,,,,,,,,,,,,,,,,,,,,,,,,,,,,,,,,,,,,,,,,,,,,,,,,,,,,,,,,,,,,,,,,,,,,,,,,,,,,,,,,,,,,,,,,,,,,,,,,,,,,,,,,Prescription,,,,,,,,,,,,,,,,,,,,,,36 months,,,,,,,,,,6.25 mg,,,,,,,,,,,,,"Treat high blood pressure, heart-related chest pain (angina), and heart failure",,,,,,,,,,,,,,,,,
cenforce-150-mg-tablets-247248,Cenforce 150 Mg Tablets,Tablets,Sildenafil Citrate,,150mg,Cenfroce 150mg,,Contact seller (Strip),₹ 250 / Strip,"How Cenforce Products workSildenafil is a phosphodiesterase-5 (PDE-5) inhibitor. It works by relaxing the blood vessels in your penis, thereby increasing blood flow into the penis on sexual stimulation. This helps you achieve and maintain a hard, erect penis suitable for sexual activity.",/images/medicines/cenforce-150-mg-tablets-247248-1.jpeg | /images/medicines/cenforce-150-mg-tablets-247248-2.jpeg | /images/medicines/cenforce-150-mg-tablets-247248-3.png,,2856400247248,Cenforce Tablets,curapex-indiamart,/catalog/cenforce-150-mg-tablets-247248,,,,,,,,,,,,,Cenfroce 150mg,,,,,,,,,,,,,,,,,,,,,,,,,,,,,,,,,,,,,,,,,,,,,,,,,,,,,,,,,,,Centurion Laboratories Pvt. Ltd.,,,,,,,,,,,,,,Strip of 10,,,,,,,,,,,,,,,,,,,,,,,,,,,,,,,,,,,,,,,,,,,,,,,,,,150mg,,,,,,,,,,,,,,,,,,,,,,,,,,,,,,
cenforce-25-mg-sildenafil-citrate-tablets-247388,Cenforce 25 Mg Sildenafil Citrate Tablets,Tablets,Sildenafil,Tablets,25 mg,Cenforce,Pack Type: Box,Contact seller (Box),₹ 97 / Box,"Cenforce 25mg (Sildenafil Citrate Tablets) used both get and maintain an erection by affecting the response to sexual compunction. Sildenafil citrate acts by enhancing smooth muscle relaxation. This smooth muscle relaxation allows increased blood flow into accurate areas of the penis, leading to an erection.",/images/medicines/cenforce-25-mg-sildenafil-citrate-tablets-247388-1.jpeg | /images/medicines/cenforce-25-mg-sildenafil-citrate-tablets-247388-2.jpg | /images/medicines/cenforce-25-mg-sildenafil-citrate-tablets-247388-3.jpeg,,2853909247388,Cenforce Tablets,curapex-indiamart,/catalog/cenforce-25-mg-sildenafil-citrate-tablets-247388,,,,,,,,,,,,,Cenforce,,,,,,,,,,,,,,,,,Made in India,,,,,,,,,,,,,,,,,,,,,,,,,,,,,,,,,,,,,,,,,,,,,,,,,,,,,,,,,,,,,,,,,,,,,,,,,,,,Prescription,,,,,,,,,,,,,,,,,,,,,,,,,,,,,,25 mg,,,,,,,,,,,,,Designed for individuals experiencing mild erectile dysfunction (ED) or those who are sensitive to h,,,,,,,,,,,,,,,,,
cenforce-fm-tablets-034362,"Cenforce Fm Tablets, 100 mg",Tablets,Sildenafil Citrate Tablets,Tablet,100 mg,Cenforce FM,Pack Size: 10 Tablets,Contact seller (Stripe),₹ 255 / Stripe,"Retain the tablets in their original packaging and store them at an ambient temperature.

These pills should be stored away from sources of high moisture and heat.

Keep them at a safe distance from the children.

Dispose of the expired tablets as per your local waste collection department’s instructions. It is necessary to avoid accidental consumption.",/images/medicines/cenforce-fm-tablets-034362-1.jpeg | /images/medicines/cenforce-fm-tablets-034362-2.jpeg | /images/medicines/cenforce-fm-tablets-034362-3.jpeg | /images/medicines/cenforce-fm-tablets-034362-4.jpeg,,2852130034362,Cenforce Tablets,curapex-indiamart,/catalog/cenforce-fm-tablets-034362,,,,,,,,,,,,,Cenforce FM,,,,,,,,,,,,,,,,,Made in India,,,,,,,,,,,,,,,,,,,,,,,,,,,,,,,,,,,,,,,,,,,,,,,,,,,,,,,,,,,,,,,,,,,,,,,,,,,,,,,,,,,,,,,,,,,,,,,,,,,,,,,,,,100 mg,,,,,,,,,,,,,Used to treat erectile dysfunction (impotence) in men,,,,,,,,,,,,,,,,,
cipla-valgan-tablets-ablets,Cipla Valgan Tablets,Tablets,,,450 mg,Valgan,Pack Size: 4 tablets; Packaging Type: Strip,,Price on request,Valgan tablets are indicated for the treatment retinitis in patients with acquired immunodeficiency syndrome (AIDS).,/images/medicines/cipla-valgan-tablets-ablets-1.webp | /images/medicines/cipla-valgan-tablets-ablets-2.webp | /images/medicines/cipla-valgan-tablets-ablets-3.webp,,,,novamedsolutions.in,/catalog/cipla-valgan-tablets-ablets,,,,,,,,,,,,,,,,,,,,,,,,,,,,,,,,,,,,,,,,,,,,Tablet,,,,,,,,,,,,,,,,,,,,,CMV prophylaxis,,,,,,,Cipla,,,,,,,,,,,,,,,,,,,,,,,,,,,,,Prescription,,,,,,,,,,,,,,,,,,,,,,,,,,,,,,,,,,,,,,,,,,,,,,,,,,,,,,,,,,,,,,,,,
ciprofloxacin-500mg-tabs-294312,Ciprofloxacin 500mg Tabs,Tablets,,,500 mg,,Packaging Size: 10*10 Tablet; Packaging Type: Strips,Contact seller (Strip),₹ 30 / Strip,"Cipro 500mg Tablet is an antibiotic, used in the treatment of bacterial infections. It is also used in treating infections of the urinary tract, nose, throat, skin and soft tissues and lungs (pneumonia). It cures the infection by killing and stopping the growth of the infectious microorganisms.

Cipro 500mg Tablet should be used in the dose and duration as advised by your doctor. It may be taken with or without food, preferably at a fixed time. Avoid skipping any doses and finish the full course of treatment even if you feel better. Do not take a double dose to make up for a missed dose. Simply take the next dose as planned.

Common side effects include headache, dizziness, and gastrointestinal disorder such as nausea. This is usually temporary and resolves on its own, but please consult your doctor if it bothers you or persists for a longer duration. Diarrhea may also occur as a side effect but should stop when your course is complete. Inform your doctor if it does not stop or if you find blood in your stools.

You should not take this medicine if you are allergic to any of its ingredients. Rarely, some people may have a severe allergic reaction which needs urgent medical attention. Signs of this include rash, swelling of the lips, tongue, or face, shortness of breath, or breathing problems. Special care should be taken in people with kidney problems while taking this medicine.",/images/medicines/ciprofloxacin-500mg-tabs-294312-1.jpeg | /images/medicines/ciprofloxacin-500mg-tabs-294312-2.jpeg | /images/medicines/ciprofloxacin-500mg-tabs-294312-3.jpg,,2856400294312,Ciprofloxacin Tablets,curapex-indiamart,/catalog/ciprofloxacin-500mg-tabs-294312,,,,,,,,,,,,,,,,,,,,,,,,,,,,,,Made in India,,,,,,,,,,,,,,,,,,,,,,,,,,,,,,,,,,,,,,,,,,,,,,,,,,,,,,,,,,,,,,,,,,,,,,,,,,,,,,,,,,,,,,,,,,,,,,,,,,,,,,,,,,500 mg,,,,,,,,,,,,,,,,,,,To treat a variety of bacterial infections,,,,,,,,,,,
clenbuterol-hydrochloride-tablets-132612,"Clenbuterol Hydrochloride Tablets, 40 mcg",Tablets,Cleanbuterol Hydrochloride,,40 mcg,,Packaging Size: 10*10 Tablets; Packaging Type: Box,Contact seller (Box),₹ 128 / Box,"Clenbuterol is a compound that belongs to a class of drugs called beta2-agonists. Drugs in this category can cause dilation of the bronchial muscles. Beta2-agonists are often used�to treat asthma. In addition to being used to treat asthma, clenbuterol has become popular as a weight loss supplement.",/images/medicines/clenbuterol-hydrochloride-tablets-132612-1.jpeg | /images/medicines/clenbuterol-hydrochloride-tablets-132612-2.jpeg | /images/medicines/clenbuterol-hydrochloride-tablets-132612-3.jpeg,,2853857132612,Clenbuterol Tablet,curapex-indiamart,/catalog/clenbuterol-hydrochloride-tablets-132612,,,,,,,,,,,,,,Klen Smart,,,,,,,,,,,,,,,,,,,,,,,,,,,,,,,,,,,,,,,,,,,,,,,,,,,,,,,,,,Kachhela,,,,,,,,,,,,,,,,,,,,,,,,,,,,,,,,,,,,,,,,,,,,,,,,,,,,,36 months,,,,,,,,,,,40 mcg,,,,,,,,,,,,,,,,,,,,,,,,,,,,,,
clomiphene-citrate-100-mg-tablet-231073,"Clomiphene Citrate 100 Mg Tablet, Packaging Size: 10*10",Tablets,Clomiphene Citrate Tablet,Tablet,100 mg,,Packaging Size: 10*10; Packaging Type: Box,Contact seller (Stripe),₹ 150 / Stripe,"Clomiphene Citrate Tablet Clofi 100 Mg promotes the release of a healthy, mature egg and aids in the correct development of an egg in a woman's ovary (the female reproductive organ). This improves the likelihood of a successful pregnancy while aiding in the treatment of female infertility.",/images/medicines/clomiphene-citrate-100-mg-tablet-231073-1.jpg | /images/medicines/clomiphene-citrate-100-mg-tablet-231073-2.jpeg | /images/medicines/clomiphene-citrate-100-mg-tablet-231073-3.jpg | /images/medicines/clomiphene-citrate-100-mg-tablet-231073-4.jpeg,,2853909231073,Clomiphene Citrate Tablet,curapex-indiamart,/catalog/clomiphene-citrate-100-mg-tablet-231073,,,,,,,,,,,,,,,,,,,,,,,,,,,,,,Made in India,,,,,,,,,,,,,,,,,100mg,,,,,,,,,,,,,,,,,,,,,,,,,,,,,,,,,,,,,,,,,,,,,,,,,,,,,,,,,,,,,Finished Product,,,,,,,,,,,,,,,,,,,,,,,,,,,,100 mg,,,,,,,,,,,,,,,,,,,,,,,"The drug is very helpful to give rise to ovulation in women who have certain medical issues, preven",,,,,,,
clomiphene-citrate-fertyl-50mg-890588,"Clomiphene Citrate Fertyl 50mg, Packaging Size: Box",Tablets,,,50mg,,Packaging Size: box; Packaging Type: Box,Contact seller (Stripe),₹ 250 / Stripe,"HOW TO USE FERTYL-M TABLETTake this medicine in the dose and duration as advised by your doctor. Swallow it as a whole. Do not chew, crush or break it. Fertyl-M Tablet may be taken with or without food, but it is better to take it at a fixed time.HOW FERTYL-M TABLET WORKSFertyl-M Tablet increases the release of two hormones: follicle-stimulating hormone (FSH) and luteinizing hormone (LH). In females, the increased FSH and LH levels stimulate the growth and maturation of eggs (ovarian follicles), ultimately leading to ovulation. In males, these hormones play a crucial role in stimulating the testes to produce more testosterone and enhance sperm production. Production of good sperm and ovulation is crucial for fertility.",/images/medicines/clomiphene-citrate-fertyl-50mg-890588-1.jpg | /images/medicines/clomiphene-citrate-fertyl-50mg-890588-2.jpg | /images/medicines/clomiphene-citrate-fertyl-50mg-890588-3.jpeg,,2852682890588,Clomiphene Citrate,curapex-indiamart,/catalog/clomiphene-citrate-fertyl-50mg-890588,,,,,,,,,,,,,,,,,,,,,,,,,,,,,,Made in India,,,,,,,,,,,,,50mg,,,,,,,,,,,50mg,,,,,,,,,,,,,,,,,,,,,,,,,,,,,,,,,,,,,,,,,,,,,,,,,,,,,,,,,,,,,,,,,,,,,,,24 months,,,,,,,,,,,,,,,,,,,,,,,,,,,,,,,,,,,,,,,,,
clopilet-a-150-mg-tablet-250288,Clopilet A 150 Mg Tablet,Tablets,Aspirin and Clopidogrel,Tablet,,,,Contact seller (Box),₹ 94 / Box,Clopilet A 150 Capsule is a combination of two antiplatelet medicines or blood thinner used to reduce the formation of harmful blood clots in blood vessels. This helps to prevent a heart attack or stroke in people with heart disease.,/images/medicines/clopilet-a-150-mg-tablet-250288-1.jpg | /images/medicines/clopilet-a-150-mg-tablet-250288-2.jpg | /images/medicines/clopilet-a-150-mg-tablet-250288-3.jpg,,2853909250288,Aspirin Clopidogrel Tablets,curapex-indiamart,/catalog/clopilet-a-150-mg-tablet-250288,,,,,,,,,,,,,,,,,,,,,,,Aspirin (150mg) + Clopidogrel (75mg),,,,,,,,,,,,,,,,,,,75 mg,,,,,,,,,,,,,,,,,,,,,,,,,,,,,,,,,,,,,,,,,,,,,,,,,,,,,,,,,,,,Prescription,,,,,,,,,,,,,,,,,,,,,,,,,,,,,,,,,,,,,,,,,,,,,,,To reduce the formation of harmful blood clots in blood vessels,,,,,,Stop cells in the blood (platelets) from sticking together and forming a clot,,,,,,,,,,,
cobra-130-mg-328073,Cobra 130 mg,Tablets,,,125 mg,Vega cobra 130mg blue,Packaging Type: Box,Contact seller (Strip),₹ 250 / Strip,"<p dir=""ltr"">VEGA BLUE COBRA 130MG likely refers to a product for enhancing sexual performance. Specific details about this product's use, ingredients, or effects aren't standard medical information.</p>",/images/medicines/cobra-130-mg-328073-1.jpg | /images/medicines/cobra-130-mg-328073-2.jpg | /images/medicines/cobra-130-mg-328073-3.jpg | /images/medicines/cobra-130-mg-328073-4.jpg | /images/medicines/cobra-130-mg-328073-5.jpg | /images/medicines/cobra-130-mg-328073-6.jpg,,2856400328073,Cobra Tablet,curapex-indiamart,/catalog/cobra-130-mg-328073,,,,,,,,,,,,,Vega cobra 130mg blue,,,,,,Blue,,,,,,,,,,,,,,,,,,,,,,,,,,,,,,,,,,,,,,,,,,,,,,,,,,,,,signature,,,,,,,,,,,,,,,,,,,,,,,,,,,,,,,,,,,,,,,,,,,,,,,,,,,,,,,,,,,,,,,,125 mg,,,,,,,,,,,,,,,,,,,,,,,,,,,,,,
covimectin-12mg-tab-323748,COVIMECTIN 12MG TAB,Tablets,,,12mg,,Packaging Size: 10*10 Tablets; Packaging Type: Strip,Contact seller (Strip of 10 Tablets),₹ 250 / Strip of 10 Tablets,"Benefits of Covimectin TabletIn Treatment of Parasitic infectionsCovimectin 12 Tablet helps treat many parasitic infections of your intestinal tract, skin, and eyes. It works by paralyzing and killing the parasites causing the infection. This medicine usually makes you feel better quite quickly. However, you should continue taking it as long as it is prescribed even when you feel better, to make sure that all parasites are killed and do not become resistant.Side effects of Covimectin TabletMost side effects do not require any medical attention and disappear as your body adjusts to the medicine. Consult your doctor if they persist or if you’re worried about themCommon side effects of Covimectin",/images/medicines/covimectin-12mg-tab-323748-1.jpg | /images/medicines/covimectin-12mg-tab-323748-2.jpeg | /images/medicines/covimectin-12mg-tab-323748-3.jpg,,2856400323748,Ivermectin Tablets,curapex-indiamart,/catalog/covimectin-12mg-tab-323748,,,,,,,,,,,,,,,,,,,,,,,,,,,,,,,,,,,,,,,,,,,,,,,,,12mg,,,,,,,,,,,,,,,,,,,,,,,,Signature,,,,,,,,,,,,,,,,,,,,,,,,,,,,,,,,,,,,,,,,,,,,,,,,,,,,,,,,,,,,,,,12mg,,,,,,,,,,,,,,,,,,,,,,,,,,,,,,
debistal-1000-sr-metformin-tablets-ablets,Debistal 1000 SR Metformin Tablets,Tablets,,Tablet,1000 mg,Debistal,Pack Size: 10x15 tablets; Packaging Type: Blister,,Price on request,Debistal 1000 SR Metformin tablets are used for the management of Type 2 Diabetes and help control high blood sugar levels effectively.,/images/medicines/debistal-1000-sr-metformin-tablets-ablets-1.webp | /images/medicines/debistal-1000-sr-metformin-tablets-ablets-2.webp | /images/medicines/debistal-1000-sr-metformin-tablets-ablets-3.webp,,,,novamedsolutions.in,/catalog/debistal-1000-sr-metformin-tablets-ablets,,,,,,,,,,,,,,,,,,,,,,,,,,,,,,,,,,,,,,,,,,,,,,,,,,,,,,,,,,,,,,,,,,,,,,,,,,,,,,,,,,,,,,,,,,,,,,,,,,,,,Prescription,,,,,,,,,,,,,,SR,,,,,,,,,,36 months,,,,,,,,,,,,,,,,,,,,,,,,,,,,,,Type 2 Diabetes,,,,,,,,,,,
decabol-200-mg-injection-372312,Decabol 200 Mg Injection,Injections,Nandrolone Decanoate 200mg,,200 mg,Evolve bio lab,Packaging Size: 10*1ml; Packaging Type: Vial,Contact seller (Vial),₹ 250 / Vial,HOW TO USE DECABOL INJECTIONYour doctor or nurse will give you this medicine. Kindly do not self administer.HOW DECABOL INJECTION WORKSDecabol 50 Injection is an anabolic steroid which mimics the effect of male hormone (testosterone). It works by strengthening the bones which become thin and fragile due to osteoporosis.,/images/medicines/decabol-200-mg-injection-372312-1.jpeg | /images/medicines/decabol-200-mg-injection-372312-2.png | /images/medicines/decabol-200-mg-injection-372312-3.jpeg | /images/medicines/decabol-200-mg-injection-372312-4.png,,2853733372312,Nandrolone Injection,curapex-indiamart,/catalog/decabol-200-mg-injection-372312,,,,,,,,,,,,,Evolve bio lab,,,,,,,,,,,,,,,,,Made In India,,,,,,,,,,,,,,,,,,,,,,,,,,,,,,,,,,,,,,,,,,,,,,,,,,,,,,,,,,,,,,,,,,,,,,,,,,,,,,,,,,,,,,,,,,,,,,,36 Months,,,,,,,,,,,200 mg,,,,,,,,,,,,,,,,,,,,,,,To Treat Osteoporosis,,,,,,,
diclofenac-diethylamine-gel-998173,"Diclofenac Diethylamine Gel, 30 Gram",Creams,Diclofenac Diethylamine + Methyl Salicylate + Linseed Oil and Menthol,,,Pen Relaxar,Packaging Size: 30 Gram; Packaging Type: Tube,Contact seller (Tube),₹ 120 / Tube,Diclofenac diethylamine is a non-steroidal anti-inflammatory drugs (NSAID). It works by blocking the release of certain chemical messengers that cause pain and inflammation (redness and swelling) on the skin.,/images/medicines/diclofenac-diethylamine-gel-998173-1.png | /images/medicines/diclofenac-diethylamine-gel-998173-2.png,,2851838998173,Diclofenac Diethylamine Gel,curapex-indiamart,/catalog/diclofenac-diethylamine-gel-998173,,,,,,,,,,,,,Pen Relaxar,,,,,,,,,,,,,,,,,,,,,,,,,,,,,,,,,,,,,,,,,,,,,,,,,,,,,,,,,,,,,,,,,,,,,,,,,,,,,,,,,,,,,,,,,,,,Non Prescription,,,,,,,,,,,,,,,,,,,,,,,,,,,,,,,,,,,,,,,,,,,,,,,,,,To relieve pain from arthritis in certain joints,,,,Used To Relief From Joint Pain,,,,,,,
duovir-e-kit-tablet-152830,Duovir E Kit Tablet,Tablets,,Tablet,150/300 mg,,Pack Size: 30 tablets,,Price on request,Duovir E Kit tablets containing antiretroviral medicines are used for the treatment and management of Human Immunodeficiency Virus Infection.,/images/medicines/duovir-e-kit-tablet-152830-1.jpg | /images/medicines/duovir-e-kit-tablet-152830-2.jpg | /images/medicines/duovir-e-kit-tablet-152830-3.jpg,,2859592152830,,novamedsolutions.in,/catalog/duovir-e-kit-tablet-152830,,,,,,,,,,,,,,,,,,,,,,,,,,,,,,,,,,,,,,,,,,,,,,,,,,,,,,,,,,,,Lamivudine+Zidovudine,,,,,,,,,,,,Cipla,,,,,,,,,,,,,,,,,,,,,,,,,,,,,,,,,,,,,,,,,,,,,,,,,,,,,36 months,,,,,,,,,,,,,,,,,,,,,,,,,,,,,,Adult,,,,,,,Duovir,,,,
duradec-100-injection-330862,Duradec 100 Injection,Injections,Nandrolone Decanoate 100 mg,,100 mg,,Packaging Size: 10*1ml; Packaging Type: Vial,Contact seller (Vial),₹ 250 / Vial,HOW TO USE DURADEC INJECTIONYour doctor or nurse will give you this medicine. Kindly do not self administer.HOW DURADEC INJECTION WORKSDuradec 100 Injection is an anabolic steroid which mimics the effect of male hormone (testosterone). It works by strengthening the bones which become thin and fragile due to osteoporosis.,/images/medicines/duradec-100-injection-330862-1.jpeg | /images/medicines/duradec-100-injection-330862-2.jpeg | /images/medicines/duradec-100-injection-330862-3.jpeg | /images/medicines/duradec-100-injection-330862-4.jpeg | /images/medicines/duradec-100-injection-330862-5.jpeg,,2853733330862,Nandrolone Injection,curapex-indiamart,/catalog/duradec-100-injection-330862,,,,,,,,,,,,,,,,,,,,,,,,,,,,,,,,,,,,,,,,,,,,,,,,,,,,,,,,,,,,,,,,,,,,,,,,,,,,,,,,,,,,,,,,,,,,,,,,,,,,,,,,,Prescription,,,,,,,,,,,,,,,,,,,,36 Months,,,,,,,,,,,100 mg,,,,,,,,,,,,,,,,,,,,,,,To Treat Osteoporosis,,,,,,,
enoxaparin-injection-ip-300mg-3ml-579212,Enoxaparin Injection Ip 300Mg 3Ml,Injections,Enoxaparin (300mg),,,,,Contact seller (Piece),"₹ 2,000 / Piece",How to use Evaparin InjectionYour doctor or nurse will give you this medicine. Kindly do not self administer.How Evaparin Injection worksEvaparin Injection is an anticoagulant. It works by inactivating certain blood-clotting proteins. This prevents the formation of blood clots and prevents blockages in the blood vessels of the body.,/images/medicines/enoxaparin-injection-ip-300mg-3ml-579212-1.png,,2855063579212,Enoxaparin Injection,curapex-indiamart,/catalog/enoxaparin-injection-ip-300mg-3ml-579212,,,,,,,,,,,,,,Lonopin pen,,,,,,,,,,,,,,,,Made in India,,,,,,,,,,,,,,,,,,,,,,,,,,,,,,,,,,,,,,,,,,Intas Pharmaceuticals Ltd,,,,,,,,,Vial,,,,,,,,,,,,,,,,,,,,,Prescription,,,,,,,,,,,,,,,,,,,,,,,,,,,,,,,,,,,,,,,,,,,,,,,,,,,,,,,,,,,,,,,,
eriacta-100mg-tablets-703088,Eriacta 100mg Tablets,Tablets,,,100 mg,,Packaging Size: 4 Tablets; Packaging Type: Strip,Contact seller (Box),₹ 455 / Box,"How to use Eriacta TabletTake this medicine in the dose and duration as advised by your doctor. Swallow it as a whole. Do not chew, crush or break it. Eriacta 100mg Tablet may be taken with or without food, but it is better to take it at a fixed time.How Eriacta Tablet worksEriacta 100mg Tablet is a phosphodiesterase-5 (PDE-5) inhibitor. It works by relaxing the blood vessels in your penis, thereby increasing blood flow into the penis on sexual stimulation. This helps you achieve and maintain a hard, erect penis suitable for sexual activity.",/images/medicines/eriacta-100mg-tablets-703088-1.jpg | /images/medicines/eriacta-100mg-tablets-703088-2.jpg | /images/medicines/eriacta-100mg-tablets-703088-3.jpg,,2856310703088,Eriacta Tablet,curapex-indiamart,/catalog/eriacta-100mg-tablets-703088,,,,,,,,,,,,,,,,,,,,,,,,,,,,,,Made in India,,,,,,,,,,,,,,,,,,,,,,,,,,,,,,,,,,,,,,,,,,ACME GENERIC,,,,,,,,,,,,,,,,,,,,,,,,,,,,,,,,,,,,,,,,,,,,,,,,,,,,,,,,,,,,,,,,100 mg,,,,,,,,,,,,,,,,,,,,,,,,,,,,,,
erly-liraglutide-injection-ection,ERLY Liraglutide Injection,Injections,Liraglutide,Pre-filled Pen,6 mg/ml,Novo Nordisk,Pack Size: 3 ml,,Price on request,ERLY Liraglutide injection is used for the treatment of Type 2 Diabetes and may also support weight management.,/images/medicines/erly-liraglutide-injection-ection-1.webp | /images/medicines/erly-liraglutide-injection-ection-2.webp | /images/medicines/erly-liraglutide-injection-ection-3.webp,,,,novamedsolutions.in,/catalog/erly-liraglutide-injection-ection,,,,,,,,,,,,,,,,,,,,,,,,,,,,,,,,,,,,,,,,,,,,,,,,,,,,,,,,,,,,,,,,,Type 2 Diabetes,,,,,,,,,,,,,,,,,,,,,,,,,,,,,,,,,,,,Prescription Only,,,,,,,,,,,,,,,,,,,,,,,,18 months,,,,,,,,,,2-8 deg C,,,,,,,,,,,,,,,,,,,,,,,,,,,,,,,
etolid-mr-etodolac-thiocolchicoside-tablet-146533,Etolid MR Etodolac Thiocolchicoside Tablet,Tablets,Etodolac and Thiocolchicoside,Tablet,Etodolac 400mg + Thiocolchicoside 4mg,Etolid MR,Packaging Size: 10 tablets,,Price on request,"Etolid MR tablets are used for pain relief, inflammation reduction, and muscle spasm management in musculoskeletal conditions.",/images/medicines/etolid-mr-etodolac-thiocolchicoside-tablet-146533-1.webp | /images/medicines/etolid-mr-etodolac-thiocolchicoside-tablet-146533-2.webp | /images/medicines/etolid-mr-etodolac-thiocolchicoside-tablet-146533-3.webp,,2859592146533,,novamedsolutions.in,/catalog/etolid-mr-etodolac-thiocolchicoside-tablet-146533,,,,,,,,,,,,,,,,,,,,,,,,,,,,,,,,,,,,,,,,,,,,,,,,,,,,,,,,,,,,,,,,,,,,,,,,Leeford,,,,,,,,,,,,,,,,,,,,,,,,,,,Yes,,,,,,,,,,,,,,,,,,,,,,,,,,36 months,,,,,,,,,,,,,,,,,,,,,,,,Acute Musculoskeletal Pain,,,,,,,,,,,,,,,,,
evimectin-a-albendazole-and-ivermectin-tablet-180688,Evimectin A Albendazole And Ivermectin Tablet,Tablets,,Tablet,400 6 mg,Evimectin A,Packaging Size: 1 Tablet; Packaging Type: Blister,,Price on request,Evimectin A tablets containing Albendazole and Ivermectin are prescribed for parasitic and worm infections.,/images/medicines/evimectin-a-albendazole-and-ivermectin-tablet-180688-1.webp | /images/medicines/evimectin-a-albendazole-and-ivermectin-tablet-180688-2.webp | /images/medicines/evimectin-a-albendazole-and-ivermectin-tablet-180688-3.webp,,2859592180688,,novamedsolutions.in,/catalog/evimectin-a-albendazole-and-ivermectin-tablet-180688,,,,,,,,,,,,,,,,,,,,,,,,,,,,,,,,,,,,,,,,,,,,,,,,,,,,,,,,,,,,,,,,,,,,,,,,,,,,,,,,,,,,,,,,,,,,,,,,,,Prescription,,,,,,,,,,,,,,,,,,,,,,,,,,,36 Month,,,,,,,,,,,,,,,,,,,,,,,,Worm Infestation,,,,,,,,,,,,,,,,,
fertigyn-5000iu-injection-889812,"Fertigyn 5000IU Injection, 4000 IU, Prescription",Injections,Human Chorionic Gonadotropin (HCG),,4000 IU,Fertigyn,,Contact seller (Pack),"₹ 1,000 / Pack",Fertigyn 5000IU Injection is used together with another hormone called follicle stimulating hormone FSH for the treatment of infertility in women In men it is used to help treat delayed puberty undescended testes or oligospermia low sperm count It is given as an injection into a muscle or under the skin,/images/medicines/fertigyn-5000iu-injection-889812-1.png | /images/medicines/fertigyn-5000iu-injection-889812-2.jpg | /images/medicines/fertigyn-5000iu-injection-889812-3.jpeg | /images/medicines/fertigyn-5000iu-injection-889812-4.jpeg,,2852682889812,Human Chorionic Gonadotropin Injections,curapex-indiamart,/catalog/fertigyn-5000iu-injection-889812,,,,,,,,,,,,,Fertigyn,,,,,,,,,,,,,,,,,Made in India,,,,,,,,,,,,,,,,,,,,,,,,,,,,,,,,,,,,,,,,,,,,,,,,,,,,,,,,,,,,,,,,,,,,,,,,,,Prescription,,,,,,,,,,,,,,,,,,,,,,36 months,,,,,,,,,,4000 IU,,,,,,,,,,,,,Treatment of infertility in women,,,,,,,,,,,,,,,,,
fildena-100-mg-tablets-881891,Fildena 100 Mg Tablets,Tablets,,,100mg,Fildana 100mg,,Contact seller (Strip),₹ 250 / Strip,"Sildenafil is a phosphodiesterase-5 (PDE-5) inhibitor. It works by relaxing the blood vessels in your penis, thereby increasing blood flow into the penis on sexual stimulation. This helps you achieve and maintain a hard, erect penis suitable for sexual activity.Common side effects of SildenafilHeadache, Nosebleeds, Insomnia (difficulty in sleeping), Erythema (skin redness), Nasal congestion (stuffy nose), Dizziness, Nausea, Dyspepsia, Hot flushes, Shortness of breath, Visual disturbance",/images/medicines/fildena-100-mg-tablets-881891-1.jpg | /images/medicines/fildena-100-mg-tablets-881891-2.jpeg | /images/medicines/fildena-100-mg-tablets-881891-3.jpeg,,2857508881891,Fildena Tablet,curapex-indiamart,/catalog/fildena-100-mg-tablets-881891,,,,,,,,,,,,,Fildana 100mg,,,,,,,,,,,,,,,,,,,,,,,,,,,,,,,,,,,,,,,,,,,,,,,,,,,,,,,,,,,,,,,,,,,,,,,,,,,,,,,,,,,,,,,,,,,,,,,,,,,,,,,,,,,,,,,,,,,,,,,,,,,100mg,,,,,,,,,,,,,,,,,,,,,,,,,,,,,,
finast-5mg-tablet-232630,"Finast 5mg Tablet, Packaging Size: 1*15 Tablets",Tablets,Finasteride Tablets IP,,5 mg,Finast,Packaging Size: 1*15 Tablets; Packaging Type: Strips,Contact seller (Stripe),₹ 87 / Stripe,"Finast 5mg Tablet helps in shrinkage of an enlarged prostate, where finasteride works by blocking the production of a stress hormone called dihydrotestosterone in the body that causes prostate enlargement. As a result, it reduces the size of prostate, prevents further growth, and improves urine flow.",/images/medicines/finast-5mg-tablet-232630-1.jpg | /images/medicines/finast-5mg-tablet-232630-2.jpg | /images/medicines/finast-5mg-tablet-232630-3.jpg | /images/medicines/finast-5mg-tablet-232630-4.jpg,,2853909232630,Finasteride Tablets,curapex-indiamart,/catalog/finast-5mg-tablet-232630,,,,,,,,,,,,,Finast,,,,,,,,,,,,,,,,,Made in India,,,,,,,,,,,,,5 mg,,,,,,,,,,,,,,,,,,,,,,,,,,,,Dr Reddy's Laboratories Ltd,,,,,,,,,,,,,,,,,,,,,,,,,,,,,,,,,,,,,,,,,,,,,,,,,,,,,,,,,,,,,,,,,,,,,,,,,,,,,,Used to treat common hereditary hair loss,,,,,,,,,,,,,,,,,
hepcinat-400-mg-tablet-253330,Hepcinat 400 Mg Tablet,Tablets,Sofosbuvir Tablets,Tablet,400 mg,,Packaging Size: 28 Tablets; Packaging Type: Bottle,Contact seller (Bottle),"₹ 1,800 / Bottle",Hepcinat 400mg Tablet contains the active component as Sofosbuvir. It is a direct-acting antiviral medication used to treat hepatitis C virus (HCV) infection. This medication is often combined with other antiviral drugs to form a regimen that can effectively eliminate HCV from the body.,/images/medicines/hepcinat-400-mg-tablet-253330-1.jpeg | /images/medicines/hepcinat-400-mg-tablet-253330-2.jpeg | /images/medicines/hepcinat-400-mg-tablet-253330-3.jpeg,,2853909253330,Hepcinat Tablet,curapex-indiamart,/catalog/hepcinat-400-mg-tablet-253330,,,,,,,,,,,,,,,,,,,,,,,,,,,,,,Made in India,,,,,,,,,,,,,,,,,,,,,,,,,,,,,,,,,,,,,,,,,,,,,,,,,,,,,,,,,,,,,,,,,,,,,,,,,,Prescription,,,,,,,,,,,,,,,,,,,,,,,,,,,,,,,,400 mg,,,,,,,,,,,,,Treatment of chronic hepatitis C virus (HCV) infection,,,,,,,,,,,,,,,,,
hucog-2000-iu-injection-230248,Hucog 2000 IU Injection,Injections,Human chorionic gonadotropin (hCG) (2000IU),Injection,2000iu,Hucog 2000 HP,,Contact seller (Pack),"₹ 1,000 / Pack","HOW TO USE HUCOG INJECTIONYour doctor or nurse will give you this medicine. Kindly do not self administer.HOW HUCOG INJECTION WORKSHUCOG 2000 HP Injection is a sex hormone. In females, it helps in the release of eggs from the ovary. In males, it works by enhancing the production of testosterone which helps in treating conditions such as delayed puberty, and low sperm count.",/images/medicines/hucog-2000-iu-injection-230248-1.jpeg | /images/medicines/hucog-2000-iu-injection-230248-2.jpg | /images/medicines/hucog-2000-iu-injection-230248-3.jpg | /images/medicines/hucog-2000-iu-injection-230248-4.jpeg,,2853909230248,Human Chorionic Gonadotropin Injections,curapex-indiamart,/catalog/hucog-2000-iu-injection-230248,,,,,,,,,,,,,Hucog 2000 HP,,,,,,,,,,,,,,,,,,,,,,,,,,,,,,,,,,,,,,,,,,,,,,,,,,,,,,,,,,,Bharat Serums And Vaccines,,,,,,,,,,,,,,,,,,,,,,,,,,,,,,,,,,,,,,,,,,,,,,,,,,,,,,,,,,,,,,,,2000iu,,,,,,,,,,,,,Treatment of infertility in women,,,,,,,,,,,,,,,,,
hucog-5000-hp-injection-133648,"Hucog 5000 Inj, 5000iu",Injections,Human Chorionic Gonadotropin (HCG),Injection,5000iu,HUCOG,Packaging Type: Vial,Contact seller (Pack),₹ 250 / Pack,"Hucog 5000 HP Injection is used together with another hormone called follicle stimulating hormone (FSH) for the�treatment of infertility in women. In men, it is used to help treat delayed puberty, undescended testes or oligospermia (low sperm count). It is given as an injection into a muscle or under the skin.",/images/medicines/hucog-5000-hp-injection-133648-1.jpg | /images/medicines/hucog-5000-hp-injection-133648-2.jpg | /images/medicines/hucog-5000-hp-injection-133648-3.jpg,,2853857133648,Human Chorionic Gonadotropin Injections,curapex-indiamart,/catalog/hucog-5000-hp-injection-133648,,,,,,,,,,,,,HUCOG,,,,,,,,,,,,,,,,,,,,,,,,,,,,,,,,,,500iu/1ml,,,,,,,,,,,,,,,,,,,,,,,,,,,,,,,,,,,,,,,,,,,,,,,,,,,,,,,,,,,,,Finished Product,,,,,,,,,,,,,,,,,,,,,,,,,,,,5000iu,,,,,,,,,,,,,Treatment of infertility in women,,,,,,,,,,,,,,,,,
human-growth-hormone-injection-cipla-783091,Human Growth Hormone Injection Cipla,Injections,,,4 I.U,Eutropin 4IU Injection,Packaging Size: 1 Vial; Packaging Type: Vial,Contact seller (Box),"₹ 2,000 / Box",How to use Eutropin InjectionYour doctor or nurse will give you this medicine. Kindly do not self administer.How Eutropin Injection worksEutropin 4IU Injection has the same structure as natural human growth hormone which is required for the growth of bones and muscles. It also helps the fat and muscle tissues to develop in the right proportion.,/images/medicines/human-growth-hormone-injection-cipla-783091-1.jpeg | /images/medicines/human-growth-hormone-injection-cipla-783091-2.jpg | /images/medicines/human-growth-hormone-injection-cipla-783091-3.jpg,,2856703783091,Human Growth Hormone Injection,curapex-indiamart,/catalog/human-growth-hormone-injection-cipla-783091,,,,,,,,,,,,,Eutropin 4IU Injection,,,,,,,,,,,,,,,,,,,,,,,,,,,,,,,,,,,,,,,,,,,,,,,,,,,,,,,,,,,Cipla,,,,,,,,,,,,,,,,,,,,,,,,,,,,,,,,,,,,,,,,,,,,,,,,,,,,,,,,,,,,,,,,4 I.U,,,,,,,,,,,,,,,,,,,To treat Growth Hormone Deficiency (GHD),,,,,,,,,,,
humapen-ergo-2-pen- 2 pen,Humapen Ergo 2 Pen,Injections,,,100 IU/ml,Humapen Ergo,,,Price on request,Humapen Ergo 2 is an insulin delivery device used for convenient and accurate insulin administration in diabetes management.,/images/medicines/humapen-ergo-2-pen- 2 pen-1.webp | /images/medicines/humapen-ergo-2-pen- 2 pen-2.webp | /images/medicines/humapen-ergo-2-pen- 2 pen-3.webp,,,,novamedsolutions.in,/catalog/humapen-ergo-2-pen- 2 pen,,,,,,,,,Plastic with Metal,,,,,,,,,,,Blue,,,,,,,,,,,,,,,,,,,,,,,,,1 unit step,,,,,,,,,,,,,,,,,,,,Type 2 Diabetes,,,,,,,,,,,,,,,,,,,Single Pen,,,,,,,,,,Reusable Pen,,,,,,,,,,,,,,,,,,,,,,,,,,,,,,,,,,,,,,,,,,,,,,,,,,,,,,,,,,,,3 ml,,,,,,,,,,,,
inbec-abacavir-dolutegravir-and-lamivudine-tablet-151097,Inbec Abacavir Dolutegravir And Lamivudine Tablet,Tablets,,Tablet,950 mg,,Pack Size: 30 tablets,,Price on request,Inbec Abacavir + Dolutegravir + Lamivudine tablets are prescribed for long-term management of Human Immunodeficiency Virus Infection.,/images/medicines/inbec-abacavir-dolutegravir-and-lamivudine-tablet-151097-1.webp | /images/medicines/inbec-abacavir-dolutegravir-and-lamivudine-tablet-151097-2.webp | /images/medicines/inbec-abacavir-dolutegravir-and-lamivudine-tablet-151097-3.webp,,2859592151097,,novamedsolutions.in,/catalog/inbec-abacavir-dolutegravir-and-lamivudine-tablet-151097,,,,,,,,,,,,,,,,,,,,,,,,,,,,,,,,,,,,,,,,,,,,,,,,,,,,,,,,,,,,Dolutegravir,,,,,,,,,,,,Emcure,,,,,,,,,,,,,,,,,,,,,,,,,,,,,,,,,,,,,,,,,,,,,,,,,,,,,36 months,,,,,,,,,,,,,,,,,,,,,,,,,,,,,,Adult & pediatric,,,,,,,DTG+Lamivudine,,,,
niftas-50-tablet-371648,"Intas Niftas 50 Tablet, Packaging Size: 10X10",Tablets,,,,Intas,Packaging Size: 10X10; Packaging Type: Strip,Contact seller (Strip),₹ 200 / Strip,"Niftas 50 Tablet is an antibiotic that fights bacteria. It is used to treat and prevent bacterial infections of the urinary tract. It works by killing the bacteria that cause such disease. But, it will not treat a viral infection.

Niftas 50 Tablet should be taken in the dose and duration as advised by the doctor. You may take it with food to avoid nausea, which is a common side effect. It is better to have this medicine at the same time each day to get the most benefit and you should keep on taking this medicine for as long as you are prescribed it, even if your symptoms quickly improve. If you stop taking it too early the infection may return or worsen.

Some people may develop side effects like nausea, vomiting, and diarrhea. These side effects are usually temporary and go away during treatment as your body adjusts to the medicine. Consult your doctor if these side effects bother you or do not go away. This medicine may turn your urine into dark yellow or brown color. But, this is normal and nothing to worry about.

Before starting treatment with this medicine, you should tell your doctor if you are pregnant, breastfeeding or suffering from any liver, kidney or heart problems or if you are allergic to any antibiotic.",/images/medicines/niftas-50-tablet-371648-1.jpg | /images/medicines/niftas-50-tablet-371648-2.jpg | /images/medicines/niftas-50-tablet-371648-3.jpg,,2856400371648,Antibiotic Tablets & Capsules,curapex-indiamart,/catalog/niftas-50-tablet-371648,,,,,,,,,,,,,Intas,,,,,,,,,,,,,,,,,Made in India,,,,,,,,,,,,,,,,,,,,,,,,,,,,,,,,,,,,,,,,,,,,,,,,,,,,,,,,,,,,,,,,,,,,,Yes,,,,,,,,,,,,,,,,,,,,,,,,,,24 Months,,,,,,,,,,,,,,,,,,,,,,,,,,,,,,,,,,,,,,,,,
itraconazole-200-mg-capsules-133591,"Itraconazole 200 Mg Capsules, Treatment: Treat Fungal Infections",Capsules,Itraconazole Capsules,Tablet,200 mg,,Packaging Size: 100 Tablets; Packaging Type: Stripe,Contact seller (Box),₹ 250 / Box,"How to use Reditra TabletTake this medicine in the dose and duration as advised by your doctor. Swallow it as a whole. Do not chew, crush or break it. Reditra 200mg Tablet is to be taken with food.How Reditra Tablet worksReditra 200mg Tablet is an antifungal medication. It kills fungi by destroying the fungal cell membrane. This treats your skin infection.",/images/medicines/itraconazole-200-mg-capsules-133591-1.jpg | /images/medicines/itraconazole-200-mg-capsules-133591-2.jpg | /images/medicines/itraconazole-200-mg-capsules-133591-3.jpg | /images/medicines/itraconazole-200-mg-capsules-133591-4.jpg | /images/medicines/itraconazole-200-mg-capsules-133591-5.jpg,,2853857133591,Itraconazole Capsule and Tablet,curapex-indiamart,/catalog/itraconazole-200-mg-capsules-133591,,,,,,,,,,,,,,,,,,,,,,,,,,,,,,Made in India,,,,,,,,,,,,,,,,,,,,,,,,,,,,,,,,,,,,,,,,,,,,,,,,,,,,,,,,,,,,,,,,,,,,,,,,,,Prescription,,,,,,,,,,,,,,,,,,,,,,,,,,,,,,,,200 mg,,,,,,,,,,,,,Treat fungal infections,,,,,,,,,,,,,,,,,
ivermectin-cream-1-0-w-w-983048,"Ivermectin Cream 1.0 W W, Packaging Size: 30 g",Creams,Ivermectin Cream,,1.0% w/w,,Packaging Size: 30 g; Packaging Type: Box,Contact seller (Tube),₹ 250 / Tube,"Ivermectin 1 Cream is a medicine used in the treatment of rosacea, which is an inflammatory condition that affects face. It helps in reducing the redness, swelling and pimples associated with rosacea.<br /><br />
<p>Your doctor will explain how to use Ivrea 1 Cream and how much you need. Read the instructions that come with the medicine to make sure you use it correctly. It is applied to the affected areas of your face as directed by your doctor. Your skin should be clean, and dry before using it. Avoid getting it into your mouth, eyes, or inside the nose. Use it regularly and at the same time of each day to get the most benefit of the medicine.<br /><br />Ivermectin1 Cream may cause burning, irritation, itching, and redness at the site of application. These are usually temporary and go away with time. However, if these effects persist or worsen, inform your doctor. Before using it, you should ask your doctor’s advice if you are pregnant or breastfeeding.</p>",/images/medicines/ivermectin-cream-1-0-w-w-983048-1.png | /images/medicines/ivermectin-cream-1-0-w-w-983048-2.jpg | /images/medicines/ivermectin-cream-1-0-w-w-983048-3.jpg,,2857897983048,Ivermectin Cream,curapex-indiamart,/catalog/ivermectin-cream-1-0-w-w-983048,,,,,,,,,,,,,,,,,,,,,,,,,,,,,,,,,,,,,,,,,,,,,,,,,,,,,,,,,,,,,,,,,,,,,,,,,Ajanta,,,,,,,,,,,,,,,,,,,,,,,,,,,,,,,,,,,,,,,,,,,,,,,,,,,,,,,,,,,,,,,1.0% w/w,,,,,,,,,,,,,,,,,,,,,,,,,,,,,,
jakavi-ruxolitinib-5-mg-tablets-228797,Jakavi Ruxolitinib 5 Mg Tablets,Tablets,,Tablet,5 mg,,,Contact seller (Box),"₹ 30,000 / Box","HOW TO USE JAKAVI TABLETTake this medicine in the dose and duration as advised by your doctor. Swallow it as a whole. Do not chew, crush or break it. Jakavi 5mg Tablet may be taken with or without food, but it is better to take it at a fixed time.HOW JAKAVI TABLET WORKSJakavi 5mg Tablet is an anti-cancer medication. It works by blocking the action of the abnormal protein that signals cancer cells to multiply. This helps to stop or slow the spread of cancer cells.",/images/medicines/jakavi-ruxolitinib-5-mg-tablets-228797-1.png | /images/medicines/jakavi-ruxolitinib-5-mg-tablets-228797-2.jpg,,2853909228797,Jakavi Tablets,curapex-indiamart,/catalog/jakavi-ruxolitinib-5-mg-tablets-228797,,,,,,,,,,,,,,,,,,,,,,,,,,,Ruxolitinib (5mg),,,Made in India,,,,,,,,,,,,,,,,,,,,,,,,,,,,,,,,,,,,,,,,,,,,,,,,,,,,,,,,,,,,,,,,,,,,,,,,,,Prescription,,,,,,,,,,,,,,,,,,,,,,,,,,,,Store below 30 DegreeC,,,,5 mg,,,,,,,,,,,,,,,,,,,,,,,Hospital,,,,,,,
jalra-50mg-tablets-250133,"Jalra 50mg Tablets, Packaging Size: 2x14",Tablets,Vildagliptin Tablets,Tablets,50 mg,,Packaging Size: 2x14; Packaging Type: Stripe,Contact seller (Stripe),₹ 450 / Stripe,Jalra 50mg Tablet is a medicine used to treat type 2 diabetes mellitus. It is used together with a healthy diet and regular exercise to control blood sugar levels. This helps to prevent serious complications of diabetes like kidney damage and blindness.,/images/medicines/jalra-50mg-tablets-250133-1.jpg | /images/medicines/jalra-50mg-tablets-250133-2.jpg | /images/medicines/jalra-50mg-tablets-250133-3.jpg,,2853909250133,Vildagliptin Tablets,curapex-indiamart,/catalog/jalra-50mg-tablets-250133,,,,,,,,,,,,,,,,,,,,,,,,,,,,,,Made in India,,,,,,,,,,,,,,,,,,,,,,,,,,,,,,,,,,,,,,,,,,,,,,,,,,,,,,,,,,,,,,,,,,,,,,,,,,Prescription,,,,,,,,,,,,,,,,,,,,,,24 months,,,,,,,,,,50 mg,,,,,,,,,,,,,Used to treat type 2 diabetes,,,,,,,,,,,,,,,,,
kamagra-100-mg-gold-tablet-225662,Kamagra 100 Mg Gold Tablet,Tablets,,,100 mg,Kamagra 100 Mg Gold,,Contact seller (Box),₹ 250 / Box,"Kamagra Gold 100mg Tablet is a prescription medicine used to treat erectile dysfunction (impotence) in men. It works by increasing blood flow to the penis. This helps men to get or maintain an erection. It belongs to a group of medicines known as phosphodiesterase type 5 (PDE 5) inhibitors.

Kamagra Gold 100mg Tablet may be taken on an empty stomach or with a meal. It should be strictly taken as advised by your doctor. You should take about 1 hour before you plan to have sex. The amount of time it takes to work varies from person to person, but it normally takes between 30 minutes and 1 hour. This medicine will only help you to get an erection if you are sexually stimulated. However, you should not take this medicine if you do not have erectile dysfunction. It should not be taken more than once a day.

The most common side effects of this medicine are flushing (sense of warmth), headache, dizziness, blurred vision, muscle pain, stomach upset, and rash. Talk to your doctor if any of the side effects bother you or do not go away. They may be able to help by changing the dosage or prescribing you an alternate medicine.

Kamagra Gold 100mg Tablet is not intended for use by women and men should avoid using any other medicines to treat impotence without talking to a doctor first. It can be dangerous to take it along with medicines called nitrates (often given for chest pain or angina). Do not take this medicine if you have severe heart or liver problems, have recently had a stroke or heart attack or if you have low blood pressure. Let your doctor know if you suffer from these or any other health problems before taking it. You should not drive if this medicine makes you feel dizzy. Avoid drinking alcohol while taking this medicine as it increases the chances of side effects.",/images/medicines/kamagra-100-mg-gold-tablet-225662-1.jpg | /images/medicines/kamagra-100-mg-gold-tablet-225662-2.png | /images/medicines/kamagra-100-mg-gold-tablet-225662-3.jpeg,,2856400225662,Kamagra Tablets,curapex-indiamart,/catalog/kamagra-100-mg-gold-tablet-225662,,,,,,,,,,,,,Kamagra 100 Mg Gold,,,,,,,,,,,,,,,,,Made in India,,,,,,,,,,,,,,,,,,,,,,,,,,,,,,,,,,,,,,,,,,,,,Ajanta Pharma Ltd,,,,,,,,,,,,,,,,,,,,,,,,,,,,,,,,,,,,,,,,,,,,,Sildenafil (100mg),,,,,,,,,,,,,,,,100 mg,,,,,,,,,,,,,,,,,,,,,,,,,,,,,,
kamagra-effervescent-100mg-tablets-225555,Kamagra Effervescent 100mg Tablets,Tablets,,,100 mg,Kamagra Effervescent 100mg,,Contact seller (Box),₹ 260 / Box,"Kamagra Effervescent 100mg tablets contain Sildenafil Citrate, a medication used to treat erectile dysfunction (ED). It works by increasing blood flow to the penis when a man is sexually stimulated, helping him achieve and maintain an erection. Here's some information about Kamagra Effervescent 100mg tablets:BenefitsFaster Absorption: The effervescent form dissolves in water for quicker absorption into the bloodstream compared to traditional tablets.Ease of Use: Simply dissolve in water for a pleasant-tasting drink, eliminating the need to swallow pills.Potential for Faster Results: Noticeable results may occur within 15–30 minutes.Longer Duration: Effects can last up to 4-6 hours. UsageKamagra Effervescent 100mg is typically taken before sexual activity.It can be taken with or without food, though high-fat meals might affect absorption.It is advised not to exceed the prescribed frequency of use within a 24-hour period. Potential Side EffectsCommon side effects may include headache, dizziness, flushing, indigestion, and blurred vision.Less common but serious side effects can include severe chest pain, prolonged and painful erection (priapism), sudden vision loss, and allergic reactions.Consult your doctor if any side effects are severe or persistent. Warnings and PrecautionsPrescription Required: Kamagra Effervescent 100mg requires a doctor's prescription.Not for Women: This medication is not intended for use by women.Interactions: Avoid use with nitrate-containing medications as it can dangerously lower blood pressure.Consult your Doctor: Discuss your health conditions and medications with your doctor to determine if Kamagra Effervescent 100mg is suitable for you.Avoid Alcohol: Alcohol consumption may increase the risk of side effects like dizziness and low blood pressure.Avoid Driving: If you experience dizziness or vision changes, avoid driving or operating machinery.Storage: Store at room temperature, away from moisture, heat, and out of reach of children. Important Note: The information provided here is for general knowledge and is not a substitute for professional medical advice. Always consult with a healthcare professional before taking any medication to discuss your specific needs and potential risks.",/images/medicines/kamagra-effervescent-100mg-tablets-225555-1.jpg | /images/medicines/kamagra-effervescent-100mg-tablets-225555-2.jpg | /images/medicines/kamagra-effervescent-100mg-tablets-225555-3.jpg,,2856400225555,Kamagra Tablets,curapex-indiamart,/catalog/kamagra-effervescent-100mg-tablets-225555,,,,,,,,,,,,,Kamagra Effervescent 100mg,,,,,,,,,,,,,,,,,Made in India,,,,,,,,,,,,,,,,,,,,,,,,,,,,,,,,,,,,,,,,,,,,,Ajanta Pharma Ltd,,,,,,,,,,,,,,,,,,,,,,,,,,,,,,,,,,,,,,,,,,,,Sildenafil (100mg),,,,,,,,,,,,,,,,,100 mg,,,,,,,,,,,,,,,,,,,,,,,,,,,,,,
kamagra-oral-jelly-vol-4-226212,"Kamagra Oral Jelly Vol 4, 100 mg",Oral Jelly,,,100 mg,Kamagra Oral Jelly Vol 4,Pack Size: 7*8,Contact seller (Pack),₹ 500 / Pack,"Sildenafil is a phosphodiesterase-5 (PDE-5) inhibitor. It works by relaxing the blood vessels in your penis, thereby increasing blood flow into the penis on sexual stimulation. This helps you achieve and maintain a hard, erect penis suitable for sexual activity.",/images/medicines/kamagra-oral-jelly-vol-4-226212-1.jpg | /images/medicines/kamagra-oral-jelly-vol-4-226212-2.jpg | /images/medicines/kamagra-oral-jelly-vol-4-226212-3.jpg,,2856400226212,Erectile Dysfunction Medicine,curapex-indiamart,/catalog/kamagra-oral-jelly-vol-4-226212,,,,,,,,,,,,,Kamagra Oral Jelly Vol 4,,,,,,,,,,,,,,,,,,,,,,,,,,,,,,,,,,,,,,,,,,,,,,,,,,,,,,,,,,,Ajanta Pharma Ltd,,,,,,,,,,,,,,,,,,,,,,,,,,,,,,,,,,,,,,,,,,,,,,,,,,,,,,,,,,,,,,,,100 mg,,,,,,,,,,,,,Treat erectile dysfunction,,,,,,,,,,,,,,,,,
kamagra-polo-sildenafil-100mg-224288,Kamagra Polo Sildenafil 100mg,Tablets,Sildenafil Citrate 100mg,,100 mg,Kamagra polo,,Contact seller (Strip),₹ 250 / Strip,"Kamagra Polo is a chewable tablet typically used to treat erectile dysfunction (ED). It contains sildenafil citrate as its active ingredient, the same component found in Viagra. Sildenafil works by increasing blood flow to the penis, which helps achieve and maintain an erection when sexually aroused",/images/medicines/kamagra-polo-sildenafil-100mg-224288-1.jpg | /images/medicines/kamagra-polo-sildenafil-100mg-224288-2.png | /images/medicines/kamagra-polo-sildenafil-100mg-224288-3.jpg,,2856400224288,Kamagra Tablets,curapex-indiamart,/catalog/kamagra-polo-sildenafil-100mg-224288,,,,,,,,,,,,,Kamagra polo,,,,,,,,,,,,,,,,,Made in India,,,,,,,,,,,,,,,,,,,,,,,,,,,,,,,,,,,,,,,,,,,,,Ajanta Pharma Ltd,,,,,,,,,,,,,,,,,,,,,,,,,,,,,,,,,,,,,,,,,,,,,,,,,,,,,,,,,,,,,100 mg,,,,,,,,,,,,,,,,,,,,,,,,,,,,,,
ketoalfa-alpha-ketoanalogue-tablets-252362,Ketoalfa Alpha Ketoanalogue Tablets,Tablets,Alpha Ketoanalogue Tablets,,,Ketoalfa,Packaging Size: 10*10 Tablets; Packaging Type: Strips,Contact seller (Pack),₹ 84 / Pack,"Ketoalfa Tablet is a nutritional supplement used in the treatment of chronic kidney disease patients on conservative management therapy (CKD stage I, II, III). It is also used in patients with diabetic nephropathy. It contains Alpha Ketoanalogue as active ingredient.",/images/medicines/ketoalfa-alpha-ketoanalogue-tablets-252362-1.jpg | /images/medicines/ketoalfa-alpha-ketoanalogue-tablets-252362-2.jpg | /images/medicines/ketoalfa-alpha-ketoanalogue-tablets-252362-3.jpg,,2853909252362,Alpha Ketoanalogue Tablet,curapex-indiamart,/catalog/ketoalfa-alpha-ketoanalogue-tablets-252362,,,,,,,,,,,,,Ketoalfa,,,,,,,,,,,,,,,,,Made in India,,,,,,,,,,,,,,,,,,,,,,,,,,,,,,,,,,,,,,,,,,,,,,,,,,,,,,,,,,,,,,,,,,,,,,,,,,Prescription,,,,,,,,,,,,,,,,,,,,,36 months,,,,,,,,,,,,,,,,,,,,,,,,Treatment of chronic kidney disease,,,,,,,,,,,,,,,,,
lariago-chloroquine-oral-suspension-179533,Lariago Chloroquine Oral Suspension,Syrups,Chloroquine Phosphate,Oral Suspension,60 mg/5 ml,Lariago,,,Price on request,Lariago Chloroquine Oral Suspension is widely prescribed for patients dealing with general therapeutic disorders.Lariago Chloroquine oral suspension is used for malaria treatment and prevention of parasitic infections.,/images/medicines/lariago-chloroquine-oral-suspension-179533-1.jpg | /images/medicines/lariago-chloroquine-oral-suspension-179533-2.webp | /images/medicines/lariago-chloroquine-oral-suspension-179533-3.webp,,2859592179533,,novamedsolutions.in,/catalog/lariago-chloroquine-oral-suspension-179533,,,,,,,Pediatric Malaria,,,60 ml,,,,,,,,,,,,,,,,,,,,,,,,,,,,,,,,,,,,,,,,,,,,,,,,,,,,,,,,,,,,,,,,,,,,,,,,,,,,,,,,,,,,,,,,,,,,,,,,,,,,,,,,,,,,,,,,,,,,,,,,,,,,,,,,,,,,,,,,,,,,,,,,,,,,,,,,,,,,
laxus-plus-tablets-191188,Laxus Plus Tablets,Tablets,,Tablet,,,Packaging Type: Blister,,Price on request,"Laxus Plus tablets are used for relieving constipation, promoting bowel movement, and improving digestive health.",/images/medicines/laxus-plus-tablets-191188-1.webp | /images/medicines/laxus-plus-tablets-191188-2.webp | /images/medicines/laxus-plus-tablets-191188-3.webp,,2859592191188,,novamedsolutions.in,/catalog/laxus-plus-tablets-191188,,,,,,,,,,,,,,,,,,,,,,,,,,,,,,,,,60 mg,,,,,,,,,,,,,,,,,,,,,,,,,,,,,,,,,,,,,,,,,,,,10 tablets,,,,,,,,,,,,,,,,,,,,,,,,Prescription,,,,,,,,,,,,,,,,,,,,,,,,36 Months,,,,100 mg,,,,,,,,,,,,,,,,,,,,,,,,,,,,,,,,,,,,,
lethyrox-100-mcg-365512,"Lethyrox 100 mcg, Packaging Size: 30",Tablets,,,100 mcg,,Packaging Size: 30,Contact seller (Bottle),₹ 40 / Bottle,"How to use Lethyrox TabletTake this medicine in the dose and duration as advised by your doctor. Swallow it as a whole. Do not chew, crush or break it. Lethyrox 100mcg Tablet is to be taken empty stomach.How Lethyrox Tablet worksLethyrox 100mcg Tablet is a synthetic version of a hormone produced by the thyroid gland. It works by replacing the thyroid hormones that your thyroid gland cannot produce in a sufficient quantity, and relieves the symptoms of hypothyroidism (tiredness, weight gain, and depression).",/images/medicines/lethyrox-100-mcg-365512-1.jpg | /images/medicines/lethyrox-100-mcg-365512-2.jpeg | /images/medicines/lethyrox-100-mcg-365512-3.jpg | /images/medicines/lethyrox-100-mcg-365512-4.jpg,,2856400365512,Thyroxine Sodium Tablets,curapex-indiamart,/catalog/lethyrox-100-mcg-365512,,,,,,,,,,,,,,,,,,,,,,,,,,,,,,Made in India,,,,,,,,,,,,,,,,,,,,,,,,,,,,,,,,,,,,,,,,,,,,,,,,,,,,,,,,,,,,,,,,,,,,,,,,,,,,,,Finished Product,,,,,,,,,,,,,,,,,,,,,,,,,,,,100 mcg,,,,,,,,,,,,,,,,,,,,,,,Personal,,,,,,,
letrozole-letroz-2-5mg-tablet-239562,Letrozole Letroz 2.5mg Tablet,Tablets,Letrozole Tablets USP,Tablet,2.5 mg,Fempro,,Contact seller (Stripe),₹ 101 / Stripe,FEMPRO 2.5MG contains Letrozole which belongs to the group of medicines called Hormonal Chemotherapeutic agents. It is used to treat and prevent breast cancer in postmenopausal women. It can be given either as an initial therapy or following therapy with other medicines such as tamoxifen.,/images/medicines/letrozole-letroz-2-5mg-tablet-239562-1.jpeg | /images/medicines/letrozole-letroz-2-5mg-tablet-239562-2.jpeg,,2853909239562,Letrozole Tablet,curapex-indiamart,/catalog/letrozole-letroz-2-5mg-tablet-239562,,,,,,,,,,,,,Fempro,,,,,,,,,,,,,,,,,,,,,,,,,2.5 mg,,,,,,,,,,,,,,,,,,,,,,,,,,,,,,,,,,,,,,,,,,,,,,,,,,,,,,,,,,,,,,,,,,,,Prescription,,,,,,,,,,,,,,,,,,,,,,,,,,,,,,,,,,,,,,,,,,,Treatment of advanced breast cancer,,,,,,,,,,,,,,,,,
letrozole-tablets-usp-238855,Letrozole Tablets USP,Tablets,Letrozole Tablets USP,Tablet,2.5 mg,Fempro,,Contact seller (Tablet),₹ 86 / Tablet,Letroz Tablet helps in the normal development of an egg in a woman's ovary (female reproductive organ) and stimulates the release of the egg during a process called ovulation. This helps to treat infertility in women. This increases the chance of a successful pregnancy.,/images/medicines/letrozole-tablets-usp-238855-1.jpg,,2853909238855,,curapex-indiamart,/catalog/letrozole-tablets-usp-238855,,,,,,,,,,,,,Fempro,,,,,,,,,,,,,,,,,,,,,,,,,2.5 mg,,,,,,,,,,,,,,,,,,,,,,,,,,,,,,,,,,,,,,,,,,,,,,,,,,,,,,,,,,,,,,,,,,,,Prescription,,,,,,,,,,,,,,,,,,,,,,,,,,,,,,,,,,,,,,,,,,,Treatment of advanced breast cancer,,,,,,,,,,,,,,,,,
levofloxacin-500-mg-tablet-836012,Levofloxacin 500 Mg Tablet,Tablets,Levofloxacin Tablets IP,,500 mg,,Packaging Size: 1*10 Tablets; Packaging Type: Strip,Contact seller (Stripe),₹ 82 / Stripe,"Used to treat a variety of bacterial infections

Levoflox 500 Tablet is an antibiotic, used in the treatment of bacterial infections. It is also used in treating infections of the urinary tract, nose, throat, skin and lungs (pneumonia). It cures the infection by stopping the further growth of the causative microorganisms.

Levoflox 500 Tablet should be used in the dose and duration as advised by your doctor. It may be taken with or without food, preferably at a fixed time. Avoid skipping any doses and finish the full course of treatment even if you feel better. Do not take a double dose to make up for a missed dose. Simply take the next dose as planned.

You may have a headache, dizziness, nausea, and constipation as side effects of this medicine. These are usually temporary and resolve on its own, but please consult your doctor if it bothers you or persists for a longer duration. Diarrhea may also occur as a side effect but should stop when your course is complete. Inform your doctor if it does not stop or if you find blood in your stools.",/images/medicines/levofloxacin-500-mg-tablet-836012-1.png,,2851839836012,Levofloxacin Tablets,curapex-indiamart,/catalog/levofloxacin-500-mg-tablet-836012,,,,,,,,,,,,,,,,,,,,,,,,,,,,,,,,,,,,,,,,,,,,,,,,,,,,,,,,,,,,,,,,,,,,,,,,,,,,,,,,,,,,,,,,,,,,,,,,,,,,,,,,,,,,,,,,Strips,,,,,,,,,,,,,,,,,,,,,,,,500 mg,,,,,,,,,,,,,Used to treat a variety of bacterial infections,,,,,,,Personal,,,,,,,,,,
levofloxacin-500-mg-tablet-255288,"Levofloxacin 500 Mg Tablet, Packaging Size: 10X10",Tablets,Levofloxacian Tablets IP,Tablet,500 mg,Levoflox,Packaging Size: 10X10; Packaging Type: Stripe,Contact seller (Stripe),₹ 100 / Stripe,"Product introductionLevoflox 500 Tablet is an antibiotic, used in the treatment of bacterial infections. It is also used in treating infections of the urinary tract, nose, throat, skin and lungs (pneumonia). It cures the infection by stopping the further growth of the causative microorganisms.",/images/medicines/levofloxacin-500-mg-tablet-255288-1.jpg | /images/medicines/levofloxacin-500-mg-tablet-255288-2.jpg | /images/medicines/levofloxacin-500-mg-tablet-255288-3.jpg | /images/medicines/levofloxacin-500-mg-tablet-255288-4.jpg,,2853909255288,Levofloxacin Tablets,curapex-indiamart,/catalog/levofloxacin-500-mg-tablet-255288,,,,,,,,,,,,,Levoflox,,,,,,,,,,,,,,,,,Made in India,,,,,,,,500 mg,,,,,,,,,,,500 mg,,,,,,,,,,,,,,,,,,,,,,,,,,,,,,,,,,,,,,,,,,,,,,,,,,,,,,Prescription,,,Prescription,,,,,,,,,,,,,,,,,,,24-36 months,,,,,,,,,,,500 mg,,,,,,,,,,,,,"Treatment of bacterial infections of the lungs, throat, airways, nose, ears, urinary tract, skin and",,,,,,,Personal,,,,,,,,,,
lipvas-10-mg-tablet-256030,Lipvas 10 Mg Tablet,Tablets,Atorvastatin Tablet IP,,10 mg,,Pack Size: 3 x 10 Tablets,Contact seller (Box),₹ 89 / Box,"HOW TO USE LIPVAS TABLETTake this medicine in the dose and duration as advised by your doctor. Swallow it as a whole. Do not chew, crush or break it. Lipvas 10 Tablet may be taken with or without food, but it is better to take it at a fixed time.HOW LIPVAS TABLET WORKSLipvas 10 Tablet is a lipid-lowering medication (statin). It works by blocking an enzyme (HMG-CoA-reductase) that is required in the body to make cholesterol. It thus lowers ""bad"" cholesterol (LDL) and triglycerides, raising the level of ""good"" cholesterol (HDL).",/images/medicines/lipvas-10-mg-tablet-256030-1.jpeg | /images/medicines/lipvas-10-mg-tablet-256030-2.jpeg | /images/medicines/lipvas-10-mg-tablet-256030-3.jpeg | /images/medicines/lipvas-10-mg-tablet-256030-4.jpeg,,2853909256030,Atorvastatin Tablet,curapex-indiamart,/catalog/lipvas-10-mg-tablet-256030,,,,,,,,,,,,,,,,,,,,,,,,,,,,,,Made in India,,,,,,,,,,,,,,,,,,,,,,,,,,,,,,,,,,,,,,,,,,,,,,,,,,,,,,,,,,,,Box,,,,,,,,,,,,,Prescription,,,,,,,,,,,,,,,,,,,,,,,36 Months,,,,,,,,,,10 mg,,,,,,,,,,,,,Treat raised cholesterol levels in our body,,,,,,,,,,,,,,,,,
lovegra-100mg-tablet-226712,Lovegra 100mg Tablet,Tablets,,,100mg,Lovegra 100mg tablet,Packaging Size: 10 Tablets; Packaging Type: Strip,Contact seller (Strip),₹ 150 / Strip,"Lovegra 100mg Tablet is a prescription medicine used to treat erectile dysfunction (impotence) in men. It works by increasing blood flow to the penis. This helps men to get or maintain an erection. It belongs to a group of medicines known as phosphodiesterase type 5 (PDE 5) inhibitors.

Lovegra 100mg Tablet may be taken on an empty stomach or with a meal. It should be strictly taken as advised by your doctor. You should take about 1 hour before you plan to have sex. The amount of time it takes to work varies from person to person, but it normally takes between 30 minutes and 1 hour. This medicine will only help you to get an erection if you are sexually stimulated. However, you should not take this medicine if you do not have erectile dysfunction. It should not be taken more than once a day.

The most common side effects of this medicine are flushing (sense of warmth), headache, dizziness, blurred vision, muscle pain, stomach upset, and rash. Talk to your doctor if any of the side effects bother you or do not go away. They may be able to help by changing the dosage or prescribing you an alternate medicine.

Lovegra 100mg Tablet is not intended for use by women and men should avoid using any other medicines to treat impotence without talking to a doctor first. It can be dangerous to take it along with medicines called nitrates (often given for chest pain or angina). Do not take this medicine if you have severe heart or liver problems, have recently had a stroke or heart attack or if you have low blood pressure. Let your doctor know if you suffer from these or any other health problems before taking it. You should not drive if this medicine makes you feel dizzy. Avoid drinking alcohol while taking this medicine as it increases the chances of side effects",/images/medicines/lovegra-100mg-tablet-226712-1.jpeg | /images/medicines/lovegra-100mg-tablet-226712-2.jpg | /images/medicines/lovegra-100mg-tablet-226712-3.jpg,,2856400226712,Sildenafil Tablets,curapex-indiamart,/catalog/lovegra-100mg-tablet-226712,,,,,,,,,,,,,Lovegra 100mg tablet,,,,,,,,,,,,,,,,,Made in India,,,,,,,,,,,,,,,,,,,,,,,,,,,,,,,,,,,,,,,,,,Ajanta Pharma Ltd,,,,,,,,,,,,,,,,,,,,,,,,,,,,,,,,,,,,,,,,,,,,,,,,,,,,,,,,,,,,,,,,100mg,,,,,,,,,,,,,,,,,,,,,,,,,,,,,,
manforce-tablet-100-mg-188555,Manforce Tablet 100 Mg,Tablets,,,100 mg,Manfroce 100mg,Packaging Size: 1*4 Tablets; Packaging Type: Strips,Contact seller (Strip),₹ 250 / Strip,"Manforce 100mg Tablet is a prescription medicine used to treat erectile dysfunction (impotence) in men. It works by increasing blood flow to the penis. This helps men to get or maintain an erection. It belongs to a group of medicines known as phosphodiesterase type 5 (PDE 5) inhibitors.

Manforce 100mg Tablet may be taken on an empty stomach or with a meal. It should be strictly taken as advised by your doctor. You should take about 1 hour before you plan to have sex. The amount of time it takes to work varies from person to person, but it normally takes between 30 minutes and 1 hour. This medicine will only help you to get an erection if you are sexually stimulated. However, you should not take this medicine if you do not have erectile dysfunction. It should not be taken more than once a day.

The most common side effects of this medicine are flushing (sense of warmth), headache, dizziness, blurred vision, muscle pain, stomach upset, and rash. Talk to your doctor if any of the side effects bother you or do not go away. They may be able to help by changing the dosage or prescribing you an alternate medicine.

Manforce 100mg Tablet is not intended for use by women and men should avoid using any other medicines to treat impotence without talking to a doctor first. It can be dangerous to take it along with medicines called nitrates (often given for chest pain or angina). Do not take this medicine if you have severe heart or liver problems, have recently had a stroke or heart attack or if you have low blood pressure. Let your doctor know if you suffer from these or any other health problems before taking it. You should not drive if this medicine makes you feel dizzy. Avoid drinking alcohol while taking this medicine as it increases the chances of side effects.",/images/medicines/manforce-tablet-100-mg-188555-1.jpeg | /images/medicines/manforce-tablet-100-mg-188555-2.jpg | /images/medicines/manforce-tablet-100-mg-188555-3.jpg | /images/medicines/manforce-tablet-100-mg-188555-4.jpeg,,2857508188555,Manforce Tablets,curapex-indiamart,/catalog/manforce-tablet-100-mg-188555,,,,,,,,,,,,,Manfroce 100mg,,,,,,,,,,,,,,,,,Made in India,,,,,,,,,,,,,,,,,,,,,,,,,,,,,,,,,,,,,,,,,,,,,,,,,,,,,,,,,,,,,,,,,,,,,,,,,,,,,,,,,,,,,,,,,,,,,,,,,,,,,,,,,,100 mg,,,,,,,,,,,,,,,,,,,,,,,,,,,,,,
metfor-500-mg-tablets-417397,"Metfor 500 mg Tablets, Packaging Size: 1x20",Tablets,Metformin Hydrochloride Tablets,,500 mg,Metfor,Packaging Size: 1x20,Contact seller (Stripe),₹ 200 / Stripe,Uses of Metfor 500 MG <br />Metfor 500 tablet is used for type 2 diabetes mellitus (‘non-insulin-dependent diabetes’) when diet and exercise have not been able to control your blood glucose levels.<br /><br />Contraindications of Metfor 500 MG <ul><li>If you are allergic to metformin or any other ingredients of Metfor 500 tablet .</li><li>If you have problems with your liver or kidney.</li><li>If you are an alcoholic (you daily consume alcohol in excess).</li><li>If you have uncontrolled diabetes.</li><li>If you have any heart problems or if you recently had a heart attack.</li><li>If you have a severe infection of the lung or kidney. Infections can increase the risk of lactic acidosis.<br /><br />Side effects of Metfor 500 MG <ul><li>Nausea</li><li>Vomiting</li><li>Diarrhoea</li><li>Stomach pain</li><li>Taste disturbance</li><li>Loss of appetite</li></ul></li></ul>,/images/medicines/metfor-500-mg-tablets-417397-1.jpg | /images/medicines/metfor-500-mg-tablets-417397-2.jpg | /images/medicines/metfor-500-mg-tablets-417397-3.jpg | /images/medicines/metfor-500-mg-tablets-417397-4.jpeg,,2852052417397,,curapex-indiamart,/catalog/metfor-500-mg-tablets-417397,,,,,,,,,,,,,Metfor,,,,,,,,,,,,,,,,,,,,,,,,,,,,,,,,,,,,,,,,,,,,,,,,,,,,,,,,,,,,,,,,,,,,Strip,,,,,,,,,,,,,,,,,,,,,,,,,,,,,,,,,,,,,,,,,,,,24 Months,,,,,,,,,,,500 mg,,,,,,,,,,,,,Treat type 2 diabetes mellitus,,,,,,,,,,,,,,,,,
minoxidil-tablet-789297,"Minoxidil Tablet, 2.5 mg",Tablets,,,,,,Contact seller (Strip),₹ 100 / Strip,"<table border='1'><tr><td>Medicine brand</td><td>Minoxiheart</td></tr><tr><td>Medicine form</td><td>Tablet</td></tr><tr><td>Medicine name</td><td>Minoxidil tablets i.p 5 mg</td></tr><tr><td>Medicine price</td><td>319.00</td></tr><tr><td>Medicine strength</td><td>5 mg</td></tr><tr><td>Packaging size</td><td>10 tablets</td></tr><tr><td>Packaging type</td><td>Box</td></tr><tr><td>Salt composition</td><td>Minoxidil</td></tr><tr><td>Shelf life</td><td>Sep 2020 - feb.2023</td></tr><tr><td>Storage conditions</td><td>Store in a cool, dark place</td></tr></table>",/images/medicines/minoxidil-tablet-789297-1.jpg | /images/medicines/minoxidil-tablet-789297-2.jpg | /images/medicines/minoxidil-tablet-789297-3.jpg,,2856703789297,Minoxidil Tablet,curapex-indiamart,/catalog/minoxidil-tablet-789297,,,,,,,,,,,,,,,,,,,,,,,,,,,,,,,,,,,,,,,,,,,,,,,,,2.5 mg,,,,,,,,,,,,,,,,,,,,,,,,,,,,,,,,,,,,,,,,10*10 Tablets,Box,,,,,,,,,,,,,,,,,,,,,,,,,,,,,,,,,,,,12 Months,,,,,,,,,,,,,,,,,,,,,,,,,,,,,,,,,,,,,,,,
nicorandil-10-mg-tablets-130397,Nicorandil 10 Mg Tablets,Tablets,Nicorandil Tablets,,10 mg,,Packaging Size: 10*10 Tablets; Packaging Type: Strip,Contact seller (Box),₹ 125 / Box,Ip 10 Mg Nicorandil Tablets medicine used to treat and reduce chest pain caused by angina. It works by relaxing and widening your blood vessels and increasing the blood and oxygen supply to your heart. Your doctor will usually prescribe nicorandil when other heart medicines have not worked or are not suitable for you.,/images/medicines/nicorandil-10-mg-tablets-130397-1.jpg | /images/medicines/nicorandil-10-mg-tablets-130397-2.jpeg | /images/medicines/nicorandil-10-mg-tablets-130397-3.jpeg | /images/medicines/nicorandil-10-mg-tablets-130397-4.jpeg,,2853857130397,Nicorandil Tablet,curapex-indiamart,/catalog/nicorandil-10-mg-tablets-130397,,,,,,,,,,,,,,,,,,,,,,,,,,,,,,Made in India,,,,,,,,,,,,,,,,,,,,,,,,,,,,,,,,,,,,,,,,,,,,,,,,,,,,,,,,,,,,,,,,,,,,,,,,,,,,,,,,,,,,,,,,,,,,,,,36 months,,,,,,,,,,,10 mg,,,,,,,,,,,,,Used to prevent or reduce painful signs (angina pectoris) of your heart disease,,,,,,,Hospital,,,,,,,,,,
novonorm-2-mg-tablet-248955,Novonorm 2 Mg Tablet,Tablets,Repaglinide,Tablets,2 mg,,Packaging Size: 10x3; Packaging Type: Box,Contact seller (Stripe),₹ 500 / Stripe,"HOW TO USE NOVONORM TABLETTake this medicine in the dose and duration as advised by your doctor. Swallow it as a whole. Do not chew, crush or break it. Novonorm 2mg Tablet is to be taken empty stomach.HOW NOVONORM TABLET WORKSNovonorm 2mg Tablet is an anti-diabetic medication. It increases the amount of insulin released by the pancreas which prevents blood glucose from rising very high after meals.",/images/medicines/novonorm-2-mg-tablet-248955-1.jpeg,,2853909248955,Repaglinide Tablet,curapex-indiamart,/catalog/novonorm-2-mg-tablet-248955,,,,,,,,,,,,,,,,,,,,,,,,,,,,,,,,,,,,,,,,,,,,,,,,,,,,,,,,,,,,,,,,,,,,,,,,,,,,,,,,,,,,,,,,,,,,,,,,,,,,,,,,,,,,,,,,,,,,,,,,,,,,,36 months,,,,,,,,,,,2 mg,,,,,,,,,,,,,Used to lower blood sugar levels in adults with type 2 diabetes mellitus,,,,,,,,,,,,,,,,,
novopen-4-insulin-pen-in pen,Novopen 4 Insulin Pen,Injections,,,,Novo Nordisk,,,Price on request,Novopen 4 insulin pen is used for safe and easy insulin delivery for patients requiring insulin therapy for Diabetes.,/images/medicines/novopen-4-insulin-pen-in pen-1.webp | /images/medicines/novopen-4-insulin-pen-in pen-2.webp | /images/medicines/novopen-4-insulin-pen-in pen-3.webp,,,,novamedsolutions.in,/catalog/novopen-4-insulin-pen-in pen,,,,,,,,,Plastic with Metal,,,,,,,,,,,Blue,,Novopen,,,,,,,,,,,,,,,,,,,,,,,,,,,,,,,,,,,,,,,,,,,Type 2 Diabetes,,,,,,,,,,,,,,,,,,,Single Pen,,,,,,,,,,Reusable Pen,,,,,,,,,,,,,,,,,,,,,,,,,,,,,,,,,,,,,,,,,,,,,,,,,,,,,,,,,,,,3 ml,,,,,,,,,,,,
ovral-l-tablet-246455,Ovral L Tablet,Tablets,Levonorgestrel and Ethinyloestradiol Tablets IP,,,,Packaging Type: Strip; Pack Size: 1*21,Contact seller (Stripe),₹ 90 / Stripe,"Ovral L Tablet is a Tablet manufactured by Pfizer Ltd. It is commonly used for the diagnosis or treatment of Oral contraception, painful menstruation, recurrent miscarriage, avoid pregnancy. It has some side effects such as Rising bp, benign carcinoma, lipid disorders, blocking blood vessels.",/images/medicines/ovral-l-tablet-246455-1.jpg | /images/medicines/ovral-l-tablet-246455-2.jpg | /images/medicines/ovral-l-tablet-246455-3.jpeg,,2853909246455,Birth Control Pills,curapex-indiamart,/catalog/ovral-l-tablet-246455,,,,,,,,,,,,,,,,,,,,,,,,,,,,,,,,,,,,,,,,,,,,,,,,,,,,,,,,Tablet,,,,,,,,,,,,,,,,,,,,,,,,,,,,,,,,,,,,,,,,,,,,,,,,,,,,,,,,,,,,,,,,,,,,,,,,,,,,,,,,,,,,,,,,,,,,,Treatment of primary dysmenorrhea,,,,,,,,,,Hospital,,,,,,,
paraxin-250mg-cap-218530,PARAXIN 250MG CAP,Capsules,,,250mg,,,Contact seller (Strip),₹ 250 / Strip,"Product introductionParaXIN 250 Capsule is an antibiotic that fights bacteria. It is used to treat certain types of serious infections caused by bacteria. It works by killing the bacteria that cause these infections. However, it will not treat a viral infection.

ParaXIN 250 Capsule can be taken with or without food. You should take it regularly at evenly spaced intervals as per the schedule prescribed by your doctor. Taking it at the same time every day will help you remember to take it.

The dose will depend on what you are being treated for, but you should always complete a full course of this antibiotic as prescribed by your doctor. Do not stop taking it until you have finished the course, even when you feel better. If you stop taking it early, some bacteria may survive, and the infection may come back.

Some people may develop side effects like vomiting, nausea, and diarrhea. These side effects are usually temporary and go away during treatment as your body adjusts to the medicine. Consult your doctor if these side effects bother you or do not go away.

Before starting treatment with this medicine, you should tell your doctor if you have liver or kidney problems or if you are allergic to any antibiotics. While using it, your doctor may advise some blood tests to monitor your blood cell counts. Pregnant and breastfeeding mothers should avoid the use of ParaXIN 250 Capsule or consult their doctor.

ParaXIN 250 Capsule may cause a condition called grey baby syndrome, where the baby’s skin appears grey, and the baby is listless and weak. This may be fatal and requires immediate medical attention.",/images/medicines/paraxin-250mg-cap-218530-1.jpg | /images/medicines/paraxin-250mg-cap-218530-2.jpeg | /images/medicines/paraxin-250mg-cap-218530-3.jpeg,,2856400218530,Paraxin Capsule,curapex-indiamart,/catalog/paraxin-250mg-cap-218530,,,,,,,,,,,,,,,,,,,,,,,,,,,,,,Made in India,,,,,,,,,,,,,,,,,,,,,,,,,,,,,,,,,,,,,,,,,,,,,Abbott,,,,,,,,,,,,,,,,,,,,,,,,,,,,,,,,,,,,,,,,,,,,Chloramphenicol (250mg),,,,,,,,,,,,Store below 30°C,,,,,250mg,,,,,,,,,,,,,,,,,,,,,,,,,,,,,,
pentoxon-m-gabapentin-and-methylcobalamin-capsules-156688,Pentoxon M Gabapentin And Methylcobalamin Capsules,Capsules,,Capsule,,,Pack Size: 10 capsules; Packaging Type: Blister,,Price on request,Pentoxon M capsules containing Gabapentin and Methylcobalamin are used for the treatment of neuropathic pain and diabetic nerve damage.,/images/medicines/pentoxon-m-gabapentin-and-methylcobalamin-capsules-156688-1.webp | /images/medicines/pentoxon-m-gabapentin-and-methylcobalamin-capsules-156688-2.webp | /images/medicines/pentoxon-m-gabapentin-and-methylcobalamin-capsules-156688-3.webp,,2859592156688,,novamedsolutions.in,/catalog/pentoxon-m-gabapentin-and-methylcobalamin-capsules-156688,,,,,,,,,,,,,,,,,,,,,,,,,,,,,,,,,,,,,,,,,,,,,,,,,,,,,,,,,,,,,,,,,,,,,,,,,,,,,,,,,,,,,,,,,,,,,,,,,,Prescription,,,,,,,,,,,,,,,,,,,,,,,,,,,36 months,,,,,,,,,,,,,,,,,,,,,,,,,,,,,,Epilepsy,,,,,,,,,,,
prazopress-1mg-tablet-254191,Prazopress 1mg Tablet,Tablets,Prazosin Tablets,Tablet,1 mg,,Packaging Size: 1*10,Contact seller (Stripe),₹ 150 / Stripe,Treatment of Hypertension (high blood pressure) Treatment of Heart failure Treatment of Benign prost,/images/medicines/prazopress-1mg-tablet-254191-1.jpg,,2853909254191,Prazosin Tablet,curapex-indiamart,/catalog/prazopress-1mg-tablet-254191,,,,,,,,,,,,,,Prazopress,,,,,,,,,,,,,,,,Made in India,,,,,,,,,,,,,,,,,,,,,,,,,,,,,,,,,,,,,,,,,,Sun Pharmaceutical Industries Ltd,,,,,,,,10*10 Tablet,Box,,,,,,,,,,,,,,,,,,,,,,,Prescription,,,,,,,,,,,,,,,,,,,,,,36 months,,,,,,,,,,1 mg,,,,,,,,,,,,,,,,,,,,,,,,Treatment of Hypertension (high blood pressure) Treatment of Heart failure Treatment of Benign prost,,,,,,
prazopress-xl-5mg-tablets-130755,"Prazopress Xl 5mg Tablets, 2.5 mg",Tablets,Prazosin Hydrochloride OPS Tablets,Tablet,2.5 mg,Prazopress,Packaging Size: 5x30; Packaging Type: Box,Contact seller (Stripe),₹ 121 / Stripe,Treatment of Hypertension (high blood pressure) Treatment of Heart failure Treatment of Benign prost,/images/medicines/prazopress-xl-5mg-tablets-130755-1.jpeg | /images/medicines/prazopress-xl-5mg-tablets-130755-2.jpg | /images/medicines/prazopress-xl-5mg-tablets-130755-3.jpg,,2853857130755,Prazosin Tablet,curapex-indiamart,/catalog/prazopress-xl-5mg-tablets-130755,,,,,,,,,,,,,Prazopress,,,,,,,,,,,,,,,,,Made in India,,,,,,,,,,,,,,,,,,,,,,,,,,,,,,,,,,,,,,,,,,Sun Pharmaceutical Industries Ltd,,,,,,,,,Box,,,,,,,,,,,,,,,,,,,,,,,Prescription,,,,,,,,,,,,,,,,,,,,,,36 months,,,,,,,,,,2.5 mg,,,,,,,,,,,,,,,,,,,,,,,,Treatment of Hypertension (high blood pressure) Treatment of Heart failure Treatment of Benign prost,,,,,,
pregarica-pregabalin-300mg-capsules-255655,Pregarica Pregabalin 300mg Capsules,Capsules,Pregabalin,Capsule,300 mg,Lyrica,Packaging Size: 15 tablets,Contact seller (Box),₹ 500 / Box,"Pregarica Pregabalin 300mg Capsules is a medicine used to relieve pain caused by nerve damage (neuropathic pain) due to diabetes, shingles (herpes zoster infection), spinal cord injury, or other conditions. It is also used to treat widespread muscle pain and stiffness in people with fibromyalgia.",/images/medicines/pregarica-pregabalin-300mg-capsules-255655-1.jpg | /images/medicines/pregarica-pregabalin-300mg-capsules-255655-2.jpg | /images/medicines/pregarica-pregabalin-300mg-capsules-255655-3.jpeg,,2853909255655,Pregabalin Capsules & Tablets,curapex-indiamart,/catalog/pregarica-pregabalin-300mg-capsules-255655,,,,,,,,,,,,,Lyrica,,,,,,,,,,,,,Pregabalion Release IP,,,,Made in India,,,,,,,,,,,,,,,,,,,,,,,,,,,,,,,,,,,,,,,,,,,,,,,,,,,,,,,,,,,,,,,,,,,,,,,Prescription,,,,,,,,,,,,,,,,,,,,,,,,,,,,,,Below 30 degree,,,,,300 mg,,,,,,,,,,,,,Treating nerve pain,,,,,,,,,,,,,,,,,
progynova-1mg-tablet-910830,Progynova 1mg Tablet,Tablets,,,1 mg,,Packaging Type: Box; Pack Size: 28 Tablets,Contact seller (Box),₹ 900 / Box,Progynova 1mg Tablet is a female sex hormone  estrogen   This is a type of hormone replacement therapy  HRT  that is used to treat symptoms associated with menopause  hot flushes  vaginal dryness  and itching   estrogen deficiency  and thinning of bones  osteoporosis,/images/medicines/progynova-1mg-tablet-910830-1.jpeg | /images/medicines/progynova-1mg-tablet-910830-2.jpeg,,2852682910830,Estradiol Tablets,curapex-indiamart,/catalog/progynova-1mg-tablet-910830,,,,,,,,,,,,,,,,,,,,,,,,,,,,,,,,,,,,,,,,,,,,,,,,,,,,,,,,Tablet,,,,,,,,,,,,,,,,,,,,,,,,,,,,,,,,,,,,,,,,,,,,,,,,,,Prescription,,,,,,,,,,,,,,,,,,,,,,,,,,,,,,1 mg,,,,,,,,,,,,,Female sex hormone,,,,,,,,,,Personal,,,,,,,
quetiapine-fumarate-sr-tablets-234155,Quetiapine Fumarate Sr Tablets,Tablets,Quetiapine Fumarate SR Tablets,Tablets,100 mg,Qutan SR,,Contact seller (Stripe),₹ 120 / Stripe,"How to use Qutan Tablet PRUse it as advised by your doctor or check the label for directions before use. Qutan SR 100 Tablet may be taken with or without food, but it is better to take it at a fixed time.How Qutan Tablet PR worksQutan SR 100 Tablet is an atypical antipsychotic. It works by modulating the action of certain chemical messengers in the brain that affect thoughts.",/images/medicines/quetiapine-fumarate-sr-tablets-234155-1.jpg | /images/medicines/quetiapine-fumarate-sr-tablets-234155-2.jpg | /images/medicines/quetiapine-fumarate-sr-tablets-234155-3.jpg,,2853909234155,Quetiapine Tablet,curapex-indiamart,/catalog/quetiapine-fumarate-sr-tablets-234155,,,,,,,,,,,,,Qutan SR,,,,,,,,,,,,,,,,,,,,,,,,,100 mg,,,,,,,,,,,,,,,,,,,,,,,,,,,,,,,,,,,,,,,,,,,,,,,,,,,,,,,,,,,,,,,,,,,,Prescription,,,,,,,,,,,,,,,,,,,,,,,,,,,,,,,,,,,,,,,,,,,Treatment of schizophrenia,,,,,,,,,,,,,,,,,
rabipur-rabies-vaccine-injection-159333,Rabipur Rabies Vaccine Injection,Injections,,,2.5 IU,Rabipur,Pack Size: 1 vial,,Price on request,Rabipur Rabies Vaccine Injection is widely prescribed for patients dealing with general therapeutic disorders. Rabipur Rabies Vaccine injection is used for prevention of Rabies after animal bites or exposure.,/images/medicines/rabipur-rabies-vaccine-injection-159333-1.png | /images/medicines/rabipur-rabies-vaccine-injection-159333-2.jpg,,2859592159333,,novamedsolutions.in,/catalog/rabipur-rabies-vaccine-injection-159333,,,,,,,,,,,,,,,,,,,,,,,,,,,,,,,,,,,,,,,,,,,,,,IM,,,,,,,,,,,,Injection,,,,,,,,,,,,,,,,,,,,,,,,,,,,,,,,,,,,,,,,Prescription,,,,,,,,,,,,,,,,,,,,,,,,,,,24 months,,,,,,,,,2 to 8 °C,,,,,,,,,,,,,,,,,,,,,Human,,,,,,,,1 ml,,,
retino-a-micro-0-04-gel-243062,Retino A Micro 0.04 Gel,Creams,Tretinoin Microsphere Gel,Cream,,,Packaging Size: 15 g; Packaging Type: Tube,Contact seller (Piece),₹ 89 / Piece,"Retino A Micro 0.04 Gel contains Tretinoin, which belongs to the group of medicines called Retinoids. It is used to treat acne. It can also be used to treat wrinkles, skin spots and rough skin.",/images/medicines/retino-a-micro-0-04-gel-243062-1.jpeg | /images/medicines/retino-a-micro-0-04-gel-243062-2.jpeg | /images/medicines/retino-a-micro-0-04-gel-243062-3.jpeg,,2853909243062,Retino A Creams,curapex-indiamart,/catalog/retino-a-micro-0-04-gel-243062,,,,,,,,,,,,,,,,,,,,,,,,,,,,,,Made in India,,,,,,,,,,,,,,,,,,,,,,,,,,,,,,,,,,,,,,,,,,,,,,,,,,,,,,,,,,,,,,,,,,,,,,,,,,,,,,,,,,,,,,,,,,,,,,,36 months,,,,,,,,,,,,,,,,,,,,,,,,"Treat acne which appears as spots or pimples on your face, chest, or back",,,,,,,,,,Personal,,,,,,,
retino-a-micro-0-1-gel-245162,"Retino A Micro 0.1 Gel, 0.025%",Creams,Tretinoin Microsphere Gel,Cream,0.025%,,Packaging Size: 15 g; Packaging Type: Tube,Contact seller (Pack),₹ 100 / Pack,"Retino A Micro 0.1% Gel is a form of vitamin A that is used to treat acne which appears as spots or pimples on your face, chest, or back. It also helps to smooth rough facial skin and to reduce fine wrinkles on the skin.",/images/medicines/retino-a-micro-0-1-gel-245162-1.jpg | /images/medicines/retino-a-micro-0-1-gel-245162-2.jpeg | /images/medicines/retino-a-micro-0-1-gel-245162-3.jpeg | /images/medicines/retino-a-micro-0-1-gel-245162-4.jpeg,,2853909245162,Retino A Creams,curapex-indiamart,/catalog/retino-a-micro-0-1-gel-245162,,,,,,,,,,,,,,,,,Allopathic,,,,,,,,,,,,,Made in India,,,,,,,,,,,,,,,,,,,,,,,,,,,,,,,,,,,,,,,,,,,,,,,,,,,,,,,,,,,,,,,,,,,,,,,,,,,,,,,,,,,,,,,,,,,,,,,36 months,,,,,,,,,,,0.025%,,,,,,,,,,,,,"Treat acne which appears as spots or pimples on your face, chest, or back",,,,,,,,,,Personal,,,,,,,
rosuvastatin-10mg-254248,Rosuvastatin 10mg,Capsules,Rosuvastatin Tablets IP,,10 mg,Rosuvas,Packaging Type: Box,Contact seller (Box),₹ 450 / Box,"HOW TO USE ROSUVAS TABLETTake this medicine in the dose and duration as advised by your doctor. Swallow it as a whole. Do not chew, crush or break it. Rosuvas 10 Tablet may be taken with or without food, but it is better to take it at a fixed time.HOW ROSUVAS TABLET WORKSRosuvas 10 Tablet is a lipid-lowering medication (statin). It works by blocking an enzyme (HMG-CoA-reductase) that is required by the body to make cholesterol, thereby lowering ""bad"" cholesterol (LDL) and triglycerides and raising ""good"" cholesterol (HDL).",/images/medicines/rosuvastatin-10mg-254248-1.jpg | /images/medicines/rosuvastatin-10mg-254248-2.jpeg | /images/medicines/rosuvastatin-10mg-254248-3.jpeg,,2853909254248,Rosuvastatin Capsules,curapex-indiamart,/catalog/rosuvastatin-10mg-254248,,,,,,,,,,,,,Rosuvas,,,,,,,,,,,,,,,,,,,,,,,,,,,,,,,,,,,,,,,,,,,,,,,,,,,,,,,,,,,Sun Pharmaceutical Industries Ltd,,,,,,,,,,,,,,,,,,,,,,,,,,,,,,,,,,,,,,,,,,,,,,,,,,,,,36 months,,,,,,,,,,,10 mg,,,,,,,,,,,,,Cholesterol levels and for correcting abnormal blood cholesterol levels,,,,,,,,,,,,,,,,,
secnil-forte-tablet-220597,Secnil Forte Tablet,Tablets,,,1 g,Secnil Forte Tablet,Packaging Type: Strip,Contact seller (Box),₹ 300 / Box,"How to use Secnil TabletTake this medicine in the dose and duration as advised by your doctor. Swallow it as a whole. Do not chew, crush or break it. Secnil Forte Tablet may be taken with or without food, but it is better to take it at a fixed time.How Secnil Tablet worksSecnil Forte Tablet is an antibiotic used to treat certain bacterial and parasite infections. It works by damaging the DNA of the infection-causing microorganisms, which stops them from growing and causes them to die.",/images/medicines/secnil-forte-tablet-220597-1.jpg | /images/medicines/secnil-forte-tablet-220597-2.jpg | /images/medicines/secnil-forte-tablet-220597-3.jpg,,2856400220597,Secnil Forte Tablet,curapex-indiamart,/catalog/secnil-forte-tablet-220597,,,,,,,,,,,,,Secnil Forte Tablet,,,,,,,,,,,,,,,,,,,,,,,,,,,,,,,,,,,,,,,,,,,,,,,,,,,,,,,,,,,Abbott,,,,,,,,,,,,,,,,,,,,,,,,,,,,,,,,,,,,,,,,,,,,,,,,,,,,,36 months,,,,,,,,,,,1 g,,,,,,,,,,,,,,,,,,,,Personal,,,,,,,,,,
baclosign-10-mg-tablets-602388,"Signature Baclosign 10 Mg Tablets, Packaging Type: 10*10",Tablets,Baclofen IP,,10 mg,Signature,Packaging Size: 10x10 Tablets; Packaging Type: Box,Contact seller (Box),₹ 500 / Box,"Baclosign 10 Mg Tablets is a muscle relaxer. It is used to treat muscular symptoms such as rigidity, tension, and stiffness that may occur due to various conditions such as cerebral palsy, multiple sclerosis, motor neuron disease, or injury to the head, brain, or spine.",/images/medicines/baclosign-10-mg-tablets-602388-1.png | /images/medicines/baclosign-10-mg-tablets-602388-2.jpeg | /images/medicines/baclosign-10-mg-tablets-602388-3.jpeg | /images/medicines/baclosign-10-mg-tablets-602388-4.png | /images/medicines/baclosign-10-mg-tablets-602388-5.jpeg,,2853684602388,Baclofen Tablets,curapex-indiamart,/catalog/baclosign-10-mg-tablets-602388,,,,,,,,,,,,,Signature,,,,,,,,,,,,,,,,,Made in India,,,,,,,,,,,,,,,,,,,,,,,,,,,,,,,,,,,,,,,,,,,,,,,,,,,,,,,,,,,,,,,,,,,,,,,,,,Prescription,,,,,,,,,,,,,,,,,,,,,24 months,,,,,,,,,,,10 mg,,,,,,,,,,,,,"Treat muscular symptoms such as rigidity, tension, and stiffness",,,,,,,,,,,,,,,,,
silvitra-120mg-tab-309055,SILVITRA 120MG TAB,Tablets,,Tablet,100mg + 20mg,,Packaging Type: Box,Contact seller (Strip),₹ 250 / Strip,"Seek medical attention if the erection persists for more than 4 hours after sexual intercourse.

Do not use Sildenafil if you have recently taken nitrates (medicines used in angina or chest pain).

Do not take it if you have had a heart attack in the past 3 months, or stroke or heart failure in the past 6 months.",/images/medicines/silvitra-120mg-tab-309055-1.jpg | /images/medicines/silvitra-120mg-tab-309055-2.jpg | /images/medicines/silvitra-120mg-tab-309055-3.jpg | /images/medicines/silvitra-120mg-tab-309055-4.jpg,,2856400309055,Silvitra Tablet,curapex-indiamart,/catalog/silvitra-120mg-tab-309055,,,,,,,,,,,,,,,,,,,,,,,,,,,,,,,,,,,,,,,,,,,,,,,,,,,Sildenafil & Vardenafil,,,,,,,,,,,,,,,,,,,,,RSM Enterprises,,,,,,,,,,,,,,,,,,,,,,,,,,,,,,,,,Prescription,,,,,,,,,,,,,,,,,,,,,,,,,,,,,,,100mg + 20mg,,,,,,,10 Tablets,,,,,,,,,,,,,,,,,,,,,,,
sitagliptin-50-mg-tablets-131148,Sitagliptin 50 Mg Tablets,Tablets,Sitagliptin 50mg,Tablets,,Januvia,Packaging Type: Box; Pack Size: 10 x 7 Tablets,Contact seller (Box),₹ 232 / Box,Sitagliptin is used along with diet and exercise and sometimes with other medications�to lower blood sugar levels in adults with type 2 diabetes�(condition in which blood sugar is too high because the body does not produce or use insulin normally).,/images/medicines/sitagliptin-50-mg-tablets-131148-1.jpeg,,2853857131148,Sitagliptin Tablet,curapex-indiamart,/catalog/sitagliptin-50-mg-tablets-131148,,,,,,,,,,,,,Januvia,,,,,,,,,,,,,,,,,,,,,,,,,,,,,,,,,,,,50 mg,,,,,,,,,,,,,,,,,,,,,,,,,,,,,,,,,,,,,,,,,,,,,,,,,,,,,,,Prescription,,,,,,,,,,,,,,,,,,,,,36 months,,,,,,,,,,,,,,,,,,,,,,,,,,,,,,,,,,Personal,,,,,,,
sitagliptin-metformin-istamet-tablet-249312,"Sitagliptin Metofrmin Istamet Tablet, 50 mg",Tablets,Sitagliptin (50mg) + Metformin (500mg),Tablets,,,Packaging Size: 1*10 Tablets; Packaging Type: Box,Contact seller (Stripe),₹ 86 / Stripe,Sitagliptin Metformin Istamet Tablet is a combination of Metformin and Sitagliptin which belongs to the group of medicines called Antidiabetic agents. It is used to control blood sugar levels in patients with Type II diabetes mellitus along with proper diet and exercise.,/images/medicines/sitagliptin-metformin-istamet-tablet-249312-1.jpg | /images/medicines/sitagliptin-metformin-istamet-tablet-249312-2.png,,2853909249312,Sitagliptin Tablet,curapex-indiamart,/catalog/sitagliptin-metformin-istamet-tablet-249312,,,,,,Pharmaceutical Third Party Manufacturing,,,,,,,,,,,,,,,,,,,,,,,,,,,,,,,,,,,,,,,,,,,50 mg,,,,,,,,,,,,,,,,,,,,,,,Sun pharma,,,,,,,,,,,,,,,,,,,,,,,,,,,,,,,,Prescription,,,,,,,,,,,,,,,,,,,,,36 months,,,,,,,,,,,,,,,,,,,,,,,,,,,,,,Treatment of Type 2 diabetes mellitus,,,,Personal,,,,,,,
slimtop-orlistat-120mg-capsule-910112,Slimtop Orlistat 120mg Capsule,Capsules,Orlistat Capsules USP,,120 mg,,Pack Size: 10*10 Capsules,Contact seller (Stripe),₹ 320 / Stripe,Slimtop Orlistat 120mg Capsule is a medicine used in the treatment of obesity  It helps the body in blocking the absorption of fats from the small intestines and stomach,/images/medicines/slimtop-orlistat-120mg-capsule-910112-1.jpg | /images/medicines/slimtop-orlistat-120mg-capsule-910112-2.jpg | /images/medicines/slimtop-orlistat-120mg-capsule-910112-3.jpeg,,2852682910112,Orlistat Capsules,curapex-indiamart,/catalog/slimtop-orlistat-120mg-capsule-910112,,,,,,,,,,,,,,,,,,,,,,,,,,,,,,Made in India,,,,,,,,,,,,,,,,,,,,,,,,,,,,,,,,,,,,,,,,,,,,,,,,,,,Strip,,,,,,,,,,,,,,,,,,,,,,,,Prescription,,,,,,,,,,,,,,,,,,,,,,,,,,,,,,,120 mg,,,,,,,,,,,,,,,,,,,,,,,,For weight loss and weight management,,,,,,
sofosbuvir-400-mg-253412,Sofosbuvir 400 Mg,Tablets,Sofosbuvir Tablets,Tablet,,Resof,Packaging Size: 28 Tablets; Packaging Type: Bottle,Contact seller (Pack),"₹ 14,999 / Pack",Resof 400mg Tablet is an antiviral medication. It is used along with other medications for the treatment of chronic hepatitis C virus (HCV) infection. It works by lowering a load of hepatitis C virus in the body and removing the virus from the blood over a period of time.,/images/medicines/sofosbuvir-400-mg-253412-1.jpeg | /images/medicines/sofosbuvir-400-mg-253412-2.jpg | /images/medicines/sofosbuvir-400-mg-253412-3.jpg,,2853909253412,Sofosbuvir Tablets,curapex-indiamart,/catalog/sofosbuvir-400-mg-253412,,,,,,,,,,,,,Resof,,,,,,,,,,,,,,,,,Made in India,,,,,,,,,,,,,,,,,,,400 mg,,,,,,,,,,,,,,,,,,,,,,Dr Reddy's Laboratories Ltd,,,,,,,,,,,,,,,,,,,,,,,,,,,,,,,,,Prescription,,,,,,,,,,,,,,,,,,,,,,36 months,,,,,,,,,,,,,,,,,,,,,,,Chronic hepatitis C virus (HCV) infection,,,,,,,,,,,,,,,,,
solifenacin-succinate-5-mg-tablet-129997,"Soliten 5mg Solifenacin Succinate 5 Mg Tablet, Packaging Size: 3*10 Tablets",Tablets,Solifenacin Succinate Tablet,,5 mg,Soliten 5mg,Packaging Size: 3*10 Tablets,Contact seller (Stripe),₹ 230 / Stripe,"HOW TO USE SOLITEN TABLETTake this medicine in the dose and duration as advised by your doctor. Swallow it as a whole. Do not chew, crush or break it. Soliten 5mg Tablet may be taken with or without food, but it is better to take it at a fixed time.HOW SOLITEN TABLET WORKSSoliten 5mg Tablet is an antimuscarinic. It works by relaxing muscles of the urinary bladder to prevent frequent, urgent or uncontrolled urination.",/images/medicines/solifenacin-succinate-5-mg-tablet-129997-1.jpeg | /images/medicines/solifenacin-succinate-5-mg-tablet-129997-2.jpeg | /images/medicines/solifenacin-succinate-5-mg-tablet-129997-3.jpg | /images/medicines/solifenacin-succinate-5-mg-tablet-129997-4.jpg,,2853857129997,Solifenacin Succinate,curapex-indiamart,/catalog/solifenacin-succinate-5-mg-tablet-129997,,,,,,,,,,,,,Soliten 5mg,,,,,,,,,,,,,,,,,Made in India,,,,,,,,,,,,,,,,,,,,,,,,,,,,,,,,,,,,,,,,,,Sun Pharmaceutical Industries Ltd,,,,,,,,,,,,,,,,,,,,,,,,,,,,,,,,Prescription,,,,,,,,,,,,,,,,,,,,,,,,,,,,,,,,5 mg,,,,,,,,,,,,,Treat bladder problems,,,,,,,,,,,,,,,,,
soranib-200-mg-tablet-239462,"Soranib 200 Mg Tablet, Packaging Size: 30 Tablets",Tablets,Sorafenib Tablets,Tablet,200 mg,,Packaging Size: 30 Tablets,Contact seller (Bottle),"₹ 1,600 / Bottle","HOW TO USE SORANIB TABLETTake this medicine in the dose and duration as advised by your doctor. Swallow it as a whole. Do not chew, crush or break it. Soranib Tablet is to be taken empty stomach.",/images/medicines/soranib-200-mg-tablet-239462-1.jpeg | /images/medicines/soranib-200-mg-tablet-239462-2.png | /images/medicines/soranib-200-mg-tablet-239462-3.jpeg | /images/medicines/soranib-200-mg-tablet-239462-4.jpeg,,2853909239462,Sorafenib Tablets,curapex-indiamart,/catalog/soranib-200-mg-tablet-239462,,,,,,,,,,,,,,,,,,,,,,,,,,,,,,Made in India,,,,,,,,,,,,,,,,,,,,,,,,,,,,,,,,,,,,,,,,,,,,,,,,,,,,,,,,,,,,,,,,,,,,,,,,,,,,,,,,,,,,,,,,,,,,,,,,,,,,,,,,,,200 mg,,,,,,,,,,,,,Treatment of liver cancer,,,,,,,,,,Personal,,,,,,,
suhagra-100-mg-tablets-190491,Suhagra 100 Mg Tablets,Tablets,,,100 mg,,Packaging Size: 4 Tablets; Packaging Type: Stripe,Contact seller (Strip),₹ 250 / Strip,"Suhagra 100 Tablet is a prescription medicine used to treat erectile dysfunction (impotence) in men. It works by increasing blood flow to the penis. This helps men to get or maintain an erection. It belongs to a group of medicines known as phosphodiesterase type 5 (PDE 5) inhibitors.

Suhagra 100 Tablet may be taken on an empty stomach or with a meal. It should be strictly taken as advised by your doctor. You should take about 1 hour before you plan to have sex. The amount of time it takes to work varies from person to person, but it normally takes between 30 minutes and 1 hour. This medicine will only help you to get an erection if you are sexually stimulated. However, you should not take this medicine if you do not have erectile dysfunction. It should not be taken more than once a day.

The most common side effects of this medicine are flushing (sense of warmth), headache, dizziness, blurred vision, muscle pain, stomach upset, and rash. Talk to your doctor if any of the side effects bother you or do not go away. They may be able to help by changing the dosage or prescribing you an alternate medicine.

Suhagra 100 Tablet is not intended for use by women and men should avoid using any other medicines to treat impotence without talking to a doctor first. It can be dangerous to take it along with medicines called nitrates (often given for chest pain or angina). Do not take this medicine if you have severe heart or liver problems, have recently had a stroke or heart attack or if you have low blood pressure. Let your doctor know if you suffer from these or any other health problems before taking it. You should not drive if this medicine makes you feel dizzy. Avoid drinking alcohol while taking this medicine as it increases the chances of side effects.",/images/medicines/suhagra-100-mg-tablets-190491-1.jpeg | /images/medicines/suhagra-100-mg-tablets-190491-2.jpg,,2857508190491,Suhagra Tablets,curapex-indiamart,/catalog/suhagra-100-mg-tablets-190491,,,,,,,,,,,,,,,,,,,,,,,,,,,,,,Made in India,,,,,,,,,,,,,,,,,,,,,,,,,,,,,,,,,,,,,,,,,,Cipla,,,,,,,,,,,,,,,,,,,,,,,,,,,,,,,,Non prescription,,,,,,,,,,,,,,,,,,,,,,,,,,,,,,,,100 mg,,,,,,,,,,,,,,,,,,,,,,,,,,,,,,
sunitinib-malate-50mg-capsules-229512,"Sunitinib Malate 50mg Capsules, Strength: 25 mg",Capsules,Sunitinib Malate Capsules,Tablet,25 mg,,,Contact seller (Box),"₹ 1,750 / Box","Sunitinib is an anti-cancer medication. It works by binding and blocking certain cell surface protein (tyrosine kinase) responsible for the propagation of cancer growth. It also restricts the growth of new blood vessels within the tumor. This is how it prevents the proliferation of malignant cancers.Common side effects of SunitinibNausea, Vomiting, Weakness, Rash, Abdominal pain, Fatigue, Fever, Bleeding, High blood pressure, Diarrhea, Constipation, Back pain, Weight loss, Cough, Taste change, Breathlessness, Decreased level of thyroid hormones, Muscle pain, Insomnia (difficulty in sleeping), Hair loss, Decreased appetite, Flatulence, Mucositis, Skin discoloration, Hand-foot-and-mouth disease, Change in color of hair, Decreased white blood cell count (neutrophils), Decreased white blood cell count (lymphocytes), Increased aspartate aminotransferase, Increased alanine aminotransferase, Increased bilirubin in the blood, Increased lipase in the blood, Increased creatinine level in blood, Decreased in left ventricular ejection fraction, Decreased potassium level in blood, Increased sodium level in blood, Dryness in mouth, Mouth pain, Tongue pain, Piles, Pain in extremity, Nasopharyngitis (inflammation of the throat and nasal passages)",/images/medicines/sunitinib-malate-50mg-capsules-229512-1.jpeg | /images/medicines/sunitinib-malate-50mg-capsules-229512-2.jpg | /images/medicines/sunitinib-malate-50mg-capsules-229512-3.jpg,,2853909229512,Sunitinib Malate Capsules,curapex-indiamart,/catalog/sunitinib-malate-50mg-capsules-229512,,,,,,,,,,,,,,,,,,,,,,,,,,,,,,Made in India,,,,,,,,,,,,,,,,,,,,,,,,,,,,,,,,,,,,,,,,,,,,,,,,,,,,,,,,,,,,,,,,,,,,,,,,,,Prescription,,,,,,,,,,,,,,,,,,,,,,,,,,,,,,,,25 mg,,,,,,,,,,,,,Treat certain types of cancer,,,,,,,,,,Hospital,,,,,,,
super-vidalista-80-mg-tablets-254330,"Super Vidalista 80 Mg Tablets, Strength: 20Mg + 60Mg",Tablets,,,20mg + 60mg,Super Vidalista 80mg,Packaging Type: Box; Pack Size: 10X10 Tablets,Contact seller (Strip),₹ 190 / Strip,"HOW TO USE VIDALISTA TABLETTake this medicine in the dose and duration as advised by your doctor. Swallow it as a whole. Do not chew, crush or break it. Vidalista 80 Tablet may be taken with or without food, but it is better to take it at a fixed time.HOW VIDALISTA TABLET WORKSVidalista 80 Tablet is a phosphodiesterase (PDE-5) inhibitor. It works in erectile dysfunction by increasing blood flow to the penis by relaxing the muscles in penile blood vessels. Vidalista 80 Tablet also relaxes or widens the blood vessels inside the lungs. When the blood vessels relax and widen, it’s easier for the heart to pump blood through the lungs, which reduces blood pressure in the lungs.",/images/medicines/super-vidalista-80-mg-tablets-254330-1.jpg | /images/medicines/super-vidalista-80-mg-tablets-254330-2.jpg | /images/medicines/super-vidalista-80-mg-tablets-254330-3.jpeg,,2856400254330,Tadalafil & Dapoxetine Tablets,curapex-indiamart,/catalog/super-vidalista-80-mg-tablets-254330,,,,,,,,,,,,,Super Vidalista 80mg,,,,,,,,,,,,,,,,,,,,,,,,,,,,,,,,,,,,,,,,,,,,,,,,,,,,,,,,,,,Centurion Lab,,,,,,,,,,,,,,,,,,,,,,,,,,,,,,,,,,,,,,,,,,,,,,,,,,,,,,,,,,,,,,,,20mg + 60mg,,,,,,,,,,,,,,,,,,,,,,,,,,,,,,
super-vilitra-vardenafil-dapoxetine-254530,"Super Vilitra Vardenafil Dapoxetine, Strength: 60mg",Tablets,,,60mg,,Packaging Type: Strips; Pack Size: 1*10 Tablets,Contact seller (Strip),₹ 250 / Strip,"Vidalista tablet is used for the treatment of erectile dysfunction and benign prostate hyperplasia (BPH) in men. It contains tadalafil as its active ingredient. This medication works by increasing blood flow to the male genital organ, the penis, and, along with sexual stimulation, helps to achieve the desired erection. Take this medicine according to your doctor's advised dose and duration. You can take this medicine with or without food.

The most common side effects of this medicine include flushing, headache, blurred vision, muscle pain, upset stomach, nausea, back pain, and respiratory tract infections. Consult your doctor if the side effects are troublesome or persist.

Vidalista tablet can be dangerous to take alongside medicines known as nitrates (often prescribed for chest pain). Do not take this medicine if you have severe heart or liver problems, if you have recently had a stroke or heart attack, or if you suffer from low blood pressure. Inform your doctor if you have any of these or other health issues before taking it.Vidalista tablet is used for the treatment of erectile dysfunction and benign prostate hyperplasia (BPH) in men. It contains tadalafil as its active ingredient. This medication works by increasing blood flow to the male genital organ, the penis, and, along with sexual stimulation, helps to achieve the desired erection. Take this medicine according to your doctor's advised dose and duration. You can take this medicine with or without food.

The most common side effects of this medicine include flushing, headache, blurred vision, muscle pain, upset stomach, nausea, back pain, and respiratory tract infections. Consult your doctor if the side effects are troublesome or persist.

Vidalista tablet can be dangerous to take alongside medicines known as nitrates (often prescribed for chest pain). Do not take this medicine if you have severe heart or liver problems, if you have recently had a stroke or heart attack, or if you suffer from low blood pressure. Inform your doctor if you have any of these or other health issues before taking it.",/images/medicines/super-vilitra-vardenafil-dapoxetine-254530-1.jpg | /images/medicines/super-vilitra-vardenafil-dapoxetine-254530-2.jpeg | /images/medicines/super-vilitra-vardenafil-dapoxetine-254530-3.jpeg,,2856400254530,Vardenafil Tablets,curapex-indiamart,/catalog/super-vilitra-vardenafil-dapoxetine-254530,,,,,,,,,,,,,,,,,,,,,,,,,,,,,,,,,,,,,,,,,,,,,,,,,,,,,,,,,,,,,,,,,,,,,,,,Centurion Laboratories Pvt. Ltd.,,,,,,,,,,,,,,,,,,,,,,,,,,,,,,,,,,,,,,,,,,,,,,,,,,,,,,,,,,,,,,,,60mg,,,,,,,,,,,,,Treat erectile dysfunction,,,,,,,,,,,,,,,,,
olisat-60-capsule-245855,Tablet Olisat 60 Capsule,Capsules,Olisat Capsule USP,Tablet,60 mg,,Pack Size: 1*10 Capsules,Contact seller (Stripe),₹ 150 / Stripe,Olisat 60 Capsule is a medicine used in the treatment of obesity. It helps the body in blocking the absorption of fats from the small intestines and stomach. This way it can help reduce calorie intake and weight loss over time.,/images/medicines/olisat-60-capsule-245855-1.jpg | /images/medicines/olisat-60-capsule-245855-2.png | /images/medicines/olisat-60-capsule-245855-3.jpg,,2853909245855,Orlistat Capsules,curapex-indiamart,/catalog/olisat-60-capsule-245855,,,,,,,,,,,,,,,,,,,,,,,,,,,,,,Made in India,,,,,,,,,,,,,,,,,,,,,,,,,,,,,,,,,,,,,,,,,,,,,,,,,,,Strip,,,,,,,,,,,,,,,,,,,,,,,,Prescription,,,,,,,,,,,,,,,,,,,,36 Months,,,,,,,,,,,60 mg,,,,,,,,,,,,,,,,,,,,,,,,For weight loss and weight management,,,,,,
tadaflo-tadafill-tablets-248630,Tadaflo Tadafill Tablets,Tablets,Tadalafil 10 mg,Tablets,5 mg,Tadaflo,Packaging Type: Strip; Pack Size: 1*10 Tablets,Contact seller (Stripe),₹ 550 / Stripe,Tadaflo 5 Tablet has two main uses. The most common is to treat erectile dysfunction in men. It increases blood flow to the penis to help men get an erection. It is also used in the treatment of benign prostate hyperplasia (BPH).,/images/medicines/tadaflo-tadafill-tablets-248630-1.png | /images/medicines/tadaflo-tadafill-tablets-248630-2.jpg | /images/medicines/tadaflo-tadafill-tablets-248630-3.jpeg | /images/medicines/tadaflo-tadafill-tablets-248630-4.jpeg,,2853909248630,Tadalafil Tablets,curapex-indiamart,/catalog/tadaflo-tadafill-tablets-248630,,,,,,,,,,,,,Tadaflo,,,,,,,,,,,,,,,,,Made in India,,,,,,,,,,,,,,,,,,,,,,,,,,,,,,,,,,,,,,,,,,Cipla,,,,,,,,,,,,,,,,,,,,,,,,,,,,,,,,,,,,,,,,,,,,,,,,,,,,,36 Months,,,,,,,,,,,5 mg,,,,,,,,,,,,,,,,,,,,,,,,To treat erectile dysfunction,,,,,,
tadalista-40-mg-313233,Tadalista 40 mg,Tablets,,,40mg,TADALISTA T,Packaging Type: Strip; Pack Size: 10*10 Tablets,Contact seller (Strip),₹ 200 / Strip,"Tadalista is a popular prescription-based ED pill which should never be consumed without proper consultation with your healthcare provider.

Following are some of the general guidelines you should keep in mind while taking Tadalista:

Take Tadalista about 30-60 minutes before planned sexual activity

Swallow the tablet with water or juice; do not crush, chew, or break it

It can be taken with or without food, but taking it on an empty stomach provides faster absorption

Do not take more than one tablet of Tadalista within a 24-hour period",/images/medicines/tadalista-40-mg-313233-1.jpg | /images/medicines/tadalista-40-mg-313233-2.jpg | /images/medicines/tadalista-40-mg-313233-3.jpeg,,2856400313233,Tadalafil Tablets,curapex-indiamart,/catalog/tadalista-40-mg-313233,,,,,,,,,,,,,TADALISTA T,,,,,,,,,,,,,,,,,,,,,,,,,,,,,,,,,,,,,,,,,,,,,,,,,,,,,,,,,,,FORTUNE HEALTH CURE,,,,,,,,,,,,,,,,,,,,,,,,,,,,,,,,,,,,,,,,,,,,,,,,,,,,,,,,,,,,,,,,40mg,,,,,,,,,,,,,,,,,,,,,,,,,,,,,,
tadaza-tadalafil-dapoxetine-hcl-tablet-191491,Tadaza Tadalafil Dapoxetine HCL Tablet,Tablets,,Tablet,20mg/60mg,Tadaza,Packaging Size: 4 Tablets; Packaging Type: Blister Pack,,Price on request,Tadaza tablets containing Tadalafil and Dapoxetine HCL are used for erectile dysfunction and premature ejaculation treatment.,/images/medicines/tadaza-tadalafil-dapoxetine-hcl-tablet-191491-1.webp | /images/medicines/tadaza-tadalafil-dapoxetine-hcl-tablet-191491-2.webp | /images/medicines/tadaza-tadalafil-dapoxetine-hcl-tablet-191491-3.webp,,2859592191491,,novamedsolutions.in,/catalog/tadaza-tadalafil-dapoxetine-hcl-tablet-191491,,,,,,,,,,,,,,,,,,,,,,,,,,,,,,,,,,,,,,,,,,,,,,,,,,,,,,,,,,,,,,,,,,,,,,,,Linux,,,,,,,,,,,,,,,,,,,,,,,,,,,Prescription,,,,,,,,,,,,,,,,,,,,,,,,,,,,,,,,,,,,,,,,,,,,,,,,,,,,,,,,,,,,,,,,,,,
tamodex-tamoxifen-20mg-tablets-229733,Tamodex Tamoxifen 20mg Tablets,Tablets,,Tablet,,,,Contact seller (Box),₹ 86 / Box,20 Mg Tamoxifen Tablet is used in the treatment of breast cancer. It is also used to reduce the risk of breast cancer in pre- and postmenopausal women with a high risk. This medicine helps to slow down the growth and multiplication of cancer cells.,/images/medicines/tamodex-tamoxifen-20mg-tablets-229733-1.jpeg | /images/medicines/tamodex-tamoxifen-20mg-tablets-229733-2.jpg | /images/medicines/tamodex-tamoxifen-20mg-tablets-229733-3.jpeg | /images/medicines/tamodex-tamoxifen-20mg-tablets-229733-4.jpeg,,2853909229733,Tamoxifen Citrate Tablet,curapex-indiamart,/catalog/tamodex-tamoxifen-20mg-tablets-229733,,,,,,,,,,,,,,,,,,,,,,,,,,,Tamoxifen  Tablets IP,,,Made in India,,,,,,,,,,,,20 mg,,,,,,,,,,,,,,,,,,,,,,,,,,,,,,,,,,,,,,,,,,,,,,,,,,,,,,,,,,,,,,Prescription,,,,,,,,,,,,,,,,,,,,,,,,,,,,,,,,,,,,,,,,,,,,,Used to treat breast cancer,,,,,,,,,,Hospital,,,,,,,
tamsulosin-hydrochloride-modified-release-tablets-131291,"Tamsulosin Hydrochloride Modified Release Tablets, 0.4 mg",Tablets,Tamsulosin Hydrochloride Modified Release Tablets,,0.4 mg,,Packaging Size: 10*10 Tablets; Packaging Type: Strips,Contact seller (Stripe),₹ 402 / Stripe,"Tamsulosin is used in men to treat the symptoms of an enlarged prostate (benign prostatic hyperplasia or BPH) which include difficulty urinating (hesitation, dribbling, weak stream, and incomplete bladder emptying), painful urination, and urinary frequency and urgency.",/images/medicines/tamsulosin-hydrochloride-modified-release-tablets-131291-1.jpg | /images/medicines/tamsulosin-hydrochloride-modified-release-tablets-131291-2.jpg,,2853857131291,Tamsulosin Hydrochloride Tablet,curapex-indiamart,/catalog/tamsulosin-hydrochloride-modified-release-tablets-131291,,,,,,,,,,,,,,,,,,,,,,,,,,,,,,Made in India,,,,,,,,,,,,,,,,,,,,,,,,,,,,,,,,,,,,,,,,,Healing Pharma,,,,,,,,,,,,,,,,,,,,,,,,,,,,,,,,,,,,,,,,,,,,,,,,,,,,,,,,,,,,,,,,,0.4 mg,,,,,,,,,,,,,Treat all such symptoms related to urine flow in patients with benign enlargement of the prostate gl,,,,,,,,,,,,,,,,,
tastylia-20-mg-tablet-353797,Tastylia 20 Mg Tablet,Tablets,,,20mg,Tastylia 20 Mg Tablet,Packaging Type: Strip; Pack Size: 1*10 Tablets,Contact seller (Strip),₹ 250 / Strip,"TASTYLIA 20MG ODS contains Tadalafil, used to treat erectile dysfunction (ED) and benign prostatic hyperplasia (BPH) symptoms by relaxing muscles and improving blood flow.",/images/medicines/tastylia-20-mg-tablet-353797-1.jpg | /images/medicines/tastylia-20-mg-tablet-353797-2.jpg | /images/medicines/tastylia-20-mg-tablet-353797-3.jpeg,,2856400353797,Pharmaceutical Tablets,curapex-indiamart,/catalog/tastylia-20-mg-tablet-353797,,,,,,,,,,,,,Tastylia 20 Mg Tablet,,,,,,,,,,,,,,,,,,,,,,,,,,,,,,,,,,,,,,,,,,,,,,,,,,,,,,,,,,,Healing pharma,,,,,,,,,,,,,,,,,,,,,,,,,,,,,,,,,,,,,,,,,,,,,,,,,,,,,,,,,,,,,,,,20mg,,,,,,,,,,,,,,,,,,,,,,,,,,,,,,
telmavas-h-telmisartin-tablet-254555,"Telmavas-H Telmisartin Tablet, 20 mg",Tablets,Telmisartin And Hydrochlorothiazide Tablets IP,Tablet,,Telmavas-H,,Contact seller (Box),₹ 101 / Box,"Telmavas H-Tablet contains two medicines, both of which help to control high blood pressure. It is generally used when one medicine alone is not controlling the blood pressure effectively. Lowering blood pressure helps to reduce your risk of having a heart attack or a stroke in the future.",/images/medicines/telmavas-h-telmisartin-tablet-254555-1.jpg | /images/medicines/telmavas-h-telmisartin-tablet-254555-2.jpg | /images/medicines/telmavas-h-telmisartin-tablet-254555-3.jpg,,2853909254555,Telmisartan Tablets,curapex-indiamart,/catalog/telmavas-h-telmisartin-tablet-254555,,,,,,,,,,,,,Telmavas-H,,,,,,,,,,,,,,,,,Made in India,,,,,,,,,,,,,,,,,,,20 mg,,,,,,,,,,,,,,,,,,,,,,,,,,,,,,,,,,,,,,,,10*10 Tablets,Box,,,,,,,,,,,,,Prescription,,,,,,,,,,,,,,,,,,,,,,,36 Months,,,,,,,,,,,,,,,,,,,,,,,Used for the treatment of high blood pressure,,,,,,To treat high blood pressure,,,,,,,,,,,
telmigen-am-40mg-5mg-tablet-254673,Telmigen AM 40mg/5mg Tablet,Tablets,Telmisartan and Amlodipine Besylate Tablets IP,Tablet,,,,Contact seller (Box),₹ 175 / Box,"Telmigen AM 40mg/5mg Tablet contains two medicines, both of which help to control high blood pressure. It lowers the blood pressure by relaxing the blood vessels and making it easier for your heart to pump blood around your body. This will reduce your risk of having a heart attack or a stroke.",/images/medicines/telmigen-am-40mg-5mg-tablet-254673-1.jpeg,,2853909254673,Telmisartan Tablets,curapex-indiamart,/catalog/telmigen-am-40mg-5mg-tablet-254673,,,,,,,,,,,,,,,,,,,,,,,,,,,,,,Made in India,,,,,,,,,,,,,,,,,,,40 mg,,,,,,,,,,,,,,,,,,,,,,,,,,,,,,,,,,,,,,,,10*10 Tablets,,,,,,,,,,,,,,Prescription,,,,,,,,,,,,,,,,,,,,,,,36 Months,,,,,,,,,,,,,,,,,,,,,,,Help to control high blood pressure,,,,,,To treat high blood pressure,,,,,,,,,,,
test-e-injection-140888,"Test E Injection, 250 mg/ml, Purity: 99.9",Injections,Testosterone Enanthate,Injection,250 mg/ml,Test - E,Packaging Size: 100 mg/mL 10 mL Vial (Grapeseed Oil); Packaging Type: Box; Pack Type: Ampoule,Contact seller (Vial),"₹ 1,200 / Vial","Test E is a naturally occurring sex hormone produced in a man's testicles. Small amounts of testosterone are also produced in a woman's ovaries and adrenal system.Testosterone Enanthate is used in men and boys to treat conditions caused by a lack of this hormone, such as delayed puberty, impotence, or other hormonal imbalances. This medicine is not for use in treating low testosterone without certain medical conditions or due to getting older.Testosterone enanthate is used in women to treat breast cancer that has spread to other parts of the body (metastatic) and cannot be treated with surgery.Testosterone will not enhance athletic performance and should not be used for that purpose.Testosterone Enanthate may also be used for purposes not listed in this medication guide.",/images/medicines/test-e-injection-140888-1.jpeg | /images/medicines/test-e-injection-140888-2.jpeg | /images/medicines/test-e-injection-140888-3.jpeg | /images/medicines/test-e-injection-140888-4.jpeg,,2852080140888,Testosterone Enanthate Injection,curapex-indiamart,/catalog/test-e-injection-140888,,,,,,,,,,,,,Test - E,,,,,,,,,,,,,,,,,Made in India,,,,,,,,,,,,,,,,,,,,,,,,,,,,,,,,,,,,,,,,,,,,,,,,,,,,,,,,,,,,,,,,,,,,,,,,,,,,,,,,99.9,,,,,,,,,,,,,,,,,,,,,,,,,,250 mg/ml,,,,,,,,,,,,,,,,,,,,,,,It is used to treat low testosterone levels or as hormone therapy,,,,,,,
testosterone-250mg-injection-790791,Testosterone 250mg Injection,Injections,,,250 mg,,Packaging Size: 20X10,Contact seller (Vial),₹ 250 / Vial,"TestosteronInformation about Testosterone<br /><br />Testosterone Uses<br />Testosterone is used in the treatment of male hypogonadism.<br /><br />How Testosterone works<br /><br />Testosterone is similar to the natural male hormone, testosterone. It works by replenishing the deficient testosterone levels in adult men. Lack of testosterone may cause various health problems including impotence, infertility, low sex drive, tiredness, depressive mood and bone loss.<br /><br />Common side effects of Testosterone<br /><br />Weight gain, Nausea, Injection site reactions (pain, swelling, redness), Acne, Breast enlargement in male, Application site reactions (burning, irritation, itching and redness), Headache, High blood pressure, Flushing of face, Indigestion, Nasal congestion (stuffy nose), Muscle pain, Increase haematocrit, Elevated prostate-specific antigen (PSA), Male pattern of baldness, Peripheral edema",/images/medicines/testosterone-250mg-injection-790791-1.jpg | /images/medicines/testosterone-250mg-injection-790791-2.jpg | /images/medicines/testosterone-250mg-injection-790791-3.jpg,,2856703790791,Testosterone Injection,curapex-indiamart,/catalog/testosterone-250mg-injection-790791,,,,,,,,,,,,,,,,,,,,,,,,,,,,,,,,,,,,,,,,,,,,,,,,,,,,,,,,,,,,,,,,,,,,,,,,,,,,,,,,,,,,,,,,,,,,,,,,,,,,,,,,,,,,,,,,,,,,,,,,,,,,,,,,,,,,,,,,250 mg,,,,,,,,,,,,,,,,,,,,,,,,,,,,,,
testosterone-enanthate-injection-554062,"Testosterone Enanthate Injection, 250 mg/ml",Injections,,,250 mg/ml,,Packaging Size: 1 ml; Pack Type: Ampoule,Contact seller (Vial),₹ 150 / Vial,"This medication is given by injection into the buttock muscle as directed by your doctor, usually every 1 to 4 weeks. Do not inject this medication into a vein. The dosage is based on your medical condition, testosterone blood levels, and response to treatment.

If you are giving this medication to yourself at home, learn all preparation and usage instructions from your health care professional. Before using, check this product visually for particles or discoloration. If either is present, do not use the liquid. Learn how to store and discard medical supplies safely.

Use this medication regularly in order to get the most benefit from it. To help you remember, use a calendar to mark the days you will receive an injection.

Misuse or abuse of testosterone can cause serious side effects such as heart disease (including heart attack), stroke, liver disease, mental/mood problems, abnormal drug-seeking behavior, or improper bone growth (in adolescents). Do not increase your dose or use this drug more often or for longer than prescribed. When testosterone is misused or abused, you may have withdrawal symptoms (such as depression, irritability, tiredness) when you suddenly stop using the drug. These symptoms may last from weeks to months.

Nausea, vomiting, headache, skin color changes, increased/decreased sexual interest, oily skin, hair loss, and acne may occur. Pain and redness at the injection site may also occur. If any of these effects last or get worse, tell your doctor or pharmacist promptly.

Remember that this medication has been prescribed because your doctor has judged that the benefit to you is greater than the risk of side effects. Many people using this medication do not have serious side effects.

Tell your doctor right away if you have any serious side effects, including: mental/mood changes (such as anxiety, depression, increased anger), trouble sleeping/snoring, signs of liver disease (such as nausea/vomiting that doesn't stop, loss of appetite, stomach/abdominal pain, yellowing eyes/skin, dark urine), hands/ankles/feet swelling, unusual tiredness, fast/irregular heartbeat.

Get medical help right away if you have any very serious side effects, including: shortness of breath/rapid breathing, chest/jaw/left arm pain, unusual sweating, confusion, sudden dizziness/fainting, pain/swelling/warmth in the groin/calf, sudden/severe headaches, trouble speaking, weakness on one side of the body, sudden vision changes.

If you are male, tell your doctor right away if you have any serious side effects, including: trouble urinating, increased urination (especially at night), breast swelling/tenderness, too frequent/prolonged erections.",/images/medicines/testosterone-enanthate-injection-554062-1.jpeg | /images/medicines/testosterone-enanthate-injection-554062-2.jpg | /images/medicines/testosterone-enanthate-injection-554062-3.jpg,,2855063554062,Testosterone Enanthate Injection,curapex-indiamart,/catalog/testosterone-enanthate-injection-554062,,,,,,,,,,,,,,,,,,,,,,,,,,,,,,Made in India,,,,,,,,,,,,,,,,,,,,,,,,,,,,,,,,,,,,,,,,,,Evolve biolabs,,,,,,,,,,,,,,,,,,,,,,,,,,,,,,,,,,,,,,,,,,,,,,,,,,,,,,,,,,,,,,,,250 mg/ml,,,,,,,,,,,,,,,,,,,,,,,,,,,,,,
tiotropium-bromide-922597,"Tiotropium Bromide, For Asthma",Inhalers,Formoterol and Tiotropium,Inhaler,180 MD,Tiomate,,Contact seller (Piece),₹ 651 / Piece,Tiomate 180 MD Transhaler is used for the treatment of chronic obstructive pulmonary disorder  a lung disorder in which the flow of air to the lungs is blocked   It helps in relaxing the muscles of the air passages and making it easier to breathe  It relieves coughing  wheezing and feeling short of breath,/images/medicines/tiotropium-bromide-922597-1.jpg | /images/medicines/tiotropium-bromide-922597-2.jpg | /images/medicines/tiotropium-bromide-922597-3.jpg,,2852682922597,Tiotropium Bromide API,curapex-indiamart,/catalog/tiotropium-bromide-922597,,,,,,,,,,,,,Tiomate,,,,,,,,,,,,,,,,,Made in India,,,,,,,,180 MD,,,,,,,,,,,,,,,,,,,,,,,,,,,,,,,,,,,,,,,,,,,,,,,,,,,,,,,,,,,,,,,,,,,,Prescription,,,,,,,,,,,,,,,,,,,,,,,,,,,,,,,,,,,,,,,,,,,Treatment of chronic obstructive pulmonary disorder,,,,,,,,,,Asthma,,,,,,,
tofaford-tofacitinib-5mg-tablets-135112,Tofaford Tofacitinib 5mg Tablets,Tablets,Tofacitinib 5 mg,Tablet,5 mg,Tofaford,Packaging Size: 10 tablets; Packaging Type: Blister,,Price on request,Tofaford 5mg tablets containing Tofacitinib are used for rheumatoid arthritis and inflammatory disorder treatment.,/images/medicines/tofaford-tofacitinib-5mg-tablets-135112-1.webp | /images/medicines/tofaford-tofacitinib-5mg-tablets-135112-2.jpg | /images/medicines/tofaford-tofacitinib-5mg-tablets-135112-3.webp,,2859592135112,,novamedsolutions.in,/catalog/tofaford-tofacitinib-5mg-tablets-135112,,,,,,,,,,,,,,,,,,,,,,,,,,,,,,,,,,,,,,,,,,,,,,,,,,,,,,,,,,,,,,,,,,,,,,,,,,,,,,,,,,,,,,,,,,,,,,,,,,,,,Prescription,,,,,,,,,,,,,,,,,,,,,,,,,,,,,,,,,,,,,,,,,,,,,,,,,,,,,,Rheumatoid Arthritis,,,,,,,,,,,
tofisopam-50mg-tablet-132273,Tofisopam 50mg Tablet,Tablets,Tofisopam Tablets JP,Tablet,50 mg,Tofifresh-100,Packaging Size: 10*10; Packaging Type: Strip,Contact seller (Stripe),₹ 403 / Stripe,Tofisopam 50mg Tablet  of depression. Tofisopam is a benzodiazepine. It works by increasing the action of a chemical messenger (GABA) which suppresses the abnormal and excessive activity of the nerve cells in the brain,/images/medicines/tofisopam-50mg-tablet-132273-1.jpeg | /images/medicines/tofisopam-50mg-tablet-132273-2.jpeg | /images/medicines/tofisopam-50mg-tablet-132273-3.jpg | /images/medicines/tofisopam-50mg-tablet-132273-4.jpg,,2853857132273,Tofisopam Tablets,curapex-indiamart,/catalog/tofisopam-50mg-tablet-132273,,,,,,,,,,,,,Tofifresh-100,,,,,,,,,,,,,,,,,Made in India,,,,,,,,,,,,,50 mg,,,,,,,,,,,,,,,,,,,,,,,,,,,,,Cipla,,,,,,,,,,,,,,,,,,,,,,,,,,,,,,,,,,,,,,,,,,,,,,,,,,,,,,36 months,,,,,Room Temperature,,,,,50 mg,,,,,,,,,,,,,Treatment of depression,,,,,,,,,,,,,,,,,
toptada-10mg-tablets-355673,Toptada 10mg Tablets,Tablets,,,10mg,Toptada 10mg,Packaging Type: Strip; Pack Size: 10*10 Tablets,Contact seller (Strip),₹ 250 / Strip,"TOPTADA 10mg tablets contain Tadalafil, used to treat erectile dysfunction (ED) and benign prostatic hyperplasia (BPH) symptoms by relaxing muscles and improving blood flow.",/images/medicines/toptada-10mg-tablets-355673-1.jpg | /images/medicines/toptada-10mg-tablets-355673-2.jpg | /images/medicines/toptada-10mg-tablets-355673-3.jpg,,2856400355673,Tadalafil Tablets,curapex-indiamart,/catalog/toptada-10mg-tablets-355673,,,,,,,,,,,,,Toptada 10mg,,,,,,,,,,,,,,,,,,,,,,,,,,,,,,,,,,,,,,,,,,,,,,,,,,,,,,,,,,,Healing Pharma,,,,,,,,,,,,,,,,,,,,,,,,,,,,,,,,,,,,,,,,,,,,,,,,,,,,,,,,,,,,,,,,10mg,,,,,,,,,,,,,,,,,,,,,,,,,,,,,,
toptada-20mg-tablets-355891,Toptada 20mg Tablets,Tablets,Tadalafil 20mg,,20mg,,Packaging Type: Strip; Pack Size: 10*10 Tablets,Contact seller (Strip),₹ 350 / Strip,"Tadalafil is a phosphodiesterase (PDE-5) inhibitor. In erectile dysfunction, it works by increasing blood flow to the penis by relaxing the muscles in penile blood vessels. In benign prostatic hyperplasia (BPH), it helps relax the muscles in the prostate gland and the bladder to relieve urinary symptoms.",/images/medicines/toptada-20mg-tablets-355891-1.jpg | /images/medicines/toptada-20mg-tablets-355891-2.jpg | /images/medicines/toptada-20mg-tablets-355891-3.jpg,,2856400355891,Tadalafil Tablets,curapex-indiamart,/catalog/toptada-20mg-tablets-355891,,,,,,,,,,,,,,,,,,,,,,,,,,,,,,Made in India,,,,,,,,20mg,,,,,,,,,,,,,,,,,,,,,,,,,,,,,,,,,,,,,,,,,,,,,,,,,,,,,,,,,,,,,,,,,,,,,,,,,,,,,,,,,,,,,,,,24 months,,,,,,,,,,20mg,,,,,,,,,,,,,,,,,,,,,,,,,,,,,,
linagliptin-trajenta-tablets-249912,"Trajental 5 Mg Tab, Packaging Size: 1*28",Tablets,,Tablets,5 mg,,Packaging Size: 1*28,Contact seller (Box),"₹ 2,890 / Box","is used with a proper diet and exercise program and possibly with other medications to control high blood sugar. It is used by people with type 2 diabetes. Controlling high blood sugar helps prevent kidney damage, blindness, nerve problems, loss of limbs, and sexual function problems.",/images/medicines/linagliptin-trajenta-tablets-249912-1.jpg | /images/medicines/linagliptin-trajenta-tablets-249912-2.jpg | /images/medicines/linagliptin-trajenta-tablets-249912-3.jpg,,2853909249912,Linagliptin Tablets,curapex-indiamart,/catalog/linagliptin-trajenta-tablets-249912,,,,,,,,,,,,,,,,,,,,,,,,,,,,,,Made in India,,,,,,,,,,,,,,,,,,,,,,,,,,,,,,,,,,,,,,,,,,,,,,,,,,,,,,,,,,,,,,,,,,,,,,,,,,Prescription,,,,,,,,,,,,,,,,,,,,,,36 months,,,,,,,,,,5 mg,,,,,,,,,,,,,,,,,,,Treatment of Type 2 diabetes mellitus,,,,,,,,,,,
tresiba-flextouch-insulin-pen-in pen,Tresiba Flextouch Insulin Pen,Injections,Insulin Degludec,Pre-filled Pen,100 units/ml,Novo Nordisk,Pack Size: 3 ml,,Price on request,Tresiba Flextouch insulin pen is used for long-acting insulin therapy in patients with Diabetes to help maintain stable blood sugar levels.,/images/medicines/tresiba-flextouch-insulin-pen-in pen-1.webp | /images/medicines/tresiba-flextouch-insulin-pen-in pen-2.webp | /images/medicines/tresiba-flextouch-insulin-pen-in pen-3.webp,,,,novamedsolutions.in,/catalog/tresiba-flextouch-insulin-pen-in pen,,,,,,,,,,,,,,,,,,,,,,,,,,,,,,,,,,,,,,,,,,,,,,,,,,,,,,,,,,,,,,,,,Type 2 Diabetes,,,,,,,,,,,,,,,,,,,,,,,,,,,,,,,,,,,,Prescription Only,,,,,,,,,,,,,,,,,,,,,,,,24 months,,,,,,,,,,2-8 deg C,,,,,,,,,,,,,,,,,,,,,,,,,,,,,,,
tretiheal-0-1-cream-255812,"Tretiheal 0.1 Cream, 20 gm",Creams,0.1%,,,,Packaging Size: 20 gm; Packaging Type: Tube,Contact seller (Piece),₹ 500 / Piece,"Tretiheal 0.1% Cream is a form of vitamin A that is used to treat acne which appears as spots or pimples on your face, chest, or back. It also helps to smooth rough facial skin and to reduce fine wrinkles on the skin.",/images/medicines/tretiheal-0-1-cream-255812-1.jpeg | /images/medicines/tretiheal-0-1-cream-255812-2.jpeg | /images/medicines/tretiheal-0-1-cream-255812-3.jpeg | /images/medicines/tretiheal-0-1-cream-255812-4.jpeg,,2853909255812,Tretinoin Cream,curapex-indiamart,/catalog/tretiheal-0-1-cream-255812,,,,,,,,,,,,,,,,,,,,,,,,,,,,,,Made in India,,,,,,,,,,,,,,,,,,,,,,,,,,,,,,,,,,,,,,,,,,,,,,,,,Yes,,,,,,,,,,,,,,,,,,,,,,,,,,,,,,Yes,,,,,,,,,,,,,,,,36 months,,,,,All Type Skin,,,,,,,,,,,,,,,,,,,Treat acne by clearing skin pores and preventing spots or pimples from appearing,,,,,,,,,,,,,,,,,
triluma-15-gm-cream-907048,Triluma 15 Gm Cream,Creams,,,,,Pack Type: Tube; Pack Size: 15 gm,Contact seller (Tube),₹ 590 / Tube,Triluma Cream 15 gm is a skin related medication primarily used to treat melasma dark brown patch on skin Melasma is also known as chloasma or mask of pregnancy is a common skin condition that causes brown patches on the face,/images/medicines/triluma-15-gm-cream-907048-1.jpg,,2852682907048,Triluma Cream,curapex-indiamart,/catalog/triluma-15-gm-cream-907048,,,,,,,,,,,,,,Triluma,,,,,,,,,,,,,,,,Made in India,,,,,,,,,,,,,,,,,,,,,,,,,,,,,,,,,,,,,,,,,,Galderma India Pvt Ltd,,,,,,,,,,,,,,,,,,,,,,,,,,,,,,,Prescription,,,,,,,,,,,,,,,,,,,,,,,,,,,,,,,,,,,,,,,,,,,,,,Treat melasma (dark spots on skin),,,,,,,,,,,,,,,,,
trustiva-tenofovir-tablet-152991,Trustiva Tenofovir Tablet,Tablets,Tenofovir Disoproxil Fumarate,Tablet,300 mg,Trustiva,Pack Size: 30 tablets,,Price on request,Trustiva Tenofovir Tablet is an effective medication used in the treatment of general therapeutic conditions. Trustiva Tenofovir tablets are used for HIV infection and chronic Hepatitis B treatment.,/images/medicines/trustiva-tenofovir-tablet-152991-1.webp | /images/medicines/trustiva-tenofovir-tablet-152991-2.jpg | /images/medicines/trustiva-tenofovir-tablet-152991-3.jpeg | /images/medicines/trustiva-tenofovir-tablet-152991-4.jpeg | /images/medicines/trustiva-tenofovir-tablet-152991-5.webp,,2859592152991,,novamedsolutions.in,/catalog/trustiva-tenofovir-tablet-152991,,,,,,,,,,,,,,,,,,,,,,,,,,,,,,,,,,,,,,,,,,,,,,,,,,,,,,,,,,,,Tenofovir DF,,,,,,,,,,,,Hetero Labs,,,,,,,,,,,,,,,,,,,,,,,,,,,,,Prescription,,,,,,,,,,,,,,,,,,,,,,,,36 months,,,,,,,,,,,,,,,,,,,,,,,,,,,,,,Chronic Hepatitis B,,,,,,,,,,,
venlor-xr-150-capsule-233473,"Venlor-XR 150 Capsule, Packaging Size: 10*10 Tablets",Capsules,Venlafaxine Capsules,,,Venlor XR 150,Packaging Size: 10*10 Tablets,Contact seller (Stripe),₹ 95 / Stripe,"Venlor-XR 150 Capsule contains Venlafaxine which belongs to the group of medicines called Antidepressants. It is used in adults to treat depression, anxiety disorders and panic attacks (fear).",/images/medicines/venlor-xr-150-capsule-233473-1.jpg | /images/medicines/venlor-xr-150-capsule-233473-2.jpg | /images/medicines/venlor-xr-150-capsule-233473-3.jpeg,,2853909233473,Venlafaxine Tablet,curapex-indiamart,/catalog/venlor-xr-150-capsule-233473,,,,,,PCD Pharma Franchise,,,,,,,Venlor XR 150,,,,,,,,,,,,,,,,,Made in India,,,,,,,,,,,,,,,,,,,,,,,,,,,,,,,,,,,,,,,,,,,,,,,,,,,,,,,,,,,,,,,,,,,,,,,,,,,,,,,,,,,,,,,,,,,,,,,,36 months,,,,,,,,,,,,,,,,,,,,,,,Treatment of depression and anxiety disorder,,,,,,,,,,,,,,,,,
vidalista-60mg-tablets-256091,Vidalista 60mg Tablets,Tablets,,,60mg,Vidalista 60mg,Packaging Type: Strip; Pack Size: 1*10 Tablets,Contact seller (Strip),₹ 250 / Strip,"Vidalista 2.5mg Tablet has two main uses. The most common is to treat erectile dysfunction (ED) in men. It increases blood flow to the penis to help men get an erection. It is also used in the treatment of benign prostate hyperplasia (BPH). It may also be to treat ED in patients with BPH.

Vidalista 2.5mg Tablet may be taken on an empty stomach or with a meal. It should be strictly taken as advised by your doctor. The medicine will only help you to get an erection if you are sexually stimulated. You should take it about one hour before you plan to have sex. The amount of time it takes to work varies from person to person, but it normally takes between 30 minutes and one hour. Only take it if you need it and it has been prescribed to you by a doctor.

The most common side effects of this medicine are flushing, headache, blurred vision, muscle pain, stomach upset, and nasal congestion. Talk to your doctor if the side effects bother you or will not go away.

This medicine is not intended for use by women and men should avoid using any other medicines to treat impotence without talking to a doctor. It can be dangerous to take it along with medicines called nitrates (often given for chest pain). Do not take this medicine if you have severe heart or liver problems, if you have recently had a stroke or heart attack or if you have low blood pressure. Let your doctor know if you suffer from these or any other health problems before taking it. You should not drive if this medicine makes you feel dizzy. Avoid drinking alcohol while taking this medicine as it can lead to side effects.",/images/medicines/vidalista-60mg-tablets-256091-1.jpg | /images/medicines/vidalista-60mg-tablets-256091-2.jpg | /images/medicines/vidalista-60mg-tablets-256091-3.jpeg,,2856400256091,Tadalafil Tablets,curapex-indiamart,/catalog/vidalista-60mg-tablets-256091,,,,,,,,,,,,,Vidalista 60mg,,,,,,,,,,,,,,,,,,,,,,,,,,,,,,,,,,,,,,,,,,,,,,,,,,,,,,,,,,,Centurion Laboratories Pvt. Ltd.,,,,,,,,,,,,,,,,,,,,,,,,,,,,,,,,,,,,,,,,,,,,,,,,,,,,,,,,,,,,,,,,60mg,,,,,,,,,,,,,,,,,,,,,,,,,,,,,,
vidalista-80-mg-black-tablets-256397,Vidalista 80 Mg Black Tablets,Tablets,,,80mg,Vidalista black 80mg,Packaging Type: Strip; Pack Size: 10*10 Tablets,Contact seller (Strip),₹ 250 / Strip,"HOW TO USE VIDALISTA TABLETTake this medicine in the dose and duration as advised by your doctor. Swallow it as a whole. Do not chew, crush or break it. Vidalista 80 Tablet may be taken with or without food, but it is better to take it at a fixed time.HOW VIDALISTA TABLET WORKSVidalista 80 Tablet is a phosphodiesterase (PDE-5) inhibitor. It works in erectile dysfunction by increasing blood flow to the penis by relaxing the muscles in penile blood vessels. Vidalista 80 Tablet also relaxes or widens the blood vessels inside the lungs. When the blood vessels relax and widen, it’s easier for the heart to pump blood through the lungs, which reduces blood pressure in the lungs.",/images/medicines/vidalista-80-mg-black-tablets-256397-1.jpeg | /images/medicines/vidalista-80-mg-black-tablets-256397-2.png | /images/medicines/vidalista-80-mg-black-tablets-256397-3.jpg,,2856400256397,Tadalafil Tablets,curapex-indiamart,/catalog/vidalista-80-mg-black-tablets-256397,,,,,,,,,,,,,Vidalista black 80mg,,,,,,,,,,,,,,,,,,,,,,,,,,,,,,,,,,,,,,,,,,,,,,,,,,,,,,,,,,,Centurion Lab,,,,,,,,,,,,,,,,,,,,,,,,,,,,,,,,,,,,,,,,,,,,,,,,,,,,,,,,,,,,,,,,80mg,,,,,,,,,,,,,,,,,,,,,,,,,,,,,,
vidalista-80-mg-tablets-256133,Vidalista 80 Mg Tablets,Tablets,,,80mg,Vidalista 80mg,Packaging Type: Strip; Pack Size: 10*10 Tablets,Contact seller (Strip),₹ 250 / Strip,"HOW TO USE VIDALISTA TABLETTake this medicine in the dose and duration as advised by your doctor. Swallow it as a whole. Do not chew, crush or break it. Vidalista 80 Tablet may be taken with or without food, but it is better to take it at a fixed time.HOW VIDALISTA TABLET WORKSVidalista 80 Tablet is a phosphodiesterase (PDE-5) inhibitor. It works in erectile dysfunction by increasing blood flow to the penis by relaxing the muscles in penile blood vessels. Vidalista 80 Tablet also relaxes or widens the blood vessels inside the lungs. When the blood vessels relax and widen, it’s easier for the heart to pump blood through the lungs, which reduces blood pressure in the lungs.",/images/medicines/vidalista-80-mg-tablets-256133-1.png | /images/medicines/vidalista-80-mg-tablets-256133-2.jpeg | /images/medicines/vidalista-80-mg-tablets-256133-3.jpg,,2856400256133,Tadalafil Tablets,curapex-indiamart,/catalog/vidalista-80-mg-tablets-256133,,,,,,,,,,,,,Vidalista 80mg,,,,,,,,,,,,,,,,,,,,,,,,,,,,,,,,,,,,,,,,,,,,,,,,,,,,,,,,,,,Centurion Lab,,,,,,,,,,,,,,,,,,,,,,,,,,,,,,,,,,,,,,,,,,,,,,,,,,,,,,,,,,,,,,,,80mg,,,,,,,,,,,,,,,,,,,,,,,,,,,,,,
vidalista-tablets-40-mg-255697,Vidalista Tablets 40 Mg,Tablets,,,40mg,Vidalista 40mg,Packaging Type: Strip; Pack Size: 10*10 Tablets,Contact seller (Strip),₹ 250 / Strip,"Vidalista 40 mg is a medication with the active ingredient Tadalafil that is used to treat erectile dysfunction (ED) and symptoms of benign prostatic hyperplasia (BPH) in men. As a PDE5 inhibitor, it works by increasing blood flow to the penis, allowing for an erection during sexual stimulation. Vidalista 40mg is a higher-strength version of the drug, requiring a physician's guidance for use.",/images/medicines/vidalista-tablets-40-mg-255697-1.jpeg | /images/medicines/vidalista-tablets-40-mg-255697-2.jpg | /images/medicines/vidalista-tablets-40-mg-255697-3.jpg,,2856400255697,Tadalafil Tablets,curapex-indiamart,/catalog/vidalista-tablets-40-mg-255697,,,,,,,,,,,,,Vidalista 40mg,,,,,,,,,,,,,,,,,,,,,,,,,,,,,,,,,,,,,,,,,,,,,,,,,,,,,,,,,,,Centurion Lab,,,,,,,,,,,,,,,,,,,,,,,,,,,,,,,,,,,,,,,,,,,,,,,,,,,,,,,,,,,,,,,,40mg,,,,,,,,,,,,,,,,,,,,,,,,,,,,,,
vigora-100mg-tablets-186688,Vigora 100mg Tablets,Tablets,,,100 mg,Vigora,Pack Type: Stripe; Pack Size: 1*4 Tablets,Contact seller (Strip),₹ 250 / Strip,"Vigore 100 Red Tablet is a prescription medicine used to treat erectile dysfunction (impotence) in men. It works by increasing blood flow to the penis. This helps men to get or maintain an erection. It belongs to a group of medicines known as phosphodiesterase type 5 (PDE 5) inhibitors.

Vigore 100 Red Tablet may be taken on an empty stomach or with a meal. It should be strictly taken as advised by your doctor. You should take about 1 hour before you plan to have sex. The amount of time it takes to work varies from person to person, but it normally takes between 30 minutes and 1 hour. This medicine will only help you to get an erection if you are sexually stimulated. However, you should not take this medicine if you do not have erectile dysfunction. It should not be taken more than once a day.

The most common side effects of this medicine are flushing (sense of warmth), headache, dizziness, blurred vision, muscle pain, stomach upset, and rash. Talk to your doctor if any of the side effects bother you or do not go away. They may be able to help by changing the dosage or prescribing you an alternate medicine.

Vigore 100 Red Tablet is not intended for use by women and men should avoid using any other medicines to treat impotence without talking to a doctor first. It can be dangerous to take it along with medicines called nitrates (often given for chest pain or angina). Do not take this medicine if you have severe heart or liver problems, have recently had a stroke or heart attack or if you have low blood pressure. Let your doctor know if you suffer from these or any other health problems before taking it. You should not drive if this medicine makes you feel dizzy. Avoid drinking alcohol while taking this medicine as it increases the chances of side effects.",/images/medicines/vigora-100mg-tablets-186688-1.jpg | /images/medicines/vigora-100mg-tablets-186688-2.jpeg | /images/medicines/vigora-100mg-tablets-186688-3.jpeg,,2857508186688,Vigora Tablet,curapex-indiamart,/catalog/vigora-100mg-tablets-186688,,,,,,,,,,,,,Vigora,,,,,,,,,,,,,,,,,Made in India,,,,,,,,,,,,,,,,,,,,,,,,,,,,,,,,,,,,,,,,,,Cadila,,,,,,,,,,,,,,,,,,,,,,,,,,,,,,,Non Prescription,,,,,,,,,,,,,,,,,,,,,,,,,,,,,,,,,100 mg,,,,,,,,,,,,,,,,,,,Treat erectile dysfunction,,,,,,,,,,,
vilitra-10mg-tablet-257212,Vilitra 10mg Tablet,Tablets,,,10mg,,Packaging Type: Strips; Pack Size: 1*10 Tablets,Contact seller (Strip),₹ 250 / Strip,"Vilitra 10 Tablet is used to treat erectile dysfunction in men. It increases blood flow to the penis to help men get an erection. It works by helping to relax the blood vessels in your penis, allowing blood to flow into your penis when you get sexually excited.

Vilitra 10 Tablet may be taken on an empty stomach or with a meal. It should be strictly taken as advised by your doctor. The medicine will only help you to get an erection if you are sexually stimulated. You should take it about one hour before you plan to have sex. The amount of time it takes to work varies from person to person, but it normally takes between 30 minutes and one hour. Only take it if you need it and it has been prescribed to you by a doctor.

The most common side effects of this medicine are flushing, headache, dizziness, blurred vision, muscle pain, stomach upset, nasal congestion, and rash. Talk to your doctor if the side effects bother you or will not go away.

This medicine is not intended for use by women and men should avoid using any other medicines to treat impotence without talking to a doctor. It can be dangerous to take it along with medicines called nitrates (often given for chest pain). Do not take this medicine if you have severe heart or liver problems, if you have recently had a stroke or heart attack or if you have low blood pressure. Let your doctor know if you suffer from these or any other health problems before taking it. You should not drive if this medicine makes you feel dizzy. Avoid drinking alcohol while taking this medicine as it can lead to side effects.",/images/medicines/vilitra-10mg-tablet-257212-1.jpg | /images/medicines/vilitra-10mg-tablet-257212-2.jpg | /images/medicines/vilitra-10mg-tablet-257212-3.png,,2856400257212,Erectile Dysfunction Medicine,curapex-indiamart,/catalog/vilitra-10mg-tablet-257212,,,,,,,,,,,,,,,,,,,,,,,,,,,,,,,,,,,,,,,,,,,,,,,,,,,,,,,,,,,,,,,,,,,,,,,,Centurion Laboratories Pvt. Ltd.,,,,,,,,,,,,,,,,,,,,,,,,,,,,,,,,,,,,,,,,,,,,,,,,,,,,,,,,,,,,,,,,10mg,,,,,,,,,,,,,Treat erectile dysfunction,,,,,,,,,,,,,,,,,
vilitra-20-mg-tablets-930612,Vilitra 20 Mg Tablets,Tablets,Verdanafil,Tablet,20 mg,,Packaging Size: 10*10 Tablets; Packaging Type: Box; Pack Size: 10*10,Contact seller (Box),₹ 250 / Box,"Vilitra 20 Tablet is used to treat erectile dysfunction in men. It increases blood flow to the penis to help men get an erection. It works by helping to relax the blood vessels in your penis, allowing blood to flow into your penis when you get sexually excited.",/images/medicines/vilitra-20-mg-tablets-930612-1.jpg | /images/medicines/vilitra-20-mg-tablets-930612-2.jpeg | /images/medicines/vilitra-20-mg-tablets-930612-3.jpeg,,2852682930612,Vardenafil Tablets,curapex-indiamart,/catalog/vilitra-20-mg-tablets-930612,,,,,,,,,,,,,,,,,,,,,,,,,,,,,,Made in India,,,,,,,,20mg,,,,,,,,,,,,,,,,,,,,,,,,,,,,,,,,,,,,,,,,,,,,,,,,,,,,,,,,,,,,,,,,,,,,,,,,,,,,,,,,,,,,,,,,24 months,,,,,,,,,,20 mg,,,,,,,,,,,,,,,,,,,,,,,,To treat erectile dysfunction,,,,,,
vilitra-20mg-tablets-257488,Vilitra 20mg Tablets,Tablets,,,20mg,,Packaging Type: Strips; Pack Size: 1*10 Tablets,Contact seller (Strip),₹ 250 / Strip,"Vilitra 20 Tablet is used to treat erectile dysfunction in men. It increases blood flow to the penis to help men get an erection. It works by helping to relax the blood vessels in your penis, allowing blood to flow into your penis when you get sexually excited.

Vilitra 20 Tablet may be taken on an empty stomach or with a meal. It should be strictly taken as advised by your doctor. The medicine will only help you to get an erection if you are sexually stimulated. You should take it about one hour before you plan to have sex. The amount of time it takes to work varies from person to person, but it normally takes between 30 minutes and one hour. Only take it if you need it and it has been prescribed to you by a doctor.

The most common side effects of this medicine are flushing, headache, dizziness, blurred vision, muscle pain, stomach upset, nasal congestion, and rash. Talk to your doctor if the side effects bother you or will not go away.

This medicine is not intended for use by women and men should avoid using any other medicines to treat impotence without talking to a doctor. It can be dangerous to take it along with medicines called nitrates (often given for chest pain). Do not take this medicine if you have severe heart or liver problems, if you have recently had a stroke or heart attack or if you have low blood pressure. Let your doctor know if you suffer from these or any other health problems before taking it. You should not drive if this medicine makes you feel dizzy. Avoid drinking alcohol while taking this medicine as it can lead to side effects.",/images/medicines/vilitra-20mg-tablets-257488-1.jpg | /images/medicines/vilitra-20mg-tablets-257488-2.jpg | /images/medicines/vilitra-20mg-tablets-257488-3.jpg,,2856400257488,Erectile Dysfunction Medicine,curapex-indiamart,/catalog/vilitra-20mg-tablets-257488,,,,,,,,,,,,,,,,,,,,,,,,,,,,,,,,,,,,,,,,,,,,,,,,,,,,,,,,,,,,,,,,,,,,,,,,Centurion Laboratories Pvt. Ltd.,,,,,,,,,,,,,,,,,,,,,,,,,,,,,,,,,,,,,,,,,,,,,,,,,,,,,,,,,,,,,,,,20mg,,,,,,,,,,,,,Treat erectile dysfunction,,,,,,,,,,,,,,,,,
vilitra-60-mg-tablets-257888,Vilitra 60 Mg Tablets,Tablets,,,60mg,,Packaging Type: Strips; Pack Size: 1*10 Tablets,Contact seller (Strip),₹ 250 / Strip,"Vilitra 60 Tablet is used to treat erectile dysfunction in men. It increases blood flow to the penis to help men get an erection. It works by helping to relax the blood vessels in your penis, allowing blood to flow into your penis when you get sexually excited.

Vilitra 60 Tablet may be taken on an empty stomach or with a meal. It should be strictly taken as advised by your doctor. The medicine will only help you to get an erection if you are sexually stimulated. You should take it about one hour before you plan to have sex. The amount of time it takes to work varies from person to person, but it normally takes between 30 minutes and one hour. Only take it if you need it and it has been prescribed to you by a doctor.

The most common side effects of this medicine are flushing, headache, dizziness, blurred vision, muscle pain, stomach upset, nasal congestion, and rash. Talk to your doctor if the side effects bother you or will not go away.

This medicine is not intended for use by women and men should avoid using any other medicines to treat impotence without talking to a doctor. It can be dangerous to take it along with medicines called nitrates (often given for chest pain). Do not take this medicine if you have severe heart or liver problems, if you have recently had a stroke or heart attack or if you have low blood pressure. Let your doctor know if you suffer from these or any other health problems before taking it. You should not drive if this medicine makes you feel dizzy. Avoid drinking alcohol while taking this medicine as it can lead to side effects.",/images/medicines/vilitra-60-mg-tablets-257888-1.jpeg | /images/medicines/vilitra-60-mg-tablets-257888-2.jpeg | /images/medicines/vilitra-60-mg-tablets-257888-3.jpeg,,2856400257888,Erectile Dysfunction Medicine,curapex-indiamart,/catalog/vilitra-60-mg-tablets-257888,,,,,,,,,,,,,,,,,,,,,,,,,,,,,,,,,,,,,,,,,,,,,,,,,,,,,,,,,,,,,,,,,,,,,,,,Centurion Laboratories Pvt. Ltd.,,,,,,,,,,,,,,,,,,,,,,,,,,,,,,,,,,,,,,,,,,,,,,,,,,,,,,,,,,,,,,,,60mg,,,,,,,,,,,,,Treat erectile dysfunction,,,,,,,,,,,,,,,,,
viropil-dolutegravir-lamivudine-and-tenofovir-disoproxil-tablet-150962,Viropil Dolutegravir Lamivudine And Tenofovir Disoproxil Tablet,Tablets,,Tablet,50 300 300 mg,Viropil,Packaging Size: 30 tablets,,Price on request,"id=""viropil-dolutegravir-lamivudine-and-tenofovir-disoproxil-tablet"" class=""pa mr34"">",/images/medicines/viropil-dolutegravir-lamivudine-and-tenofovir-disoproxil-tablet-150962-1.webp | /images/medicines/viropil-dolutegravir-lamivudine-and-tenofovir-disoproxil-tablet-150962-2.webp | /images/medicines/viropil-dolutegravir-lamivudine-and-tenofovir-disoproxil-tablet-150962-3.webp,,2859592150962,,novamedsolutions.in,/catalog/viropil-dolutegravir-lamivudine-and-tenofovir-disoproxil-tablet-150962,,,,,,,,,,,,,,,,,,,,,,,,,,,,,,,,,,,,,,,,,,,,,,,,,,,"Lamivudine, Dolutegravir, Tenofovir DF",,,,,,,,,,,,,,,,,,,,Emcure,,,,,,,,,,,,,,,,,,,,,,,,,,,Prescription,,,,,,,,,,,,,,,,,,,,,,,,,,,,,,,,,,,,,,,,,,,,,,,,,,,HIV Infection,,,,,,First Line ART,,,,,,,,,,,
vitamin-a-chewable-tablets-157712,Vitamin A Chewable Tablets,Tablets,,,,,Pack Size: 10 tablets,,Price on request,"Vitamin A chewable tablets are used for vitamin A deficiency, immune support, and maintaining healthy vision and skin.",/images/medicines/vitamin-a-chewable-tablets-157712-1.webp | /images/medicines/vitamin-a-chewable-tablets-157712-2.webp | /images/medicines/vitamin-a-chewable-tablets-157712-3.jpg,,2859592157712,,novamedsolutions.in,/catalog/vitamin-a-chewable-tablets-157712,,,,,,,,,,,,,,,,,,,,,,,,,,,,,,,,,,,,Vegetarian,,,,,,,,,,,,,,,,,,,,,,,,,,,,,,,,Vitamin A,500 mg,,,,,,,,,,,,,,,,,,,,,,,,,,,,,,,,,,,,,,,,,,,,,,,,,,,,,,,Oval,,,,,,,,,,,,,Sugar Free,,,,,,,,,,,,,,,,,,,,,,,,,,,,,
vriligy-60mg-tablet-258473,Vriligy 60mg Tablet,Tablets,,,60 mg,Vriligy 60mg,Packaging Size: 1*4 Tablets; Packaging Type: Strip,Contact seller (Strip),₹ 250 / Strip,"<p>Vriligy Tablet contains dapoxetine as the active substance. It is used to treat premature ejaculation (PE) in adult men aged 18 to 64 years. Premature ejaculation is when a man ejaculates with little</p>
<p> sexual stimulation and before the man wants. Vriligy Tablet increases the time it takes to ejaculate and can improve the control over the ejaculation. Take this medicine in the exact dose and duration as prescribed by your doctor. Do not stop taking this medicine on your own. Before starting this medicine, inform your doctor about your complete medical history.</p>",/images/medicines/vriligy-60mg-tablet-258473-1.jpeg | /images/medicines/vriligy-60mg-tablet-258473-2.jpeg,,2856400258473,Dapoxetine Tablet,curapex-indiamart,/catalog/vriligy-60mg-tablet-258473,,,,,,,,,,,,,Vriligy 60mg,,,,,,,,,,,,,,,,,,,,,,,,,,,,,,,,,,,,,,,,,,,,,,,,,,,,,,,,,,,,,,,,,,,,,,,,,,,,,,,,,,,,,,,,,,,,,,,,,,,,,,,,,,,,,,,,,,,,,,,,,,,60 mg,,,,,,,,,,,,,,,,,,,,,,,,For the treatment of premature ejaculation,,,,,,
yasmin-1-mg-tablet-246188,Yasmin 1 Mg Tablet,Tablets,Ethinyl Estradiol (0.03mg) + Drospirenone (3mg),,10 mg,,,Contact seller (Stripe),₹ 88 / Stripe,"Yasmin is a contraceptive pill and is used to prevent pregnancy. Each film-coated light yellow tablet contains a small amount of two different female hormones, namely drospirenone and ethinylestradiol. Contraceptive pills that contain two hormones are called �combination� pills.",/images/medicines/yasmin-1-mg-tablet-246188-1.jpg | /images/medicines/yasmin-1-mg-tablet-246188-2.jpg,,2853909246188,Birth Control Pills,curapex-indiamart,/catalog/yasmin-1-mg-tablet-246188,,,,,,,,,,,,,,,,,,,,,,,,,,,,,,Made in India,,,,,,,,,,,,,,,,,,,,,,,,,,Tablet,,,,,,,,,,,,,,,,,,,,,,,,,,,,,,,,,,,,,,,,,,,,,,,,,,,,,,,,,,,,,,,,,,,,,,,,,,,,,,,,10 mg,,,,,,,,,,,,,Treatment of irregular periods,,,,,,,,,,Hospital,,,,,,,
zopiclone-10-mg-tablet-381148,"Zopiclone 10 Mg Tablet, For Personal",Tablets,Zopiclone Tablet,,10 mg,Zopisign 10mg,Packaging Size: 10*10 Tablets,Contact seller (Box),"₹ 1,000 / Box","Zopiclone 10 Mg Tablet is used in the treatment of insomnia.How Zopiclone worksZopiclone is a nonbenzodiazepine hypnotic. It has hypnotic and anxiolytic properties. It works by regulating the GABA receptor, thus relaxes the nerves and brain. This is how it helps you to fall asleep.Common side effects of ZopicloneTaste change, Drowsiness, Headache, Fatigue, Xerostomia<br />",/images/medicines/zopiclone-10-mg-tablet-381148-1.jpeg | /images/medicines/zopiclone-10-mg-tablet-381148-2.jpeg | /images/medicines/zopiclone-10-mg-tablet-381148-3.jpeg | /images/medicines/zopiclone-10-mg-tablet-381148-4.jpg,,2852124381148,Zopiclone Tablets,curapex-indiamart,/catalog/zopiclone-10-mg-tablet-381148,,,,,,,,,,,,,Zopisign 10mg,,,,,,,,,,,,,,,,,Made in India,,,,,,,,,,,,,,,,,,,,,,,,,,,,,,,,,,,,,,,,,,HAB Pharmaceutical,,,,,,,,,,,,,,,,,,,,,,,,,,,,,,,,Non prescription,,,,,,,,,,,,,,,,,,,,,,24 months,,,,,,,,,,10 mg,,,,,,,,,,,,,Treatment of insomnia,,,,,,,,,,Personal,,,,,,,
zopiclone-7-5mg-tablet-378555,"Zopiclone 7.5mg Tablet, For Personal",Tablets,Zopiclone Tablet,,7.5 mg,Zop,Packaging Size: 10*14 Tablets,Contact seller (Stripe),"₹ 1,500 / Stripe","Zopiclone 7.5mg Tablet is used in the treatment of insomnia.How Zopiclone worksZopiclone is a nonbenzodiazepine hypnotic. It has hypnotic and anxiolytic properties. It works by regulating the GABA receptor, thus relaxes the nerves and brain. This is how it helps you to fall asleep.Common side effects of ZopicloneTaste change, Drowsiness, Headache, Fatigue, Xerostomia<br />",/images/medicines/zopiclone-7-5mg-tablet-378555-1.jpeg | /images/medicines/zopiclone-7-5mg-tablet-378555-2.jpeg | /images/medicines/zopiclone-7-5mg-tablet-378555-3.jpg | /images/medicines/zopiclone-7-5mg-tablet-378555-4.jpg,,2852124378555,Zopiclone Tablets,curapex-indiamart,/catalog/zopiclone-7-5mg-tablet-378555,,,,,,,,,,,,,Zop,,,,,,,,,,,,,,,,,Made in India,,,,,,,,,,,,,,,,,,,,,,,,,,,,,,,,,,,,,,,,,,,,,,,,,,,,,,,,,,,,,,,,,,,,,,,,,,Non prescription,,,,,,,,,,,,,,,,,,,,,,24 months,,,,,,,,,,7.5 mg,,,,,,,,,,,,,Used to treat a sleeping problem called insomnia,,,,,,,,,,Personal,,,,,,,
